{
"type": "FeatureCollection",
"name": "collision_locations",
"crs": { "type": "name", "properties": { "name": "urn:ogc:def:crs:OGC:1.3:CRS84" } },
"features": [
{ "type": "Feature", "properties": { "latitude": 40.608757, "longitude": -74.038086, "collision_count": 887 }, "geometry": { "type": "Point", "coordinates": [ -74.038086, 40.608757 ] } },
{ "type": "Feature", "properties": { "latitude": 40.696033, "longitude": -73.98453, "collision_count": 712 }, "geometry": { "type": "Point", "coordinates": [ -73.98453, 40.696033 ] } },
{ "type": "Feature", "properties": { "latitude": 40.861862, "longitude": -73.91282, "collision_count": 685 }, "geometry": { "type": "Point", "coordinates": [ -73.91282, 40.861862 ] } },
{ "type": "Feature", "properties": { "latitude": 40.8047, "longitude": -73.91243, "collision_count": 597 }, "geometry": { "type": "Point", "coordinates": [ -73.91243, 40.8047 ] } },
{ "type": "Feature", "properties": { "latitude": 40.696035, "longitude": -73.984529, "collision_count": 587 }, "geometry": { "type": "Point", "coordinates": [ -73.984529, 40.696035 ] } },
{ "type": "Feature", "properties": { "latitude": 40.675735, "longitude": -73.89686, "collision_count": 581 }, "geometry": { "type": "Point", "coordinates": [ -73.89686, 40.675735 ] } },
{ "type": "Feature", "properties": { "latitude": 40.658577, "longitude": -73.89063, "collision_count": 527 }, "geometry": { "type": "Point", "coordinates": [ -73.89063, 40.658577 ] } },
{ "type": "Feature", "properties": { "latitude": 40.604153, "longitude": -74.05198, "collision_count": 510 }, "geometry": { "type": "Point", "coordinates": [ -74.05198, 40.604153 ] } },
{ "type": "Feature", "properties": { "latitude": 40.798256, "longitude": -73.82744, "collision_count": 477 }, "geometry": { "type": "Point", "coordinates": [ -73.82744, 40.798256 ] } },
{ "type": "Feature", "properties": { "latitude": 40.760601, "longitude": -73.964314, "collision_count": 474 }, "geometry": { "type": "Point", "coordinates": [ -73.964314, 40.760601 ] } },
{ "type": "Feature", "properties": { "latitude": 40.83801, "longitude": -73.87329, "collision_count": 470 }, "geometry": { "type": "Point", "coordinates": [ -73.87329, 40.83801 ] } },
{ "type": "Feature", "properties": { "latitude": 40.77077, "longitude": -73.91727, "collision_count": 470 }, "geometry": { "type": "Point", "coordinates": [ -73.91727, 40.77077 ] } },
{ "type": "Feature", "properties": { "latitude": 40.704494, "longitude": -73.81743, "collision_count": 469 }, "geometry": { "type": "Point", "coordinates": [ -73.81743, 40.704494 ] } },
{ "type": "Feature", "properties": { "latitude": 40.820305, "longitude": -73.89083, "collision_count": 467 }, "geometry": { "type": "Point", "coordinates": [ -73.89083, 40.820305 ] } },
{ "type": "Feature", "properties": { "latitude": 40.757232, "longitude": -73.989792, "collision_count": 456 }, "geometry": { "type": "Point", "coordinates": [ -73.989792, 40.757232 ] } },
{ "type": "Feature", "properties": { "latitude": 40.69168, "longitude": -73.999344, "collision_count": 452 }, "geometry": { "type": "Point", "coordinates": [ -73.999344, 40.69168 ] } },
{ "type": "Feature", "properties": { "latitude": 40.826275, "longitude": -73.85971, "collision_count": 445 }, "geometry": { "type": "Point", "coordinates": [ -73.85971, 40.826275 ] } },
{ "type": "Feature", "properties": { "latitude": 40.675736, "longitude": -73.896853, "collision_count": 435 }, "geometry": { "type": "Point", "coordinates": [ -73.896853, 40.675736 ] } },
{ "type": "Feature", "properties": { "latitude": 40.71976, "longitude": -73.94476, "collision_count": 428 }, "geometry": { "type": "Point", "coordinates": [ -73.94476, 40.71976 ] } },
{ "type": "Feature", "properties": { "latitude": 40.75898, "longitude": -73.99595, "collision_count": 425 }, "geometry": { "type": "Point", "coordinates": [ -73.99595, 40.75898 ] } },
{ "type": "Feature", "properties": { "latitude": 40.704422, "longitude": -73.99491, "collision_count": 424 }, "geometry": { "type": "Point", "coordinates": [ -73.99491, 40.704422 ] } },
{ "type": "Feature", "properties": { "latitude": 40.658578, "longitude": -73.890623, "collision_count": 418 }, "geometry": { "type": "Point", "coordinates": [ -73.890623, 40.658578 ] } },
{ "type": "Feature", "properties": { "latitude": 40.733536, "longitude": -73.87035, "collision_count": 415 }, "geometry": { "type": "Point", "coordinates": [ -73.87035, 40.733536 ] } },
{ "type": "Feature", "properties": { "latitude": 40.7606, "longitude": -73.96434, "collision_count": 408 }, "geometry": { "type": "Point", "coordinates": [ -73.96434, 40.7606 ] } },
{ "type": "Feature", "properties": { "latitude": 40.816864, "longitude": -73.882744, "collision_count": 407 }, "geometry": { "type": "Point", "coordinates": [ -73.882744, 40.816864 ] } },
{ "type": "Feature", "properties": { "latitude": 40.680016, "longitude": -73.87743, "collision_count": 407 }, "geometry": { "type": "Point", "coordinates": [ -73.87743, 40.680016 ] } },
{ "type": "Feature", "properties": { "latitude": 40.65965, "longitude": -73.773834, "collision_count": 404 }, "geometry": { "type": "Point", "coordinates": [ -73.773834, 40.65965 ] } },
{ "type": "Feature", "properties": { "latitude": 40.84519, "longitude": -73.9112, "collision_count": 403 }, "geometry": { "type": "Point", "coordinates": [ -73.9112, 40.84519 ] } },
{ "type": "Feature", "properties": { "latitude": 40.651863, "longitude": -73.86536, "collision_count": 393 }, "geometry": { "type": "Point", "coordinates": [ -73.86536, 40.651863 ] } },
{ "type": "Feature", "properties": { "latitude": 40.67619, "longitude": -73.9081, "collision_count": 392 }, "geometry": { "type": "Point", "coordinates": [ -73.9081, 40.67619 ] } },
{ "type": "Feature", "properties": { "latitude": 40.848118, "longitude": -73.93089, "collision_count": 391 }, "geometry": { "type": "Point", "coordinates": [ -73.93089, 40.848118 ] } },
{ "type": "Feature", "properties": { "latitude": 40.64254, "longitude": -73.87652, "collision_count": 386 }, "geometry": { "type": "Point", "coordinates": [ -73.87652, 40.64254 ] } },
{ "type": "Feature", "properties": { "latitude": 40.65616, "longitude": -73.76736, "collision_count": 373 }, "geometry": { "type": "Point", "coordinates": [ -73.76736, 40.65616 ] } },
{ "type": "Feature", "properties": { "latitude": 40.737682, "longitude": -73.85206, "collision_count": 373 }, "geometry": { "type": "Point", "coordinates": [ -73.85206, 40.737682 ] } },
{ "type": "Feature", "properties": { "latitude": 40.720321, "longitude": -73.99404, "collision_count": 370 }, "geometry": { "type": "Point", "coordinates": [ -73.99404, 40.720321 ] } },
{ "type": "Feature", "properties": { "latitude": 40.67816, "longitude": -73.897484, "collision_count": 370 }, "geometry": { "type": "Point", "coordinates": [ -73.897484, 40.67816 ] } },
{ "type": "Feature", "properties": { "latitude": 40.668495, "longitude": -73.925606, "collision_count": 370 }, "geometry": { "type": "Point", "coordinates": [ -73.925606, 40.668495 ] } },
{ "type": "Feature", "properties": { "latitude": 40.759514, "longitude": -73.99926, "collision_count": 363 }, "geometry": { "type": "Point", "coordinates": [ -73.99926, 40.759514 ] } },
{ "type": "Feature", "properties": { "latitude": 40.84506, "longitude": -73.916855, "collision_count": 362 }, "geometry": { "type": "Point", "coordinates": [ -73.916855, 40.84506 ] } },
{ "type": "Feature", "properties": { "latitude": 40.760822, "longitude": -73.99832, "collision_count": 360 }, "geometry": { "type": "Point", "coordinates": [ -73.99832, 40.760822 ] } },
{ "type": "Feature", "properties": { "latitude": 40.878643, "longitude": -73.871605, "collision_count": 358 }, "geometry": { "type": "Point", "coordinates": [ -73.871605, 40.878643 ] } },
{ "type": "Feature", "properties": { "latitude": 40.76155, "longitude": -73.96659, "collision_count": 355 }, "geometry": { "type": "Point", "coordinates": [ -73.96659, 40.76155 ] } },
{ "type": "Feature", "properties": { "latitude": 40.733497, "longitude": -73.870369, "collision_count": 355 }, "geometry": { "type": "Point", "coordinates": [ -73.870369, 40.733497 ] } },
{ "type": "Feature", "properties": { "latitude": 40.760223, "longitude": -73.967462, "collision_count": 353 }, "geometry": { "type": "Point", "coordinates": [ -73.967462, 40.760223 ] } },
{ "type": "Feature", "properties": { "latitude": 40.758429, "longitude": -73.992633, "collision_count": 351 }, "geometry": { "type": "Point", "coordinates": [ -73.992633, 40.758429 ] } },
{ "type": "Feature", "properties": { "latitude": 40.783245, "longitude": -73.94473, "collision_count": 350 }, "geometry": { "type": "Point", "coordinates": [ -73.94473, 40.783245 ] } },
{ "type": "Feature", "properties": { "latitude": 40.737785, "longitude": -73.93496, "collision_count": 347 }, "geometry": { "type": "Point", "coordinates": [ -73.93496, 40.737785 ] } },
{ "type": "Feature", "properties": { "latitude": 40.750991, "longitude": -73.990623, "collision_count": 347 }, "geometry": { "type": "Point", "coordinates": [ -73.990623, 40.750991 ] } },
{ "type": "Feature", "properties": { "latitude": 40.82325, "longitude": -73.88277, "collision_count": 345 }, "geometry": { "type": "Point", "coordinates": [ -73.88277, 40.82325 ] } },
{ "type": "Feature", "properties": { "latitude": 40.810053, "longitude": -73.925144, "collision_count": 343 }, "geometry": { "type": "Point", "coordinates": [ -73.925144, 40.810053 ] } },
{ "type": "Feature", "properties": { "latitude": 40.79522, "longitude": -73.921524, "collision_count": 343 }, "geometry": { "type": "Point", "coordinates": [ -73.921524, 40.79522 ] } },
{ "type": "Feature", "properties": { "latitude": 40.666233, "longitude": -73.761, "collision_count": 340 }, "geometry": { "type": "Point", "coordinates": [ -73.761, 40.666233 ] } },
{ "type": "Feature", "properties": { "latitude": 40.761234, "longitude": -73.96389, "collision_count": 340 }, "geometry": { "type": "Point", "coordinates": [ -73.96389, 40.761234 ] } },
{ "type": "Feature", "properties": { "latitude": 40.724136, "longitude": -73.992615, "collision_count": 338 }, "geometry": { "type": "Point", "coordinates": [ -73.992615, 40.724136 ] } },
{ "type": "Feature", "properties": { "latitude": 40.677654, "longitude": -73.82866, "collision_count": 334 }, "geometry": { "type": "Point", "coordinates": [ -73.82866, 40.677654 ] } },
{ "type": "Feature", "properties": { "latitude": 40.820189, "longitude": -73.890675, "collision_count": 334 }, "geometry": { "type": "Point", "coordinates": [ -73.890675, 40.820189 ] } },
{ "type": "Feature", "properties": { "latitude": 40.759527, "longitude": -73.999242, "collision_count": 334 }, "geometry": { "type": "Point", "coordinates": [ -73.999242, 40.759527 ] } },
{ "type": "Feature", "properties": { "latitude": 40.66612, "longitude": -73.82225, "collision_count": 333 }, "geometry": { "type": "Point", "coordinates": [ -73.82225, 40.66612 ] } },
{ "type": "Feature", "properties": { "latitude": 40.759308, "longitude": -73.965293, "collision_count": 332 }, "geometry": { "type": "Point", "coordinates": [ -73.965293, 40.759308 ] } },
{ "type": "Feature", "properties": { "latitude": 40.7681, "longitude": -73.90512, "collision_count": 330 }, "geometry": { "type": "Point", "coordinates": [ -73.90512, 40.7681 ] } },
{ "type": "Feature", "properties": { "latitude": 40.72032, "longitude": -73.99404, "collision_count": 330 }, "geometry": { "type": "Point", "coordinates": [ -73.99404, 40.72032 ] } },
{ "type": "Feature", "properties": { "latitude": 40.667114, "longitude": -73.834656, "collision_count": 328 }, "geometry": { "type": "Point", "coordinates": [ -73.834656, 40.667114 ] } },
{ "type": "Feature", "properties": { "latitude": 40.667236, "longitude": -73.770004, "collision_count": 328 }, "geometry": { "type": "Point", "coordinates": [ -73.770004, 40.667236 ] } },
{ "type": "Feature", "properties": { "latitude": 40.60567, "longitude": -74.030945, "collision_count": 328 }, "geometry": { "type": "Point", "coordinates": [ -74.030945, 40.60567 ] } },
{ "type": "Feature", "properties": { "latitude": 40.75455, "longitude": -73.74317, "collision_count": 328 }, "geometry": { "type": "Point", "coordinates": [ -73.74317, 40.75455 ] } },
{ "type": "Feature", "properties": { "latitude": 40.696198, "longitude": -73.98869, "collision_count": 327 }, "geometry": { "type": "Point", "coordinates": [ -73.98869, 40.696198 ] } },
{ "type": "Feature", "properties": { "latitude": 40.668797, "longitude": -73.93113, "collision_count": 327 }, "geometry": { "type": "Point", "coordinates": [ -73.93113, 40.668797 ] } },
{ "type": "Feature", "properties": { "latitude": 40.724136, "longitude": -73.992604, "collision_count": 325 }, "geometry": { "type": "Point", "coordinates": [ -73.992604, 40.724136 ] } },
{ "type": "Feature", "properties": { "latitude": 40.857129, "longitude": -73.880793, "collision_count": 325 }, "geometry": { "type": "Point", "coordinates": [ -73.880793, 40.857129 ] } },
{ "type": "Feature", "properties": { "latitude": 40.68405, "longitude": -73.97746, "collision_count": 324 }, "geometry": { "type": "Point", "coordinates": [ -73.97746, 40.68405 ] } },
{ "type": "Feature", "properties": { "latitude": 40.746078, "longitude": -73.974936, "collision_count": 322 }, "geometry": { "type": "Point", "coordinates": [ -73.974936, 40.746078 ] } },
{ "type": "Feature", "properties": { "latitude": 40.60981, "longitude": -73.92251, "collision_count": 322 }, "geometry": { "type": "Point", "coordinates": [ -73.92251, 40.60981 ] } },
{ "type": "Feature", "properties": { "latitude": 40.669476, "longitude": -73.919975, "collision_count": 319 }, "geometry": { "type": "Point", "coordinates": [ -73.919975, 40.669476 ] } },
{ "type": "Feature", "properties": { "latitude": 40.756035, "longitude": -73.986948, "collision_count": 318 }, "geometry": { "type": "Point", "coordinates": [ -73.986948, 40.756035 ] } },
{ "type": "Feature", "properties": { "latitude": 40.72545, "longitude": -73.837776, "collision_count": 316 }, "geometry": { "type": "Point", "coordinates": [ -73.837776, 40.72545 ] } },
{ "type": "Feature", "properties": { "latitude": 40.783248, "longitude": -73.944723, "collision_count": 314 }, "geometry": { "type": "Point", "coordinates": [ -73.944723, 40.783248 ] } },
{ "type": "Feature", "properties": { "latitude": 40.83609, "longitude": -73.87039, "collision_count": 313 }, "geometry": { "type": "Point", "coordinates": [ -73.87039, 40.83609 ] } },
{ "type": "Feature", "properties": { "latitude": 40.895374, "longitude": -73.86356, "collision_count": 313 }, "geometry": { "type": "Point", "coordinates": [ -73.86356, 40.895374 ] } },
{ "type": "Feature", "properties": { "latitude": 40.761551, "longitude": -73.966584, "collision_count": 312 }, "geometry": { "type": "Point", "coordinates": [ -73.966584, 40.761551 ] } },
{ "type": "Feature", "properties": { "latitude": 40.66496, "longitude": -73.82226, "collision_count": 312 }, "geometry": { "type": "Point", "coordinates": [ -73.82226, 40.66496 ] } },
{ "type": "Feature", "properties": { "latitude": 40.75548, "longitude": -73.74173, "collision_count": 312 }, "geometry": { "type": "Point", "coordinates": [ -73.74173, 40.75548 ] } },
{ "type": "Feature", "properties": { "latitude": 40.652893, "longitude": -73.866731, "collision_count": 307 }, "geometry": { "type": "Point", "coordinates": [ -73.866731, 40.652893 ] } },
{ "type": "Feature", "properties": { "latitude": 40.63082, "longitude": -73.88636, "collision_count": 304 }, "geometry": { "type": "Point", "coordinates": [ -73.88636, 40.63082 ] } },
{ "type": "Feature", "properties": { "latitude": 40.680015, "longitude": -73.877428, "collision_count": 303 }, "geometry": { "type": "Point", "coordinates": [ -73.877428, 40.680015 ] } },
{ "type": "Feature", "properties": { "latitude": 40.691536, "longitude": -73.99912, "collision_count": 302 }, "geometry": { "type": "Point", "coordinates": [ -73.99912, 40.691536 ] } },
{ "type": "Feature", "properties": { "latitude": 40.711033, "longitude": -73.7281, "collision_count": 301 }, "geometry": { "type": "Point", "coordinates": [ -73.7281, 40.711033 ] } },
{ "type": "Feature", "properties": { "latitude": 40.74608, "longitude": -73.974945, "collision_count": 300 }, "geometry": { "type": "Point", "coordinates": [ -73.974945, 40.74608 ] } },
{ "type": "Feature", "properties": { "latitude": 40.69993, "longitude": -73.96188, "collision_count": 299 }, "geometry": { "type": "Point", "coordinates": [ -73.96188, 40.69993 ] } },
{ "type": "Feature", "properties": { "latitude": 40.74478, "longitude": -73.975882, "collision_count": 299 }, "geometry": { "type": "Point", "coordinates": [ -73.975882, 40.74478 ] } },
{ "type": "Feature", "properties": { "latitude": 40.838012, "longitude": -73.87328, "collision_count": 298 }, "geometry": { "type": "Point", "coordinates": [ -73.87328, 40.838012 ] } },
{ "type": "Feature", "properties": { "latitude": 40.70145, "longitude": -73.989624, "collision_count": 296 }, "geometry": { "type": "Point", "coordinates": [ -73.989624, 40.70145 ] } },
{ "type": "Feature", "properties": { "latitude": 40.747627, "longitude": -73.976746, "collision_count": 296 }, "geometry": { "type": "Point", "coordinates": [ -73.976746, 40.747627 ] } },
{ "type": "Feature", "properties": { "latitude": 40.67619, "longitude": -73.90809, "collision_count": 296 }, "geometry": { "type": "Point", "coordinates": [ -73.90809, 40.67619 ] } },
{ "type": "Feature", "properties": { "latitude": 40.69365, "longitude": -73.98333, "collision_count": 295 }, "geometry": { "type": "Point", "coordinates": [ -73.98333, 40.69365 ] } },
{ "type": "Feature", "properties": { "latitude": 40.668648, "longitude": -73.92835, "collision_count": 294 }, "geometry": { "type": "Point", "coordinates": [ -73.92835, 40.668648 ] } },
{ "type": "Feature", "properties": { "latitude": 40.678722, "longitude": -73.952995, "collision_count": 293 }, "geometry": { "type": "Point", "coordinates": [ -73.952995, 40.678722 ] } },
{ "type": "Feature", "properties": { "latitude": 40.63396, "longitude": -74.01476, "collision_count": 293 }, "geometry": { "type": "Point", "coordinates": [ -74.01476, 40.63396 ] } },
{ "type": "Feature", "properties": { "latitude": 40.748924, "longitude": -73.937386, "collision_count": 293 }, "geometry": { "type": "Point", "coordinates": [ -73.937386, 40.748924 ] } },
{ "type": "Feature", "properties": { "latitude": 40.754841, "longitude": -73.984119, "collision_count": 292 }, "geometry": { "type": "Point", "coordinates": [ -73.984119, 40.754841 ] } },
{ "type": "Feature", "properties": { "latitude": 40.802752, "longitude": -73.933575, "collision_count": 291 }, "geometry": { "type": "Point", "coordinates": [ -73.933575, 40.802752 ] } },
{ "type": "Feature", "properties": { "latitude": 40.66895, "longitude": -73.9339, "collision_count": 290 }, "geometry": { "type": "Point", "coordinates": [ -73.9339, 40.66895 ] } },
{ "type": "Feature", "properties": { "latitude": 40.678163, "longitude": -73.897477, "collision_count": 288 }, "geometry": { "type": "Point", "coordinates": [ -73.897477, 40.678163 ] } },
{ "type": "Feature", "properties": { "latitude": 40.73715, "longitude": -73.930824, "collision_count": 287 }, "geometry": { "type": "Point", "coordinates": [ -73.930824, 40.73715 ] } },
{ "type": "Feature", "properties": { "latitude": 40.702614, "longitude": -73.96058, "collision_count": 287 }, "geometry": { "type": "Point", "coordinates": [ -73.96058, 40.702614 ] } },
{ "type": "Feature", "properties": { "latitude": 40.749283, "longitude": -73.756645, "collision_count": 286 }, "geometry": { "type": "Point", "coordinates": [ -73.756645, 40.749283 ] } },
{ "type": "Feature", "properties": { "latitude": 40.76311, "longitude": -73.962524, "collision_count": 286 }, "geometry": { "type": "Point", "coordinates": [ -73.962524, 40.76311 ] } },
{ "type": "Feature", "properties": { "latitude": 40.651974, "longitude": -73.86542, "collision_count": 285 }, "geometry": { "type": "Point", "coordinates": [ -73.86542, 40.651974 ] } },
{ "type": "Feature", "properties": { "latitude": 40.750294, "longitude": -73.994843, "collision_count": 284 }, "geometry": { "type": "Point", "coordinates": [ -73.994843, 40.750294 ] } },
{ "type": "Feature", "properties": { "latitude": 40.719396, "longitude": -74.001883, "collision_count": 284 }, "geometry": { "type": "Point", "coordinates": [ -74.001883, 40.719396 ] } },
{ "type": "Feature", "properties": { "latitude": 40.663183, "longitude": -73.962449, "collision_count": 284 }, "geometry": { "type": "Point", "coordinates": [ -73.962449, 40.663183 ] } },
{ "type": "Feature", "properties": { "latitude": 40.666695, "longitude": -73.767136, "collision_count": 284 }, "geometry": { "type": "Point", "coordinates": [ -73.767136, 40.666695 ] } },
{ "type": "Feature", "properties": { "latitude": 40.668798, "longitude": -73.93112, "collision_count": 282 }, "geometry": { "type": "Point", "coordinates": [ -73.93112, 40.668798 ] } },
{ "type": "Feature", "properties": { "latitude": 40.673107, "longitude": -73.99959, "collision_count": 282 }, "geometry": { "type": "Point", "coordinates": [ -73.99959, 40.673107 ] } },
{ "type": "Feature", "properties": { "latitude": 40.684053, "longitude": -73.977458, "collision_count": 281 }, "geometry": { "type": "Point", "coordinates": [ -73.977458, 40.684053 ] } },
{ "type": "Feature", "properties": { "latitude": 40.770256, "longitude": -73.91586, "collision_count": 280 }, "geometry": { "type": "Point", "coordinates": [ -73.91586, 40.770256 ] } },
{ "type": "Feature", "properties": { "latitude": 40.676342, "longitude": -73.910934, "collision_count": 280 }, "geometry": { "type": "Point", "coordinates": [ -73.910934, 40.676342 ] } },
{ "type": "Feature", "properties": { "latitude": 40.74947, "longitude": -73.7564, "collision_count": 280 }, "geometry": { "type": "Point", "coordinates": [ -73.7564, 40.74947 ] } },
{ "type": "Feature", "properties": { "latitude": 40.768875, "longitude": -73.94898, "collision_count": 279 }, "geometry": { "type": "Point", "coordinates": [ -73.94898, 40.768875 ] } },
{ "type": "Feature", "properties": { "latitude": 40.84543, "longitude": -73.91399, "collision_count": 279 }, "geometry": { "type": "Point", "coordinates": [ -73.91399, 40.84543 ] } },
{ "type": "Feature", "properties": { "latitude": 40.759624, "longitude": -73.99548, "collision_count": 279 }, "geometry": { "type": "Point", "coordinates": [ -73.99548, 40.759624 ] } },
{ "type": "Feature", "properties": { "latitude": 40.861864, "longitude": -73.912739, "collision_count": 278 }, "geometry": { "type": "Point", "coordinates": [ -73.912739, 40.861864 ] } },
{ "type": "Feature", "properties": { "latitude": 40.844917, "longitude": -73.926384, "collision_count": 278 }, "geometry": { "type": "Point", "coordinates": [ -73.926384, 40.844917 ] } },
{ "type": "Feature", "properties": { "latitude": 40.747629, "longitude": -73.976736, "collision_count": 278 }, "geometry": { "type": "Point", "coordinates": [ -73.976736, 40.747629 ] } },
{ "type": "Feature", "properties": { "latitude": 40.696197, "longitude": -73.988763, "collision_count": 278 }, "geometry": { "type": "Point", "coordinates": [ -73.988763, 40.696197 ] } },
{ "type": "Feature", "properties": { "latitude": 40.760823, "longitude": -73.998314, "collision_count": 278 }, "geometry": { "type": "Point", "coordinates": [ -73.998314, 40.760823 ] } },
{ "type": "Feature", "properties": { "latitude": 40.746033, "longitude": -73.93441, "collision_count": 276 }, "geometry": { "type": "Point", "coordinates": [ -73.93441, 40.746033 ] } },
{ "type": "Feature", "properties": { "latitude": 40.802753, "longitude": -73.93358, "collision_count": 276 }, "geometry": { "type": "Point", "coordinates": [ -73.93358, 40.802753 ] } },
{ "type": "Feature", "properties": { "latitude": 40.843994, "longitude": -73.89752, "collision_count": 276 }, "geometry": { "type": "Point", "coordinates": [ -73.89752, 40.843994 ] } },
{ "type": "Feature", "properties": { "latitude": 40.71843, "longitude": -74.000534, "collision_count": 275 }, "geometry": { "type": "Point", "coordinates": [ -74.000534, 40.71843 ] } },
{ "type": "Feature", "properties": { "latitude": 40.87831, "longitude": -73.870155, "collision_count": 274 }, "geometry": { "type": "Point", "coordinates": [ -73.870155, 40.87831 ] } },
{ "type": "Feature", "properties": { "latitude": 40.744644, "longitude": -73.77041, "collision_count": 274 }, "geometry": { "type": "Point", "coordinates": [ -73.77041, 40.744644 ] } },
{ "type": "Feature", "properties": { "latitude": 40.737553, "longitude": -73.85089, "collision_count": 273 }, "geometry": { "type": "Point", "coordinates": [ -73.85089, 40.737553 ] } },
{ "type": "Feature", "properties": { "latitude": 40.8617, "longitude": -73.89139, "collision_count": 272 }, "geometry": { "type": "Point", "coordinates": [ -73.89139, 40.8617 ] } },
{ "type": "Feature", "properties": { "latitude": 40.72773, "longitude": -73.90674, "collision_count": 272 }, "geometry": { "type": "Point", "coordinates": [ -73.90674, 40.72773 ] } },
{ "type": "Feature", "properties": { "latitude": 40.763114, "longitude": -73.962515, "collision_count": 272 }, "geometry": { "type": "Point", "coordinates": [ -73.962515, 40.763114 ] } },
{ "type": "Feature", "properties": { "latitude": 40.763958, "longitude": -73.82814, "collision_count": 272 }, "geometry": { "type": "Point", "coordinates": [ -73.82814, 40.763958 ] } },
{ "type": "Feature", "properties": { "latitude": 40.76465, "longitude": -73.823494, "collision_count": 272 }, "geometry": { "type": "Point", "coordinates": [ -73.823494, 40.76465 ] } },
{ "type": "Feature", "properties": { "latitude": 40.608852, "longitude": -74.15334, "collision_count": 271 }, "geometry": { "type": "Point", "coordinates": [ -74.15334, 40.608852 ] } },
{ "type": "Feature", "properties": { "latitude": 40.69366, "longitude": -73.85217, "collision_count": 270 }, "geometry": { "type": "Point", "coordinates": [ -73.85217, 40.69366 ] } },
{ "type": "Feature", "properties": { "latitude": 40.803593, "longitude": -73.919785, "collision_count": 270 }, "geometry": { "type": "Point", "coordinates": [ -73.919785, 40.803593 ] } },
{ "type": "Feature", "properties": { "latitude": 40.701455, "longitude": -73.98962, "collision_count": 270 }, "geometry": { "type": "Point", "coordinates": [ -73.98962, 40.701455 ] } },
{ "type": "Feature", "properties": { "latitude": 40.718555, "longitude": -73.988205, "collision_count": 269 }, "geometry": { "type": "Point", "coordinates": [ -73.988205, 40.718555 ] } },
{ "type": "Feature", "properties": { "latitude": 40.764323, "longitude": -73.977196, "collision_count": 269 }, "geometry": { "type": "Point", "coordinates": [ -73.977196, 40.764323 ] } },
{ "type": "Feature", "properties": { "latitude": 40.66645, "longitude": -73.75764, "collision_count": 268 }, "geometry": { "type": "Point", "coordinates": [ -73.75764, 40.66645 ] } },
{ "type": "Feature", "properties": { "latitude": 40.63552, "longitude": -74.0167, "collision_count": 268 }, "geometry": { "type": "Point", "coordinates": [ -74.0167, 40.63552 ] } },
{ "type": "Feature", "properties": { "latitude": 40.753788, "longitude": -73.744286, "collision_count": 268 }, "geometry": { "type": "Point", "coordinates": [ -73.744286, 40.753788 ] } },
{ "type": "Feature", "properties": { "latitude": 40.818558, "longitude": -73.92732, "collision_count": 268 }, "geometry": { "type": "Point", "coordinates": [ -73.92732, 40.818558 ] } },
{ "type": "Feature", "properties": { "latitude": 40.678723, "longitude": -73.952987, "collision_count": 267 }, "geometry": { "type": "Point", "coordinates": [ -73.952987, 40.678723 ] } },
{ "type": "Feature", "properties": { "latitude": 40.813746, "longitude": -73.931393, "collision_count": 267 }, "geometry": { "type": "Point", "coordinates": [ -73.931393, 40.813746 ] } },
{ "type": "Feature", "properties": { "latitude": 40.759308, "longitude": -73.9653, "collision_count": 267 }, "geometry": { "type": "Point", "coordinates": [ -73.9653, 40.759308 ] } },
{ "type": "Feature", "properties": { "latitude": 40.70313, "longitude": -73.816795, "collision_count": 267 }, "geometry": { "type": "Point", "coordinates": [ -73.816795, 40.70313 ] } },
{ "type": "Feature", "properties": { "latitude": 40.759626, "longitude": -73.995474, "collision_count": 266 }, "geometry": { "type": "Point", "coordinates": [ -73.995474, 40.759626 ] } },
{ "type": "Feature", "properties": { "latitude": 40.570465, "longitude": -74.10977, "collision_count": 266 }, "geometry": { "type": "Point", "coordinates": [ -74.10977, 40.570465 ] } },
{ "type": "Feature", "properties": { "latitude": 40.71997, "longitude": -73.992905, "collision_count": 264 }, "geometry": { "type": "Point", "coordinates": [ -73.992905, 40.71997 ] } },
{ "type": "Feature", "properties": { "latitude": 40.76229, "longitude": -73.75711, "collision_count": 263 }, "geometry": { "type": "Point", "coordinates": [ -73.75711, 40.76229 ] } },
{ "type": "Feature", "properties": { "latitude": 40.744892, "longitude": -73.77022, "collision_count": 261 }, "geometry": { "type": "Point", "coordinates": [ -73.77022, 40.744892 ] } },
{ "type": "Feature", "properties": { "latitude": 40.725933, "longitude": -73.90073, "collision_count": 261 }, "geometry": { "type": "Point", "coordinates": [ -73.90073, 40.725933 ] } },
{ "type": "Feature", "properties": { "latitude": 40.719973, "longitude": -73.992897, "collision_count": 260 }, "geometry": { "type": "Point", "coordinates": [ -73.992897, 40.719973 ] } },
{ "type": "Feature", "properties": { "latitude": 40.75219, "longitude": -73.993464, "collision_count": 259 }, "geometry": { "type": "Point", "coordinates": [ -73.993464, 40.75219 ] } },
{ "type": "Feature", "properties": { "latitude": 40.86369, "longitude": -73.91707, "collision_count": 259 }, "geometry": { "type": "Point", "coordinates": [ -73.91707, 40.86369 ] } },
{ "type": "Feature", "properties": { "latitude": 40.762025, "longitude": -74.001152, "collision_count": 258 }, "geometry": { "type": "Point", "coordinates": [ -74.001152, 40.762025 ] } },
{ "type": "Feature", "properties": { "latitude": 40.809563, "longitude": -73.92923, "collision_count": 258 }, "geometry": { "type": "Point", "coordinates": [ -73.92923, 40.809563 ] } },
{ "type": "Feature", "properties": { "latitude": 40.756096, "longitude": -73.74655, "collision_count": 258 }, "geometry": { "type": "Point", "coordinates": [ -73.74655, 40.756096 ] } },
{ "type": "Feature", "properties": { "latitude": 40.72225, "longitude": -74.00592, "collision_count": 257 }, "geometry": { "type": "Point", "coordinates": [ -74.00592, 40.72225 ] } },
{ "type": "Feature", "properties": { "latitude": 40.767612, "longitude": -73.950005, "collision_count": 256 }, "geometry": { "type": "Point", "coordinates": [ -73.950005, 40.767612 ] } },
{ "type": "Feature", "properties": { "latitude": 40.663227, "longitude": -73.93159, "collision_count": 256 }, "geometry": { "type": "Point", "coordinates": [ -73.93159, 40.663227 ] } },
{ "type": "Feature", "properties": { "latitude": 40.89466, "longitude": -73.86137, "collision_count": 255 }, "geometry": { "type": "Point", "coordinates": [ -73.86137, 40.89466 ] } },
{ "type": "Feature", "properties": { "latitude": 40.722576, "longitude": -73.94049, "collision_count": 255 }, "geometry": { "type": "Point", "coordinates": [ -73.94049, 40.722576 ] } },
{ "type": "Feature", "properties": { "latitude": 40.69613, "longitude": -73.987114, "collision_count": 253 }, "geometry": { "type": "Point", "coordinates": [ -73.987114, 40.69613 ] } },
{ "type": "Feature", "properties": { "latitude": 40.844105, "longitude": -73.898, "collision_count": 253 }, "geometry": { "type": "Point", "coordinates": [ -73.898, 40.844105 ] } },
{ "type": "Feature", "properties": { "latitude": 40.665257, "longitude": -73.739555, "collision_count": 253 }, "geometry": { "type": "Point", "coordinates": [ -73.739555, 40.665257 ] } },
{ "type": "Feature", "properties": { "latitude": 40.71843, "longitude": -74.00053, "collision_count": 253 }, "geometry": { "type": "Point", "coordinates": [ -74.00053, 40.71843 ] } },
{ "type": "Feature", "properties": { "latitude": 40.758978, "longitude": -73.993936, "collision_count": 253 }, "geometry": { "type": "Point", "coordinates": [ -73.993936, 40.758978 ] } },
{ "type": "Feature", "properties": { "latitude": 40.75829, "longitude": -73.83431, "collision_count": 253 }, "geometry": { "type": "Point", "coordinates": [ -73.83431, 40.75829 ] } },
{ "type": "Feature", "properties": { "latitude": 40.670124, "longitude": -73.95528, "collision_count": 252 }, "geometry": { "type": "Point", "coordinates": [ -73.95528, 40.670124 ] } },
{ "type": "Feature", "properties": { "latitude": 40.700836, "longitude": -73.99495, "collision_count": 252 }, "geometry": { "type": "Point", "coordinates": [ -73.99495, 40.700836 ] } },
{ "type": "Feature", "properties": { "latitude": 40.745727, "longitude": -73.978123, "collision_count": 252 }, "geometry": { "type": "Point", "coordinates": [ -73.978123, 40.745727 ] } },
{ "type": "Feature", "properties": { "latitude": 40.761272, "longitude": -73.95571, "collision_count": 251 }, "geometry": { "type": "Point", "coordinates": [ -73.95571, 40.761272 ] } },
{ "type": "Feature", "properties": { "latitude": 40.760536, "longitude": -73.95836, "collision_count": 251 }, "geometry": { "type": "Point", "coordinates": [ -73.95836, 40.760536 ] } },
{ "type": "Feature", "properties": { "latitude": 40.716194, "longitude": -73.996086, "collision_count": 250 }, "geometry": { "type": "Point", "coordinates": [ -73.996086, 40.716194 ] } },
{ "type": "Feature", "properties": { "latitude": 40.75991, "longitude": -73.95882, "collision_count": 250 }, "geometry": { "type": "Point", "coordinates": [ -73.95882, 40.75991 ] } },
{ "type": "Feature", "properties": { "latitude": 40.868771, "longitude": -73.831733, "collision_count": 249 }, "geometry": { "type": "Point", "coordinates": [ -73.831733, 40.868771 ] } },
{ "type": "Feature", "properties": { "latitude": 40.68993, "longitude": -73.98148, "collision_count": 249 }, "geometry": { "type": "Point", "coordinates": [ -73.98148, 40.68993 ] } },
{ "type": "Feature", "properties": { "latitude": 40.81339, "longitude": -73.956259, "collision_count": 249 }, "geometry": { "type": "Point", "coordinates": [ -73.956259, 40.81339 ] } },
{ "type": "Feature", "properties": { "latitude": 40.689144, "longitude": -73.99071, "collision_count": 249 }, "geometry": { "type": "Point", "coordinates": [ -73.99071, 40.689144 ] } },
{ "type": "Feature", "properties": { "latitude": 40.878645, "longitude": -73.871598, "collision_count": 248 }, "geometry": { "type": "Point", "coordinates": [ -73.871598, 40.878645 ] } },
{ "type": "Feature", "properties": { "latitude": 40.80543, "longitude": -73.92087, "collision_count": 247 }, "geometry": { "type": "Point", "coordinates": [ -73.92087, 40.80543 ] } },
{ "type": "Feature", "properties": { "latitude": 40.667522, "longitude": -73.78063, "collision_count": 247 }, "geometry": { "type": "Point", "coordinates": [ -73.78063, 40.667522 ] } },
{ "type": "Feature", "properties": { "latitude": 40.702595, "longitude": -73.8553, "collision_count": 247 }, "geometry": { "type": "Point", "coordinates": [ -73.8553, 40.702595 ] } },
{ "type": "Feature", "properties": { "latitude": 40.677483, "longitude": -73.93033, "collision_count": 246 }, "geometry": { "type": "Point", "coordinates": [ -73.93033, 40.677483 ] } },
{ "type": "Feature", "properties": { "latitude": 40.704496, "longitude": -73.817418, "collision_count": 246 }, "geometry": { "type": "Point", "coordinates": [ -73.817418, 40.704496 ] } },
{ "type": "Feature", "properties": { "latitude": 40.744778, "longitude": -73.97589, "collision_count": 245 }, "geometry": { "type": "Point", "coordinates": [ -73.97589, 40.744778 ] } },
{ "type": "Feature", "properties": { "latitude": 40.757233, "longitude": -73.9898, "collision_count": 244 }, "geometry": { "type": "Point", "coordinates": [ -73.9898, 40.757233 ] } },
{ "type": "Feature", "properties": { "latitude": 40.750294, "longitude": -73.99485, "collision_count": 244 }, "geometry": { "type": "Point", "coordinates": [ -73.99485, 40.750294 ] } },
{ "type": "Feature", "properties": { "latitude": 40.677413, "longitude": -73.930318, "collision_count": 243 }, "geometry": { "type": "Point", "coordinates": [ -73.930318, 40.677413 ] } },
{ "type": "Feature", "properties": { "latitude": 40.659651, "longitude": -73.773828, "collision_count": 242 }, "geometry": { "type": "Point", "coordinates": [ -73.773828, 40.659651 ] } },
{ "type": "Feature", "properties": { "latitude": 40.719395, "longitude": -74.00189, "collision_count": 242 }, "geometry": { "type": "Point", "coordinates": [ -74.00189, 40.719395 ] } },
{ "type": "Feature", "properties": { "latitude": 40.699955, "longitude": -73.98682, "collision_count": 242 }, "geometry": { "type": "Point", "coordinates": [ -73.98682, 40.699955 ] } },
{ "type": "Feature", "properties": { "latitude": 40.828114, "longitude": -73.93107, "collision_count": 242 }, "geometry": { "type": "Point", "coordinates": [ -73.93107, 40.828114 ] } },
{ "type": "Feature", "properties": { "latitude": 40.7592, "longitude": -73.984619, "collision_count": 242 }, "geometry": { "type": "Point", "coordinates": [ -73.984619, 40.7592 ] } },
{ "type": "Feature", "properties": { "latitude": 40.718556, "longitude": -73.9882, "collision_count": 241 }, "geometry": { "type": "Point", "coordinates": [ -73.9882, 40.718556 ] } },
{ "type": "Feature", "properties": { "latitude": 40.754584, "longitude": -73.999145, "collision_count": 241 }, "geometry": { "type": "Point", "coordinates": [ -73.999145, 40.754584 ] } },
{ "type": "Feature", "properties": { "latitude": 40.862747, "longitude": -73.90494, "collision_count": 240 }, "geometry": { "type": "Point", "coordinates": [ -73.90494, 40.862747 ] } },
{ "type": "Feature", "properties": { "latitude": 40.66552, "longitude": -73.74467, "collision_count": 240 }, "geometry": { "type": "Point", "coordinates": [ -73.74467, 40.66552 ] } },
{ "type": "Feature", "properties": { "latitude": 40.766685, "longitude": -73.892136, "collision_count": 240 }, "geometry": { "type": "Point", "coordinates": [ -73.892136, 40.766685 ] } },
{ "type": "Feature", "properties": { "latitude": 40.758976, "longitude": -73.99394, "collision_count": 240 }, "geometry": { "type": "Point", "coordinates": [ -73.99394, 40.758976 ] } },
{ "type": "Feature", "properties": { "latitude": 40.758981, "longitude": -73.995943, "collision_count": 239 }, "geometry": { "type": "Point", "coordinates": [ -73.995943, 40.758981 ] } },
{ "type": "Feature", "properties": { "latitude": 40.79537, "longitude": -73.921974, "collision_count": 239 }, "geometry": { "type": "Point", "coordinates": [ -73.921974, 40.79537 ] } },
{ "type": "Feature", "properties": { "latitude": 40.70166, "longitude": -73.961464, "collision_count": 239 }, "geometry": { "type": "Point", "coordinates": [ -73.961464, 40.70166 ] } },
{ "type": "Feature", "properties": { "latitude": 40.666405, "longitude": -73.802635, "collision_count": 239 }, "geometry": { "type": "Point", "coordinates": [ -73.802635, 40.666405 ] } },
{ "type": "Feature", "properties": { "latitude": 40.66929, "longitude": -73.842445, "collision_count": 239 }, "geometry": { "type": "Point", "coordinates": [ -73.842445, 40.66929 ] } },
{ "type": "Feature", "properties": { "latitude": 40.828125, "longitude": -73.84105, "collision_count": 238 }, "geometry": { "type": "Point", "coordinates": [ -73.84105, 40.828125 ] } },
{ "type": "Feature", "properties": { "latitude": 40.65473, "longitude": -73.90692, "collision_count": 238 }, "geometry": { "type": "Point", "coordinates": [ -73.90692, 40.65473 ] } },
{ "type": "Feature", "properties": { "latitude": 40.807772, "longitude": -73.945483, "collision_count": 237 }, "geometry": { "type": "Point", "coordinates": [ -73.945483, 40.807772 ] } },
{ "type": "Feature", "properties": { "latitude": 40.813374, "longitude": -73.956276, "collision_count": 237 }, "geometry": { "type": "Point", "coordinates": [ -73.956276, 40.813374 ] } },
{ "type": "Feature", "properties": { "latitude": 40.728947, "longitude": -73.92793, "collision_count": 237 }, "geometry": { "type": "Point", "coordinates": [ -73.92793, 40.728947 ] } },
{ "type": "Feature", "properties": { "latitude": 40.762966, "longitude": -73.973969, "collision_count": 237 }, "geometry": { "type": "Point", "coordinates": [ -73.973969, 40.762966 ] } },
{ "type": "Feature", "properties": { "latitude": 40.737361, "longitude": -73.996839, "collision_count": 236 }, "geometry": { "type": "Point", "coordinates": [ -73.996839, 40.737361 ] } },
{ "type": "Feature", "properties": { "latitude": 40.74291, "longitude": -73.992804, "collision_count": 236 }, "geometry": { "type": "Point", "coordinates": [ -73.992804, 40.74291 ] } },
{ "type": "Feature", "properties": { "latitude": 40.642174, "longitude": -74.02064, "collision_count": 235 }, "geometry": { "type": "Point", "coordinates": [ -74.02064, 40.642174 ] } },
{ "type": "Feature", "properties": { "latitude": 40.754553, "longitude": -73.743165, "collision_count": 235 }, "geometry": { "type": "Point", "coordinates": [ -73.743165, 40.754553 ] } },
{ "type": "Feature", "properties": { "latitude": 40.744465, "longitude": -73.77179, "collision_count": 235 }, "geometry": { "type": "Point", "coordinates": [ -73.77179, 40.744465 ] } },
{ "type": "Feature", "properties": { "latitude": 40.78503, "longitude": -73.94058, "collision_count": 235 }, "geometry": { "type": "Point", "coordinates": [ -73.94058, 40.78503 ] } },
{ "type": "Feature", "properties": { "latitude": 40.875122, "longitude": -73.905174, "collision_count": 235 }, "geometry": { "type": "Point", "coordinates": [ -73.905174, 40.875122 ] } },
{ "type": "Feature", "properties": { "latitude": 40.817387, "longitude": -73.92277, "collision_count": 234 }, "geometry": { "type": "Point", "coordinates": [ -73.92277, 40.817387 ] } },
{ "type": "Feature", "properties": { "latitude": 40.760535, "longitude": -73.958351, "collision_count": 234 }, "geometry": { "type": "Point", "coordinates": [ -73.958351, 40.760535 ] } },
{ "type": "Feature", "properties": { "latitude": 40.738194, "longitude": -73.8492, "collision_count": 234 }, "geometry": { "type": "Point", "coordinates": [ -73.8492, 40.738194 ] } },
{ "type": "Feature", "properties": { "latitude": 40.67308, "longitude": -73.91124, "collision_count": 234 }, "geometry": { "type": "Point", "coordinates": [ -73.91124, 40.67308 ] } },
{ "type": "Feature", "properties": { "latitude": 40.86536, "longitude": -73.87043, "collision_count": 233 }, "geometry": { "type": "Point", "coordinates": [ -73.87043, 40.86536 ] } },
{ "type": "Feature", "properties": { "latitude": 40.695908, "longitude": -73.98322, "collision_count": 232 }, "geometry": { "type": "Point", "coordinates": [ -73.98322, 40.695908 ] } },
{ "type": "Feature", "properties": { "latitude": 40.674934, "longitude": -73.80186, "collision_count": 232 }, "geometry": { "type": "Point", "coordinates": [ -73.80186, 40.674934 ] } },
{ "type": "Feature", "properties": { "latitude": 40.626568, "longitude": -73.970924, "collision_count": 232 }, "geometry": { "type": "Point", "coordinates": [ -73.970924, 40.626568 ] } },
{ "type": "Feature", "properties": { "latitude": 40.633962, "longitude": -74.014754, "collision_count": 232 }, "geometry": { "type": "Point", "coordinates": [ -74.014754, 40.633962 ] } },
{ "type": "Feature", "properties": { "latitude": 40.666306, "longitude": -73.79171, "collision_count": 231 }, "geometry": { "type": "Point", "coordinates": [ -73.79171, 40.666306 ] } },
{ "type": "Feature", "properties": { "latitude": 40.730366, "longitude": -73.91388, "collision_count": 231 }, "geometry": { "type": "Point", "coordinates": [ -73.91388, 40.730366 ] } },
{ "type": "Feature", "properties": { "latitude": 40.668506, "longitude": -73.925605, "collision_count": 231 }, "geometry": { "type": "Point", "coordinates": [ -73.925605, 40.668506 ] } },
{ "type": "Feature", "properties": { "latitude": 40.76161, "longitude": -73.97075, "collision_count": 230 }, "geometry": { "type": "Point", "coordinates": [ -73.97075, 40.76161 ] } },
{ "type": "Feature", "properties": { "latitude": 40.764267, "longitude": -73.722946, "collision_count": 230 }, "geometry": { "type": "Point", "coordinates": [ -73.722946, 40.764267 ] } },
{ "type": "Feature", "properties": { "latitude": 40.753482, "longitude": -73.980889, "collision_count": 230 }, "geometry": { "type": "Point", "coordinates": [ -73.980889, 40.753482 ] } },
{ "type": "Feature", "properties": { "latitude": 40.84812, "longitude": -73.930884, "collision_count": 230 }, "geometry": { "type": "Point", "coordinates": [ -73.930884, 40.84812 ] } },
{ "type": "Feature", "properties": { "latitude": 40.711845, "longitude": -73.859764, "collision_count": 229 }, "geometry": { "type": "Point", "coordinates": [ -73.859764, 40.711845 ] } },
{ "type": "Feature", "properties": { "latitude": 40.65616, "longitude": -73.767353, "collision_count": 229 }, "geometry": { "type": "Point", "coordinates": [ -73.767353, 40.65616 ] } },
{ "type": "Feature", "properties": { "latitude": 40.861701, "longitude": -73.891381, "collision_count": 228 }, "geometry": { "type": "Point", "coordinates": [ -73.891381, 40.861701 ] } },
{ "type": "Feature", "properties": { "latitude": 40.66925, "longitude": -73.93944, "collision_count": 228 }, "geometry": { "type": "Point", "coordinates": [ -73.93944, 40.66925 ] } },
{ "type": "Feature", "properties": { "latitude": 40.861862, "longitude": -73.91275, "collision_count": 228 }, "geometry": { "type": "Point", "coordinates": [ -73.91275, 40.861862 ] } },
{ "type": "Feature", "properties": { "latitude": 40.755951, "longitude": -73.990727, "collision_count": 227 }, "geometry": { "type": "Point", "coordinates": [ -73.990727, 40.755951 ] } },
{ "type": "Feature", "properties": { "latitude": 40.758533, "longitude": -73.988843, "collision_count": 227 }, "geometry": { "type": "Point", "coordinates": [ -73.988843, 40.758533 ] } },
{ "type": "Feature", "properties": { "latitude": 40.758427, "longitude": -73.99264, "collision_count": 226 }, "geometry": { "type": "Point", "coordinates": [ -73.99264, 40.758427 ] } },
{ "type": "Feature", "properties": { "latitude": 40.711845, "longitude": -73.85976, "collision_count": 226 }, "geometry": { "type": "Point", "coordinates": [ -73.85976, 40.711845 ] } },
{ "type": "Feature", "properties": { "latitude": 40.749824, "longitude": -73.972202, "collision_count": 226 }, "geometry": { "type": "Point", "coordinates": [ -73.972202, 40.749824 ] } },
{ "type": "Feature", "properties": { "latitude": 40.719204, "longitude": -73.990364, "collision_count": 225 }, "geometry": { "type": "Point", "coordinates": [ -73.990364, 40.719204 ] } },
{ "type": "Feature", "properties": { "latitude": 40.759983, "longitude": -73.964806, "collision_count": 225 }, "geometry": { "type": "Point", "coordinates": [ -73.964806, 40.759983 ] } },
{ "type": "Feature", "properties": { "latitude": 40.666348, "longitude": -73.76093, "collision_count": 225 }, "geometry": { "type": "Point", "coordinates": [ -73.76093, 40.666348 ] } },
{ "type": "Feature", "properties": { "latitude": 40.704033, "longitude": -73.81711, "collision_count": 225 }, "geometry": { "type": "Point", "coordinates": [ -73.81711, 40.704033 ] } },
{ "type": "Feature", "properties": { "latitude": 40.762676, "longitude": -73.954346, "collision_count": 225 }, "geometry": { "type": "Point", "coordinates": [ -73.954346, 40.762676 ] } },
{ "type": "Feature", "properties": { "latitude": 40.76635, "longitude": -73.88756, "collision_count": 225 }, "geometry": { "type": "Point", "coordinates": [ -73.88756, 40.76635 ] } },
{ "type": "Feature", "properties": { "latitude": 40.811638, "longitude": -73.9316, "collision_count": 225 }, "geometry": { "type": "Point", "coordinates": [ -73.9316, 40.811638 ] } },
{ "type": "Feature", "properties": { "latitude": 40.804066, "longitude": -73.93117, "collision_count": 224 }, "geometry": { "type": "Point", "coordinates": [ -73.93117, 40.804066 ] } },
{ "type": "Feature", "properties": { "latitude": 40.68175, "longitude": -73.96748, "collision_count": 224 }, "geometry": { "type": "Point", "coordinates": [ -73.96748, 40.68175 ] } },
{ "type": "Feature", "properties": { "latitude": 40.821636, "longitude": -73.93909, "collision_count": 224 }, "geometry": { "type": "Point", "coordinates": [ -73.93909, 40.821636 ] } },
{ "type": "Feature", "properties": { "latitude": 40.624171, "longitude": -73.970472, "collision_count": 224 }, "geometry": { "type": "Point", "coordinates": [ -73.970472, 40.624171 ] } },
{ "type": "Feature", "properties": { "latitude": 40.751524, "longitude": -73.993947, "collision_count": 224 }, "geometry": { "type": "Point", "coordinates": [ -73.993947, 40.751524 ] } },
{ "type": "Feature", "properties": { "latitude": 40.61443, "longitude": -74.039566, "collision_count": 223 }, "geometry": { "type": "Point", "coordinates": [ -74.039566, 40.61443 ] } },
{ "type": "Feature", "properties": { "latitude": 40.757828, "longitude": -73.99307, "collision_count": 223 }, "geometry": { "type": "Point", "coordinates": [ -73.99307, 40.757828 ] } },
{ "type": "Feature", "properties": { "latitude": 40.748916, "longitude": -73.937397, "collision_count": 223 }, "geometry": { "type": "Point", "coordinates": [ -73.937397, 40.748916 ] } },
{ "type": "Feature", "properties": { "latitude": 40.723698, "longitude": -74.00792, "collision_count": 223 }, "geometry": { "type": "Point", "coordinates": [ -74.00792, 40.723698 ] } },
{ "type": "Feature", "properties": { "latitude": 40.746035, "longitude": -73.9344, "collision_count": 223 }, "geometry": { "type": "Point", "coordinates": [ -73.9344, 40.746035 ] } },
{ "type": "Feature", "properties": { "latitude": 40.66675, "longitude": -73.779945, "collision_count": 222 }, "geometry": { "type": "Point", "coordinates": [ -73.779945, 40.66675 ] } },
{ "type": "Feature", "properties": { "latitude": 40.751442, "longitude": -73.976049, "collision_count": 222 }, "geometry": { "type": "Point", "coordinates": [ -73.976049, 40.751442 ] } },
{ "type": "Feature", "properties": { "latitude": 40.691433, "longitude": -73.89063, "collision_count": 222 }, "geometry": { "type": "Point", "coordinates": [ -73.89063, 40.691433 ] } },
{ "type": "Feature", "properties": { "latitude": 40.822834, "longitude": -73.941925, "collision_count": 222 }, "geometry": { "type": "Point", "coordinates": [ -73.941925, 40.822834 ] } },
{ "type": "Feature", "properties": { "latitude": 40.757021, "longitude": -74.004927, "collision_count": 221 }, "geometry": { "type": "Point", "coordinates": [ -74.004927, 40.757021 ] } },
{ "type": "Feature", "properties": { "latitude": 40.824432, "longitude": -73.873604, "collision_count": 221 }, "geometry": { "type": "Point", "coordinates": [ -73.873604, 40.824432 ] } },
{ "type": "Feature", "properties": { "latitude": 40.6807, "longitude": -73.844643, "collision_count": 221 }, "geometry": { "type": "Point", "coordinates": [ -73.844643, 40.6807 ] } },
{ "type": "Feature", "properties": { "latitude": 40.86268, "longitude": -73.90905, "collision_count": 221 }, "geometry": { "type": "Point", "coordinates": [ -73.90905, 40.86268 ] } },
{ "type": "Feature", "properties": { "latitude": 40.7549, "longitude": -73.74548, "collision_count": 221 }, "geometry": { "type": "Point", "coordinates": [ -73.74548, 40.7549 ] } },
{ "type": "Feature", "properties": { "latitude": 40.723648, "longitude": -73.99103, "collision_count": 220 }, "geometry": { "type": "Point", "coordinates": [ -73.99103, 40.723648 ] } },
{ "type": "Feature", "properties": { "latitude": 40.718018, "longitude": -73.99996, "collision_count": 220 }, "geometry": { "type": "Point", "coordinates": [ -73.99996, 40.718018 ] } },
{ "type": "Feature", "properties": { "latitude": 40.761234, "longitude": -73.963884, "collision_count": 220 }, "geometry": { "type": "Point", "coordinates": [ -73.963884, 40.761234 ] } },
{ "type": "Feature", "properties": { "latitude": 40.66743, "longitude": -73.76676, "collision_count": 220 }, "geometry": { "type": "Point", "coordinates": [ -73.76676, 40.66743 ] } },
{ "type": "Feature", "properties": { "latitude": 40.764278, "longitude": -73.973016, "collision_count": 220 }, "geometry": { "type": "Point", "coordinates": [ -73.973016, 40.764278 ] } },
{ "type": "Feature", "properties": { "latitude": 40.75458, "longitude": -73.99915, "collision_count": 220 }, "geometry": { "type": "Point", "coordinates": [ -73.99915, 40.75458 ] } },
{ "type": "Feature", "properties": { "latitude": 40.801754, "longitude": -73.93121, "collision_count": 220 }, "geometry": { "type": "Point", "coordinates": [ -73.93121, 40.801754 ] } },
{ "type": "Feature", "properties": { "latitude": 40.711227, "longitude": -73.72826, "collision_count": 219 }, "geometry": { "type": "Point", "coordinates": [ -73.72826, 40.711227 ] } },
{ "type": "Feature", "properties": { "latitude": 40.725432, "longitude": -73.996771, "collision_count": 219 }, "geometry": { "type": "Point", "coordinates": [ -73.996771, 40.725432 ] } },
{ "type": "Feature", "properties": { "latitude": 40.749714, "longitude": -73.93617, "collision_count": 219 }, "geometry": { "type": "Point", "coordinates": [ -73.93617, 40.749714 ] } },
{ "type": "Feature", "properties": { "latitude": 40.719762, "longitude": -73.944758, "collision_count": 218 }, "geometry": { "type": "Point", "coordinates": [ -73.944758, 40.719762 ] } },
{ "type": "Feature", "properties": { "latitude": 40.72255, "longitude": -74.006299, "collision_count": 218 }, "geometry": { "type": "Point", "coordinates": [ -74.006299, 40.72255 ] } },
{ "type": "Feature", "properties": { "latitude": 40.745148, "longitude": -73.93348, "collision_count": 218 }, "geometry": { "type": "Point", "coordinates": [ -73.93348, 40.745148 ] } },
{ "type": "Feature", "properties": { "latitude": 40.749825, "longitude": -73.972206, "collision_count": 218 }, "geometry": { "type": "Point", "coordinates": [ -73.972206, 40.749825 ] } },
{ "type": "Feature", "properties": { "latitude": 40.71918, "longitude": -73.99029, "collision_count": 218 }, "geometry": { "type": "Point", "coordinates": [ -73.99029, 40.71918 ] } },
{ "type": "Feature", "properties": { "latitude": 40.736005, "longitude": -73.993617, "collision_count": 218 }, "geometry": { "type": "Point", "coordinates": [ -73.993617, 40.736005 ] } },
{ "type": "Feature", "properties": { "latitude": 40.608223, "longitude": -74.1294, "collision_count": 217 }, "geometry": { "type": "Point", "coordinates": [ -74.1294, 40.608223 ] } },
{ "type": "Feature", "properties": { "latitude": 40.68892, "longitude": -73.99915, "collision_count": 217 }, "geometry": { "type": "Point", "coordinates": [ -73.99915, 40.68892 ] } },
{ "type": "Feature", "properties": { "latitude": 40.853813, "longitude": -73.90734, "collision_count": 217 }, "geometry": { "type": "Point", "coordinates": [ -73.90734, 40.853813 ] } },
{ "type": "Feature", "properties": { "latitude": 40.77039, "longitude": -73.91771, "collision_count": 217 }, "geometry": { "type": "Point", "coordinates": [ -73.91771, 40.77039 ] } },
{ "type": "Feature", "properties": { "latitude": 40.761486, "longitude": -73.96062, "collision_count": 216 }, "geometry": { "type": "Point", "coordinates": [ -73.96062, 40.761486 ] } },
{ "type": "Feature", "properties": { "latitude": 40.815845, "longitude": -73.89544, "collision_count": 216 }, "geometry": { "type": "Point", "coordinates": [ -73.89544, 40.815845 ] } },
{ "type": "Feature", "properties": { "latitude": 40.828519, "longitude": -73.841179, "collision_count": 216 }, "geometry": { "type": "Point", "coordinates": [ -73.841179, 40.828519 ] } },
{ "type": "Feature", "properties": { "latitude": 40.761856, "longitude": -73.96343, "collision_count": 216 }, "geometry": { "type": "Point", "coordinates": [ -73.96343, 40.761856 ] } },
{ "type": "Feature", "properties": { "latitude": 40.62418, "longitude": -73.97048, "collision_count": 216 }, "geometry": { "type": "Point", "coordinates": [ -73.97048, 40.62418 ] } },
{ "type": "Feature", "properties": { "latitude": 40.665794, "longitude": -73.7464, "collision_count": 215 }, "geometry": { "type": "Point", "coordinates": [ -73.7464, 40.665794 ] } },
{ "type": "Feature", "properties": { "latitude": 40.67189, "longitude": -73.895874, "collision_count": 215 }, "geometry": { "type": "Point", "coordinates": [ -73.895874, 40.67189 ] } },
{ "type": "Feature", "properties": { "latitude": 40.733292, "longitude": -73.98718, "collision_count": 215 }, "geometry": { "type": "Point", "coordinates": [ -73.98718, 40.733292 ] } },
{ "type": "Feature", "properties": { "latitude": 40.678455, "longitude": -73.949677, "collision_count": 214 }, "geometry": { "type": "Point", "coordinates": [ -73.949677, 40.678455 ] } },
{ "type": "Feature", "properties": { "latitude": 40.684395, "longitude": -73.97835, "collision_count": 214 }, "geometry": { "type": "Point", "coordinates": [ -73.97835, 40.684395 ] } },
{ "type": "Feature", "properties": { "latitude": 40.680665, "longitude": -73.902622, "collision_count": 214 }, "geometry": { "type": "Point", "coordinates": [ -73.902622, 40.680665 ] } },
{ "type": "Feature", "properties": { "latitude": 40.683094, "longitude": -73.80576, "collision_count": 214 }, "geometry": { "type": "Point", "coordinates": [ -73.80576, 40.683094 ] } },
{ "type": "Feature", "properties": { "latitude": 40.76118, "longitude": -73.957903, "collision_count": 214 }, "geometry": { "type": "Point", "coordinates": [ -73.957903, 40.76118 ] } },
{ "type": "Feature", "properties": { "latitude": 40.739751, "longitude": -74.002522, "collision_count": 213 }, "geometry": { "type": "Point", "coordinates": [ -74.002522, 40.739751 ] } },
{ "type": "Feature", "properties": { "latitude": 40.68424, "longitude": -73.846095, "collision_count": 213 }, "geometry": { "type": "Point", "coordinates": [ -73.846095, 40.68424 ] } },
{ "type": "Feature", "properties": { "latitude": 40.85482, "longitude": -73.9112, "collision_count": 213 }, "geometry": { "type": "Point", "coordinates": [ -73.9112, 40.85482 ] } },
{ "type": "Feature", "properties": { "latitude": 40.877068, "longitude": -73.906105, "collision_count": 213 }, "geometry": { "type": "Point", "coordinates": [ -73.906105, 40.877068 ] } },
{ "type": "Feature", "properties": { "latitude": 40.787224, "longitude": -73.95417, "collision_count": 213 }, "geometry": { "type": "Point", "coordinates": [ -73.95417, 40.787224 ] } },
{ "type": "Feature", "properties": { "latitude": 40.84434, "longitude": -73.91475, "collision_count": 212 }, "geometry": { "type": "Point", "coordinates": [ -73.91475, 40.84434 ] } },
{ "type": "Feature", "properties": { "latitude": 40.75484, "longitude": -73.98412, "collision_count": 212 }, "geometry": { "type": "Point", "coordinates": [ -73.98412, 40.75484 ] } },
{ "type": "Feature", "properties": { "latitude": 40.652462, "longitude": -73.92285, "collision_count": 212 }, "geometry": { "type": "Point", "coordinates": [ -73.92285, 40.652462 ] } },
{ "type": "Feature", "properties": { "latitude": 40.651733, "longitude": -73.93039, "collision_count": 211 }, "geometry": { "type": "Point", "coordinates": [ -73.93039, 40.651733 ] } },
{ "type": "Feature", "properties": { "latitude": 40.688904, "longitude": -73.980934, "collision_count": 211 }, "geometry": { "type": "Point", "coordinates": [ -73.980934, 40.688904 ] } },
{ "type": "Feature", "properties": { "latitude": 40.69773, "longitude": -73.81409, "collision_count": 211 }, "geometry": { "type": "Point", "coordinates": [ -73.81409, 40.69773 ] } },
{ "type": "Feature", "properties": { "latitude": 40.862755, "longitude": -73.901085, "collision_count": 211 }, "geometry": { "type": "Point", "coordinates": [ -73.901085, 40.862755 ] } },
{ "type": "Feature", "properties": { "latitude": 40.684423, "longitude": -73.978388, "collision_count": 210 }, "geometry": { "type": "Point", "coordinates": [ -73.978388, 40.684423 ] } },
{ "type": "Feature", "properties": { "latitude": 40.738415, "longitude": -73.84899, "collision_count": 210 }, "geometry": { "type": "Point", "coordinates": [ -73.84899, 40.738415 ] } },
{ "type": "Feature", "properties": { "latitude": 40.757973, "longitude": -73.985536, "collision_count": 210 }, "geometry": { "type": "Point", "coordinates": [ -73.985536, 40.757973 ] } },
{ "type": "Feature", "properties": { "latitude": 40.771305, "longitude": -73.87664, "collision_count": 210 }, "geometry": { "type": "Point", "coordinates": [ -73.87664, 40.771305 ] } },
{ "type": "Feature", "properties": { "latitude": 40.84211, "longitude": -73.82557, "collision_count": 209 }, "geometry": { "type": "Point", "coordinates": [ -73.82557, 40.84211 ] } },
{ "type": "Feature", "properties": { "latitude": 40.736752, "longitude": -73.87767, "collision_count": 209 }, "geometry": { "type": "Point", "coordinates": [ -73.87767, 40.736752 ] } },
{ "type": "Feature", "properties": { "latitude": 40.804376, "longitude": -73.93742, "collision_count": 209 }, "geometry": { "type": "Point", "coordinates": [ -73.93742, 40.804376 ] } },
{ "type": "Feature", "properties": { "latitude": 40.669098, "longitude": -73.93666, "collision_count": 209 }, "geometry": { "type": "Point", "coordinates": [ -73.93666, 40.669098 ] } },
{ "type": "Feature", "properties": { "latitude": 40.825573, "longitude": -73.918465, "collision_count": 209 }, "geometry": { "type": "Point", "coordinates": [ -73.918465, 40.825573 ] } },
{ "type": "Feature", "properties": { "latitude": 40.744733, "longitude": -73.93359, "collision_count": 209 }, "geometry": { "type": "Point", "coordinates": [ -73.93359, 40.744733 ] } },
{ "type": "Feature", "properties": { "latitude": 40.75979, "longitude": -73.987926, "collision_count": 208 }, "geometry": { "type": "Point", "coordinates": [ -73.987926, 40.75979 ] } },
{ "type": "Feature", "properties": { "latitude": 40.642058, "longitude": -74.02042, "collision_count": 208 }, "geometry": { "type": "Point", "coordinates": [ -74.02042, 40.642058 ] } },
{ "type": "Feature", "properties": { "latitude": 40.733376, "longitude": -73.86665, "collision_count": 208 }, "geometry": { "type": "Point", "coordinates": [ -73.86665, 40.733376 ] } },
{ "type": "Feature", "properties": { "latitude": 40.667313, "longitude": -73.73926, "collision_count": 208 }, "geometry": { "type": "Point", "coordinates": [ -73.73926, 40.667313 ] } },
{ "type": "Feature", "properties": { "latitude": 40.66563, "longitude": -73.73921, "collision_count": 208 }, "geometry": { "type": "Point", "coordinates": [ -73.73921, 40.66563 ] } },
{ "type": "Feature", "properties": { "latitude": 40.757828, "longitude": -73.99308, "collision_count": 208 }, "geometry": { "type": "Point", "coordinates": [ -73.99308, 40.757828 ] } },
{ "type": "Feature", "properties": { "latitude": 40.686085, "longitude": -73.982666, "collision_count": 207 }, "geometry": { "type": "Point", "coordinates": [ -73.982666, 40.686085 ] } },
{ "type": "Feature", "properties": { "latitude": 40.752052, "longitude": -74.000984, "collision_count": 207 }, "geometry": { "type": "Point", "coordinates": [ -74.000984, 40.752052 ] } },
{ "type": "Feature", "properties": { "latitude": 40.761173, "longitude": -73.95789, "collision_count": 207 }, "geometry": { "type": "Point", "coordinates": [ -73.95789, 40.761173 ] } },
{ "type": "Feature", "properties": { "latitude": 40.766632, "longitude": -73.889025, "collision_count": 207 }, "geometry": { "type": "Point", "coordinates": [ -73.889025, 40.766632 ] } },
{ "type": "Feature", "properties": { "latitude": 40.58425, "longitude": -73.9638, "collision_count": 207 }, "geometry": { "type": "Point", "coordinates": [ -73.9638, 40.58425 ] } },
{ "type": "Feature", "properties": { "latitude": 40.66955, "longitude": -73.94497, "collision_count": 207 }, "geometry": { "type": "Point", "coordinates": [ -73.94497, 40.66955 ] } },
{ "type": "Feature", "properties": { "latitude": 40.706657, "longitude": -74.015915, "collision_count": 207 }, "geometry": { "type": "Point", "coordinates": [ -74.015915, 40.706657 ] } },
{ "type": "Feature", "properties": { "latitude": 40.69819, "longitude": -73.96191, "collision_count": 206 }, "geometry": { "type": "Point", "coordinates": [ -73.96191, 40.69819 ] } },
{ "type": "Feature", "properties": { "latitude": 40.885952, "longitude": -73.8279, "collision_count": 206 }, "geometry": { "type": "Point", "coordinates": [ -73.8279, 40.885952 ] } },
{ "type": "Feature", "properties": { "latitude": 40.596511, "longitude": -73.907876, "collision_count": 206 }, "geometry": { "type": "Point", "coordinates": [ -73.907876, 40.596511 ] } },
{ "type": "Feature", "properties": { "latitude": 40.722095, "longitude": -73.77772, "collision_count": 206 }, "geometry": { "type": "Point", "coordinates": [ -73.77772, 40.722095 ] } },
{ "type": "Feature", "properties": { "latitude": 40.731351, "longitude": -73.982555, "collision_count": 206 }, "geometry": { "type": "Point", "coordinates": [ -73.982555, 40.731351 ] } },
{ "type": "Feature", "properties": { "latitude": 40.763897, "longitude": -73.95323, "collision_count": 206 }, "geometry": { "type": "Point", "coordinates": [ -73.95323, 40.763897 ] } },
{ "type": "Feature", "properties": { "latitude": 40.7968, "longitude": -73.929375, "collision_count": 206 }, "geometry": { "type": "Point", "coordinates": [ -73.929375, 40.7968 ] } },
{ "type": "Feature", "properties": { "latitude": 40.700737, "longitude": -73.99499, "collision_count": 206 }, "geometry": { "type": "Point", "coordinates": [ -73.99499, 40.700737 ] } },
{ "type": "Feature", "properties": { "latitude": 40.66278, "longitude": -73.88086, "collision_count": 206 }, "geometry": { "type": "Point", "coordinates": [ -73.88086, 40.66278 ] } },
{ "type": "Feature", "properties": { "latitude": 40.69119, "longitude": -73.9978, "collision_count": 205 }, "geometry": { "type": "Point", "coordinates": [ -73.9978, 40.69119 ] } },
{ "type": "Feature", "properties": { "latitude": 40.753475, "longitude": -73.992529, "collision_count": 205 }, "geometry": { "type": "Point", "coordinates": [ -73.992529, 40.753475 ] } },
{ "type": "Feature", "properties": { "latitude": 40.650388, "longitude": -73.958708, "collision_count": 205 }, "geometry": { "type": "Point", "coordinates": [ -73.958708, 40.650388 ] } },
{ "type": "Feature", "properties": { "latitude": 40.82403, "longitude": -73.94476, "collision_count": 205 }, "geometry": { "type": "Point", "coordinates": [ -73.94476, 40.82403 ] } },
{ "type": "Feature", "properties": { "latitude": 40.674397, "longitude": -73.896515, "collision_count": 204 }, "geometry": { "type": "Point", "coordinates": [ -73.896515, 40.674397 ] } },
{ "type": "Feature", "properties": { "latitude": 40.8283, "longitude": -73.88296, "collision_count": 204 }, "geometry": { "type": "Point", "coordinates": [ -73.88296, 40.8283 ] } },
{ "type": "Feature", "properties": { "latitude": 40.86446, "longitude": -73.91895, "collision_count": 204 }, "geometry": { "type": "Point", "coordinates": [ -73.91895, 40.86446 ] } },
{ "type": "Feature", "properties": { "latitude": 40.689933, "longitude": -73.981473, "collision_count": 203 }, "geometry": { "type": "Point", "coordinates": [ -73.981473, 40.689933 ] } },
{ "type": "Feature", "properties": { "latitude": 40.713974, "longitude": -73.953094, "collision_count": 203 }, "geometry": { "type": "Point", "coordinates": [ -73.953094, 40.713974 ] } },
{ "type": "Feature", "properties": { "latitude": 40.817875, "longitude": -73.89333, "collision_count": 203 }, "geometry": { "type": "Point", "coordinates": [ -73.89333, 40.817875 ] } },
{ "type": "Feature", "properties": { "latitude": 40.86804, "longitude": -73.879105, "collision_count": 203 }, "geometry": { "type": "Point", "coordinates": [ -73.879105, 40.86804 ] } },
{ "type": "Feature", "properties": { "latitude": 40.761857, "longitude": -73.963426, "collision_count": 202 }, "geometry": { "type": "Point", "coordinates": [ -73.963426, 40.761857 ] } },
{ "type": "Feature", "properties": { "latitude": 40.693649, "longitude": -73.983322, "collision_count": 202 }, "geometry": { "type": "Point", "coordinates": [ -73.983322, 40.693649 ] } },
{ "type": "Feature", "properties": { "latitude": 40.84518, "longitude": -73.91417, "collision_count": 202 }, "geometry": { "type": "Point", "coordinates": [ -73.91417, 40.84518 ] } },
{ "type": "Feature", "properties": { "latitude": 40.63043, "longitude": -73.88593, "collision_count": 201 }, "geometry": { "type": "Point", "coordinates": [ -73.88593, 40.63043 ] } },
{ "type": "Feature", "properties": { "latitude": 40.759983, "longitude": -73.964802, "collision_count": 201 }, "geometry": { "type": "Point", "coordinates": [ -73.964802, 40.759983 ] } },
{ "type": "Feature", "properties": { "latitude": 40.570467, "longitude": -74.109762, "collision_count": 201 }, "geometry": { "type": "Point", "coordinates": [ -74.109762, 40.570467 ] } },
{ "type": "Feature", "properties": { "latitude": 40.722343, "longitude": -73.77717, "collision_count": 201 }, "geometry": { "type": "Point", "coordinates": [ -73.77717, 40.722343 ] } },
{ "type": "Feature", "properties": { "latitude": 40.748438, "longitude": -73.98456, "collision_count": 201 }, "geometry": { "type": "Point", "coordinates": [ -73.98456, 40.748438 ] } },
{ "type": "Feature", "properties": { "latitude": 40.609985, "longitude": -73.96239, "collision_count": 200 }, "geometry": { "type": "Point", "coordinates": [ -73.96239, 40.609985 ] } },
{ "type": "Feature", "properties": { "latitude": 40.72135, "longitude": -74.00465, "collision_count": 200 }, "geometry": { "type": "Point", "coordinates": [ -74.00465, 40.72135 ] } },
{ "type": "Feature", "properties": { "latitude": 40.761486, "longitude": -73.960599, "collision_count": 200 }, "geometry": { "type": "Point", "coordinates": [ -73.960599, 40.761486 ] } },
{ "type": "Feature", "properties": { "latitude": 40.679737, "longitude": -73.76162, "collision_count": 199 }, "geometry": { "type": "Point", "coordinates": [ -73.76162, 40.679737 ] } },
{ "type": "Feature", "properties": { "latitude": 40.755292, "longitude": -73.994922, "collision_count": 199 }, "geometry": { "type": "Point", "coordinates": [ -73.994922, 40.755292 ] } },
{ "type": "Feature", "properties": { "latitude": 40.586117, "longitude": -73.93604, "collision_count": 199 }, "geometry": { "type": "Point", "coordinates": [ -73.93604, 40.586117 ] } },
{ "type": "Feature", "properties": { "latitude": 40.76432, "longitude": -73.9772, "collision_count": 199 }, "geometry": { "type": "Point", "coordinates": [ -73.9772, 40.76432 ] } },
{ "type": "Feature", "properties": { "latitude": 40.666697, "longitude": -73.767128, "collision_count": 199 }, "geometry": { "type": "Point", "coordinates": [ -73.767128, 40.666697 ] } },
{ "type": "Feature", "properties": { "latitude": 40.654739, "longitude": -73.906923, "collision_count": 199 }, "geometry": { "type": "Point", "coordinates": [ -73.906923, 40.654739 ] } },
{ "type": "Feature", "properties": { "latitude": 40.80777, "longitude": -73.94549, "collision_count": 199 }, "geometry": { "type": "Point", "coordinates": [ -73.94549, 40.80777 ] } },
{ "type": "Feature", "properties": { "latitude": 40.666893, "longitude": -73.80546, "collision_count": 198 }, "geometry": { "type": "Point", "coordinates": [ -73.80546, 40.666893 ] } },
{ "type": "Feature", "properties": { "latitude": 40.678364, "longitude": -73.77949, "collision_count": 198 }, "geometry": { "type": "Point", "coordinates": [ -73.77949, 40.678364 ] } },
{ "type": "Feature", "properties": { "latitude": 40.738831, "longitude": -73.983148, "collision_count": 198 }, "geometry": { "type": "Point", "coordinates": [ -73.983148, 40.738831 ] } },
{ "type": "Feature", "properties": { "latitude": 40.713135, "longitude": -74.00407, "collision_count": 198 }, "geometry": { "type": "Point", "coordinates": [ -74.00407, 40.713135 ] } },
{ "type": "Feature", "properties": { "latitude": 40.75578, "longitude": -74.00199, "collision_count": 198 }, "geometry": { "type": "Point", "coordinates": [ -74.00199, 40.75578 ] } },
{ "type": "Feature", "properties": { "latitude": 40.767917, "longitude": -73.985715, "collision_count": 198 }, "geometry": { "type": "Point", "coordinates": [ -73.985715, 40.767917 ] } },
{ "type": "Feature", "properties": { "latitude": 40.762488, "longitude": -73.962974, "collision_count": 198 }, "geometry": { "type": "Point", "coordinates": [ -73.962974, 40.762488 ] } },
{ "type": "Feature", "properties": { "latitude": 40.815691, "longitude": -73.958295, "collision_count": 198 }, "geometry": { "type": "Point", "coordinates": [ -73.958295, 40.815691 ] } },
{ "type": "Feature", "properties": { "latitude": 40.717724, "longitude": -73.985765, "collision_count": 198 }, "geometry": { "type": "Point", "coordinates": [ -73.985765, 40.717724 ] } },
{ "type": "Feature", "properties": { "latitude": 40.846657, "longitude": -73.89619, "collision_count": 198 }, "geometry": { "type": "Point", "coordinates": [ -73.89619, 40.846657 ] } },
{ "type": "Feature", "properties": { "latitude": 40.71444, "longitude": -73.83127, "collision_count": 198 }, "geometry": { "type": "Point", "coordinates": [ -73.83127, 40.71444 ] } },
{ "type": "Feature", "properties": { "latitude": 40.766715, "longitude": -73.982878, "collision_count": 198 }, "geometry": { "type": "Point", "coordinates": [ -73.982878, 40.766715 ] } },
{ "type": "Feature", "properties": { "latitude": 40.74473, "longitude": -73.93359, "collision_count": 197 }, "geometry": { "type": "Point", "coordinates": [ -73.93359, 40.74473 ] } },
{ "type": "Feature", "properties": { "latitude": 40.681769, "longitude": -73.967533, "collision_count": 197 }, "geometry": { "type": "Point", "coordinates": [ -73.967533, 40.681769 ] } },
{ "type": "Feature", "properties": { "latitude": 40.738552, "longitude": -73.999682, "collision_count": 197 }, "geometry": { "type": "Point", "coordinates": [ -73.999682, 40.738552 ] } },
{ "type": "Feature", "properties": { "latitude": 40.631706, "longitude": -73.94649, "collision_count": 197 }, "geometry": { "type": "Point", "coordinates": [ -73.94649, 40.631706 ] } },
{ "type": "Feature", "properties": { "latitude": 40.763245, "longitude": -73.75806, "collision_count": 196 }, "geometry": { "type": "Point", "coordinates": [ -73.75806, 40.763245 ] } },
{ "type": "Feature", "properties": { "latitude": 40.666435, "longitude": -73.83478, "collision_count": 196 }, "geometry": { "type": "Point", "coordinates": [ -73.83478, 40.666435 ] } },
{ "type": "Feature", "properties": { "latitude": 40.72543, "longitude": -73.99678, "collision_count": 196 }, "geometry": { "type": "Point", "coordinates": [ -73.99678, 40.72543 ] } },
{ "type": "Feature", "properties": { "latitude": 40.670006, "longitude": -73.95328, "collision_count": 196 }, "geometry": { "type": "Point", "coordinates": [ -73.95328, 40.670006 ] } },
{ "type": "Feature", "properties": { "latitude": 40.695993, "longitude": -73.983213, "collision_count": 195 }, "geometry": { "type": "Point", "coordinates": [ -73.983213, 40.695993 ] } },
{ "type": "Feature", "properties": { "latitude": 40.737886, "longitude": -73.980904, "collision_count": 195 }, "geometry": { "type": "Point", "coordinates": [ -73.980904, 40.737886 ] } },
{ "type": "Feature", "properties": { "latitude": 40.66561, "longitude": -73.73568, "collision_count": 195 }, "geometry": { "type": "Point", "coordinates": [ -73.73568, 40.66561 ] } },
{ "type": "Feature", "properties": { "latitude": 40.794052, "longitude": -73.970375, "collision_count": 195 }, "geometry": { "type": "Point", "coordinates": [ -73.970375, 40.794052 ] } },
{ "type": "Feature", "properties": { "latitude": 40.684258, "longitude": -73.84604, "collision_count": 195 }, "geometry": { "type": "Point", "coordinates": [ -73.84604, 40.684258 ] } },
{ "type": "Feature", "properties": { "latitude": 40.604313, "longitude": -74.05208, "collision_count": 195 }, "geometry": { "type": "Point", "coordinates": [ -74.05208, 40.604313 ] } },
{ "type": "Feature", "properties": { "latitude": 40.740896, "longitude": -73.899607, "collision_count": 195 }, "geometry": { "type": "Point", "coordinates": [ -73.899607, 40.740896 ] } },
{ "type": "Feature", "properties": { "latitude": 40.72293, "longitude": -73.98865, "collision_count": 195 }, "geometry": { "type": "Point", "coordinates": [ -73.98865, 40.72293 ] } },
{ "type": "Feature", "properties": { "latitude": 40.722584, "longitude": -74.00636, "collision_count": 195 }, "geometry": { "type": "Point", "coordinates": [ -74.00636, 40.722584 ] } },
{ "type": "Feature", "properties": { "latitude": 40.678543, "longitude": -73.949684, "collision_count": 194 }, "geometry": { "type": "Point", "coordinates": [ -73.949684, 40.678543 ] } },
{ "type": "Feature", "properties": { "latitude": 40.688903, "longitude": -73.980929, "collision_count": 194 }, "geometry": { "type": "Point", "coordinates": [ -73.980929, 40.688903 ] } },
{ "type": "Feature", "properties": { "latitude": 40.754901, "longitude": -73.745477, "collision_count": 194 }, "geometry": { "type": "Point", "coordinates": [ -73.745477, 40.754901 ] } },
{ "type": "Feature", "properties": { "latitude": 40.764651, "longitude": -73.823484, "collision_count": 194 }, "geometry": { "type": "Point", "coordinates": [ -73.823484, 40.764651 ] } },
{ "type": "Feature", "properties": { "latitude": 40.757339, "longitude": -73.986013, "collision_count": 193 }, "geometry": { "type": "Point", "coordinates": [ -73.986013, 40.757339 ] } },
{ "type": "Feature", "properties": { "latitude": 40.762486, "longitude": -73.96298, "collision_count": 193 }, "geometry": { "type": "Point", "coordinates": [ -73.96298, 40.762486 ] } },
{ "type": "Feature", "properties": { "latitude": 40.766359, "longitude": -73.887554, "collision_count": 192 }, "geometry": { "type": "Point", "coordinates": [ -73.887554, 40.766359 ] } },
{ "type": "Feature", "properties": { "latitude": 40.578938, "longitude": -73.98522, "collision_count": 192 }, "geometry": { "type": "Point", "coordinates": [ -73.98522, 40.578938 ] } },
{ "type": "Feature", "properties": { "latitude": 40.7136, "longitude": -74.0091, "collision_count": 192 }, "geometry": { "type": "Point", "coordinates": [ -74.0091, 40.7136 ] } },
{ "type": "Feature", "properties": { "latitude": 40.669865, "longitude": -73.950502, "collision_count": 192 }, "geometry": { "type": "Point", "coordinates": [ -73.950502, 40.669865 ] } },
{ "type": "Feature", "properties": { "latitude": 40.680687, "longitude": -73.84459, "collision_count": 191 }, "geometry": { "type": "Point", "coordinates": [ -73.84459, 40.680687 ] } },
{ "type": "Feature", "properties": { "latitude": 40.696663, "longitude": -73.98085, "collision_count": 191 }, "geometry": { "type": "Point", "coordinates": [ -73.98085, 40.696663 ] } },
{ "type": "Feature", "properties": { "latitude": 40.758377, "longitude": -73.994385, "collision_count": 190 }, "geometry": { "type": "Point", "coordinates": [ -73.994385, 40.758377 ] } },
{ "type": "Feature", "properties": { "latitude": 40.716814, "longitude": -73.997763, "collision_count": 190 }, "geometry": { "type": "Point", "coordinates": [ -73.997763, 40.716814 ] } },
{ "type": "Feature", "properties": { "latitude": 40.760254, "longitude": -73.967545, "collision_count": 190 }, "geometry": { "type": "Point", "coordinates": [ -73.967545, 40.760254 ] } },
{ "type": "Feature", "properties": { "latitude": 40.75212, "longitude": -73.977677, "collision_count": 190 }, "geometry": { "type": "Point", "coordinates": [ -73.977677, 40.75212 ] } },
{ "type": "Feature", "properties": { "latitude": 40.702595, "longitude": -73.855293, "collision_count": 190 }, "geometry": { "type": "Point", "coordinates": [ -73.855293, 40.702595 ] } },
{ "type": "Feature", "properties": { "latitude": 40.740017, "longitude": -73.84565, "collision_count": 190 }, "geometry": { "type": "Point", "coordinates": [ -73.84565, 40.740017 ] } },
{ "type": "Feature", "properties": { "latitude": 40.693663, "longitude": -73.852164, "collision_count": 189 }, "geometry": { "type": "Point", "coordinates": [ -73.852164, 40.693663 ] } },
{ "type": "Feature", "properties": { "latitude": 40.68039, "longitude": -73.94956, "collision_count": 189 }, "geometry": { "type": "Point", "coordinates": [ -73.94956, 40.68039 ] } },
{ "type": "Feature", "properties": { "latitude": 40.654137, "longitude": -73.91234, "collision_count": 189 }, "geometry": { "type": "Point", "coordinates": [ -73.91234, 40.654137 ] } },
{ "type": "Feature", "properties": { "latitude": 40.837894, "longitude": -73.88138, "collision_count": 189 }, "geometry": { "type": "Point", "coordinates": [ -73.88138, 40.837894 ] } },
{ "type": "Feature", "properties": { "latitude": 40.669403, "longitude": -73.94221, "collision_count": 189 }, "geometry": { "type": "Point", "coordinates": [ -73.94221, 40.669403 ] } },
{ "type": "Feature", "properties": { "latitude": 40.845104, "longitude": -73.91494, "collision_count": 189 }, "geometry": { "type": "Point", "coordinates": [ -73.91494, 40.845104 ] } },
{ "type": "Feature", "properties": { "latitude": 40.669477, "longitude": -73.919966, "collision_count": 188 }, "geometry": { "type": "Point", "coordinates": [ -73.919966, 40.669477 ] } },
{ "type": "Feature", "properties": { "latitude": 40.750318, "longitude": -73.991111, "collision_count": 188 }, "geometry": { "type": "Point", "coordinates": [ -73.991111, 40.750318 ] } },
{ "type": "Feature", "properties": { "latitude": 40.703163, "longitude": -73.81662, "collision_count": 188 }, "geometry": { "type": "Point", "coordinates": [ -73.81662, 40.703163 ] } },
{ "type": "Feature", "properties": { "latitude": 40.759842, "longitude": -73.984175, "collision_count": 188 }, "geometry": { "type": "Point", "coordinates": [ -73.984175, 40.759842 ] } },
{ "type": "Feature", "properties": { "latitude": 40.6338, "longitude": -73.8897, "collision_count": 188 }, "geometry": { "type": "Point", "coordinates": [ -73.8897, 40.6338 ] } },
{ "type": "Feature", "properties": { "latitude": 40.745441, "longitude": -73.975394, "collision_count": 187 }, "geometry": { "type": "Point", "coordinates": [ -73.975394, 40.745441 ] } },
{ "type": "Feature", "properties": { "latitude": 40.76635, "longitude": -73.95103, "collision_count": 186 }, "geometry": { "type": "Point", "coordinates": [ -73.95103, 40.76635 ] } },
{ "type": "Feature", "properties": { "latitude": 40.667076, "longitude": -73.78266, "collision_count": 186 }, "geometry": { "type": "Point", "coordinates": [ -73.78266, 40.667076 ] } },
{ "type": "Feature", "properties": { "latitude": 40.745235, "longitude": -73.937706, "collision_count": 186 }, "geometry": { "type": "Point", "coordinates": [ -73.937706, 40.745235 ] } },
{ "type": "Feature", "properties": { "latitude": 40.63063, "longitude": -74.00923, "collision_count": 186 }, "geometry": { "type": "Point", "coordinates": [ -74.00923, 40.63063 ] } },
{ "type": "Feature", "properties": { "latitude": 40.760906, "longitude": -73.966996, "collision_count": 186 }, "geometry": { "type": "Point", "coordinates": [ -73.966996, 40.760906 ] } },
{ "type": "Feature", "properties": { "latitude": 40.61384, "longitude": -73.981445, "collision_count": 186 }, "geometry": { "type": "Point", "coordinates": [ -73.981445, 40.61384 ] } },
{ "type": "Feature", "properties": { "latitude": 40.708767, "longitude": -73.998108, "collision_count": 185 }, "geometry": { "type": "Point", "coordinates": [ -73.998108, 40.708767 ] } },
{ "type": "Feature", "properties": { "latitude": 40.768877, "longitude": -73.948972, "collision_count": 185 }, "geometry": { "type": "Point", "coordinates": [ -73.948972, 40.768877 ] } },
{ "type": "Feature", "properties": { "latitude": 40.676343, "longitude": -73.910927, "collision_count": 185 }, "geometry": { "type": "Point", "coordinates": [ -73.910927, 40.676343 ] } },
{ "type": "Feature", "properties": { "latitude": 40.86832, "longitude": -73.83317, "collision_count": 185 }, "geometry": { "type": "Point", "coordinates": [ -73.83317, 40.86832 ] } },
{ "type": "Feature", "properties": { "latitude": 40.76943, "longitude": -73.91025, "collision_count": 185 }, "geometry": { "type": "Point", "coordinates": [ -73.91025, 40.76943 ] } },
{ "type": "Feature", "properties": { "latitude": 40.798256, "longitude": -73.92402, "collision_count": 185 }, "geometry": { "type": "Point", "coordinates": [ -73.92402, 40.798256 ] } },
{ "type": "Feature", "properties": { "latitude": 40.696983, "longitude": -73.935234, "collision_count": 184 }, "geometry": { "type": "Point", "coordinates": [ -73.935234, 40.696983 ] } },
{ "type": "Feature", "properties": { "latitude": 40.768887, "longitude": -73.90691, "collision_count": 184 }, "geometry": { "type": "Point", "coordinates": [ -73.90691, 40.768887 ] } },
{ "type": "Feature", "properties": { "latitude": 40.814102, "longitude": -73.940865, "collision_count": 184 }, "geometry": { "type": "Point", "coordinates": [ -73.940865, 40.814102 ] } },
{ "type": "Feature", "properties": { "latitude": 40.804695, "longitude": -73.92239, "collision_count": 184 }, "geometry": { "type": "Point", "coordinates": [ -73.92239, 40.804695 ] } },
{ "type": "Feature", "properties": { "latitude": 40.740875, "longitude": -73.89962, "collision_count": 184 }, "geometry": { "type": "Point", "coordinates": [ -73.89962, 40.740875 ] } },
{ "type": "Feature", "properties": { "latitude": 40.756035, "longitude": -73.98695, "collision_count": 184 }, "geometry": { "type": "Point", "coordinates": [ -73.98695, 40.756035 ] } },
{ "type": "Feature", "properties": { "latitude": 40.72592, "longitude": -73.89534, "collision_count": 184 }, "geometry": { "type": "Point", "coordinates": [ -73.89534, 40.72592 ] } },
{ "type": "Feature", "properties": { "latitude": 40.680115, "longitude": -73.75324, "collision_count": 183 }, "geometry": { "type": "Point", "coordinates": [ -73.75324, 40.680115 ] } },
{ "type": "Feature", "properties": { "latitude": 40.689138, "longitude": -73.990708, "collision_count": 183 }, "geometry": { "type": "Point", "coordinates": [ -73.990708, 40.689138 ] } },
{ "type": "Feature", "properties": { "latitude": 40.632095, "longitude": -73.91861, "collision_count": 183 }, "geometry": { "type": "Point", "coordinates": [ -73.91861, 40.632095 ] } },
{ "type": "Feature", "properties": { "latitude": 40.7056, "longitude": -73.85822, "collision_count": 183 }, "geometry": { "type": "Point", "coordinates": [ -73.85822, 40.7056 ] } },
{ "type": "Feature", "properties": { "latitude": 40.66684, "longitude": -73.78941, "collision_count": 183 }, "geometry": { "type": "Point", "coordinates": [ -73.78941, 40.66684 ] } },
{ "type": "Feature", "properties": { "latitude": 40.692463, "longitude": -73.81082, "collision_count": 182 }, "geometry": { "type": "Point", "coordinates": [ -73.81082, 40.692463 ] } },
{ "type": "Feature", "properties": { "latitude": 40.677207, "longitude": -73.897226, "collision_count": 182 }, "geometry": { "type": "Point", "coordinates": [ -73.897226, 40.677207 ] } },
{ "type": "Feature", "properties": { "latitude": 40.737556, "longitude": -73.850881, "collision_count": 182 }, "geometry": { "type": "Point", "coordinates": [ -73.850881, 40.737556 ] } },
{ "type": "Feature", "properties": { "latitude": 40.629986, "longitude": -73.97157, "collision_count": 182 }, "geometry": { "type": "Point", "coordinates": [ -73.97157, 40.629986 ] } },
{ "type": "Feature", "properties": { "latitude": 40.677208, "longitude": -73.89723, "collision_count": 181 }, "geometry": { "type": "Point", "coordinates": [ -73.89723, 40.677208 ] } },
{ "type": "Feature", "properties": { "latitude": 40.742874, "longitude": -73.933945, "collision_count": 181 }, "geometry": { "type": "Point", "coordinates": [ -73.933945, 40.742874 ] } },
{ "type": "Feature", "properties": { "latitude": 40.654133, "longitude": -73.91233, "collision_count": 181 }, "geometry": { "type": "Point", "coordinates": [ -73.91233, 40.654133 ] } },
{ "type": "Feature", "properties": { "latitude": 40.804375, "longitude": -73.93742, "collision_count": 181 }, "geometry": { "type": "Point", "coordinates": [ -73.93742, 40.804375 ] } },
{ "type": "Feature", "properties": { "latitude": 40.734978, "longitude": -73.8614, "collision_count": 180 }, "geometry": { "type": "Point", "coordinates": [ -73.8614, 40.734978 ] } },
{ "type": "Feature", "properties": { "latitude": 40.723625, "longitude": -74.00479, "collision_count": 180 }, "geometry": { "type": "Point", "coordinates": [ -74.00479, 40.723625 ] } },
{ "type": "Feature", "properties": { "latitude": 40.796738, "longitude": -73.92925, "collision_count": 180 }, "geometry": { "type": "Point", "coordinates": [ -73.92925, 40.796738 ] } },
{ "type": "Feature", "properties": { "latitude": 40.60981, "longitude": -73.922498, "collision_count": 180 }, "geometry": { "type": "Point", "coordinates": [ -73.922498, 40.60981 ] } },
{ "type": "Feature", "properties": { "latitude": 40.665916, "longitude": -73.92547, "collision_count": 180 }, "geometry": { "type": "Point", "coordinates": [ -73.92547, 40.665916 ] } },
{ "type": "Feature", "properties": { "latitude": 40.744029, "longitude": -73.926152, "collision_count": 180 }, "geometry": { "type": "Point", "coordinates": [ -73.926152, 40.744029 ] } },
{ "type": "Feature", "properties": { "latitude": 40.69832, "longitude": -73.962265, "collision_count": 180 }, "geometry": { "type": "Point", "coordinates": [ -73.962265, 40.69832 ] } },
{ "type": "Feature", "properties": { "latitude": 40.813175, "longitude": -73.89845, "collision_count": 180 }, "geometry": { "type": "Point", "coordinates": [ -73.89845, 40.813175 ] } },
{ "type": "Feature", "properties": { "latitude": 40.749788, "longitude": -73.987769, "collision_count": 180 }, "geometry": { "type": "Point", "coordinates": [ -73.987769, 40.749788 ] } },
{ "type": "Feature", "properties": { "latitude": 40.753387, "longitude": -73.996304, "collision_count": 179 }, "geometry": { "type": "Point", "coordinates": [ -73.996304, 40.753387 ] } },
{ "type": "Feature", "properties": { "latitude": 40.750766, "longitude": -73.974443, "collision_count": 179 }, "geometry": { "type": "Point", "coordinates": [ -73.974443, 40.750766 ] } },
{ "type": "Feature", "properties": { "latitude": 40.609417, "longitude": -73.967687, "collision_count": 179 }, "geometry": { "type": "Point", "coordinates": [ -73.967687, 40.609417 ] } },
{ "type": "Feature", "properties": { "latitude": 40.70058, "longitude": -73.80775, "collision_count": 179 }, "geometry": { "type": "Point", "coordinates": [ -73.80775, 40.70058 ] } },
{ "type": "Feature", "properties": { "latitude": 40.78519, "longitude": -73.94934, "collision_count": 179 }, "geometry": { "type": "Point", "coordinates": [ -73.94934, 40.78519 ] } },
{ "type": "Feature", "properties": { "latitude": 40.665558, "longitude": -73.72985, "collision_count": 179 }, "geometry": { "type": "Point", "coordinates": [ -73.72985, 40.665558 ] } },
{ "type": "Feature", "properties": { "latitude": 40.68532, "longitude": -73.98071, "collision_count": 179 }, "geometry": { "type": "Point", "coordinates": [ -73.98071, 40.68532 ] } },
{ "type": "Feature", "properties": { "latitude": 40.80897, "longitude": -73.94833, "collision_count": 178 }, "geometry": { "type": "Point", "coordinates": [ -73.94833, 40.80897 ] } },
{ "type": "Feature", "properties": { "latitude": 40.862679, "longitude": -73.90904, "collision_count": 178 }, "geometry": { "type": "Point", "coordinates": [ -73.90904, 40.862679 ] } },
{ "type": "Feature", "properties": { "latitude": 40.827595, "longitude": -73.85004, "collision_count": 178 }, "geometry": { "type": "Point", "coordinates": [ -73.85004, 40.827595 ] } },
{ "type": "Feature", "properties": { "latitude": 40.633111, "longitude": -73.972161, "collision_count": 178 }, "geometry": { "type": "Point", "coordinates": [ -73.972161, 40.633111 ] } },
{ "type": "Feature", "properties": { "latitude": 40.741234, "longitude": -73.84573, "collision_count": 178 }, "geometry": { "type": "Point", "coordinates": [ -73.84573, 40.741234 ] } },
{ "type": "Feature", "properties": { "latitude": 40.74701, "longitude": -73.977196, "collision_count": 178 }, "geometry": { "type": "Point", "coordinates": [ -73.977196, 40.74701 ] } },
{ "type": "Feature", "properties": { "latitude": 40.87829, "longitude": -73.870058, "collision_count": 177 }, "geometry": { "type": "Point", "coordinates": [ -73.870058, 40.87829 ] } },
{ "type": "Feature", "properties": { "latitude": 40.675625, "longitude": -73.898779, "collision_count": 177 }, "geometry": { "type": "Point", "coordinates": [ -73.898779, 40.675625 ] } },
{ "type": "Feature", "properties": { "latitude": 40.752059, "longitude": -74.000982, "collision_count": 177 }, "geometry": { "type": "Point", "coordinates": [ -74.000982, 40.752059 ] } },
{ "type": "Feature", "properties": { "latitude": 40.65317, "longitude": -73.866875, "collision_count": 177 }, "geometry": { "type": "Point", "coordinates": [ -73.866875, 40.65317 ] } },
{ "type": "Feature", "properties": { "latitude": 40.72895, "longitude": -73.97182, "collision_count": 177 }, "geometry": { "type": "Point", "coordinates": [ -73.97182, 40.72895 ] } },
{ "type": "Feature", "properties": { "latitude": 40.895376, "longitude": -73.863558, "collision_count": 177 }, "geometry": { "type": "Point", "coordinates": [ -73.863558, 40.895376 ] } },
{ "type": "Feature", "properties": { "latitude": 40.808973, "longitude": -73.948325, "collision_count": 176 }, "geometry": { "type": "Point", "coordinates": [ -73.948325, 40.808973 ] } },
{ "type": "Feature", "properties": { "latitude": 40.652752, "longitude": -73.88629, "collision_count": 176 }, "geometry": { "type": "Point", "coordinates": [ -73.88629, 40.652752 ] } },
{ "type": "Feature", "properties": { "latitude": 40.680664, "longitude": -73.902626, "collision_count": 176 }, "geometry": { "type": "Point", "coordinates": [ -73.902626, 40.680664 ] } },
{ "type": "Feature", "properties": { "latitude": 40.756527, "longitude": -73.994019, "collision_count": 176 }, "geometry": { "type": "Point", "coordinates": [ -73.994019, 40.756527 ] } },
{ "type": "Feature", "properties": { "latitude": 40.740184, "longitude": -73.986363, "collision_count": 176 }, "geometry": { "type": "Point", "coordinates": [ -73.986363, 40.740184 ] } },
{ "type": "Feature", "properties": { "latitude": 40.722934, "longitude": -73.988639, "collision_count": 176 }, "geometry": { "type": "Point", "coordinates": [ -73.988639, 40.722934 ] } },
{ "type": "Feature", "properties": { "latitude": 40.60915, "longitude": -74.14987, "collision_count": 176 }, "geometry": { "type": "Point", "coordinates": [ -74.14987, 40.60915 ] } },
{ "type": "Feature", "properties": { "latitude": 40.86832, "longitude": -73.833159, "collision_count": 176 }, "geometry": { "type": "Point", "coordinates": [ -73.833159, 40.86832 ] } },
{ "type": "Feature", "properties": { "latitude": 40.881073, "longitude": -73.878494, "collision_count": 176 }, "geometry": { "type": "Point", "coordinates": [ -73.878494, 40.881073 ] } },
{ "type": "Feature", "properties": { "latitude": 40.85638, "longitude": -73.82631, "collision_count": 176 }, "geometry": { "type": "Point", "coordinates": [ -73.82631, 40.85638 ] } },
{ "type": "Feature", "properties": { "latitude": 40.846153, "longitude": -73.932335, "collision_count": 176 }, "geometry": { "type": "Point", "coordinates": [ -73.932335, 40.846153 ] } },
{ "type": "Feature", "properties": { "latitude": 40.666595, "longitude": -73.87176, "collision_count": 175 }, "geometry": { "type": "Point", "coordinates": [ -73.87176, 40.666595 ] } },
{ "type": "Feature", "properties": { "latitude": 40.828407, "longitude": -73.84392, "collision_count": 175 }, "geometry": { "type": "Point", "coordinates": [ -73.84392, 40.828407 ] } },
{ "type": "Feature", "properties": { "latitude": 40.66626, "longitude": -73.99596, "collision_count": 175 }, "geometry": { "type": "Point", "coordinates": [ -73.99596, 40.66626 ] } },
{ "type": "Feature", "properties": { "latitude": 40.582287, "longitude": -74.16907, "collision_count": 175 }, "geometry": { "type": "Point", "coordinates": [ -74.16907, 40.582287 ] } },
{ "type": "Feature", "properties": { "latitude": 40.805057, "longitude": -73.939034, "collision_count": 175 }, "geometry": { "type": "Point", "coordinates": [ -73.939034, 40.805057 ] } },
{ "type": "Feature", "properties": { "latitude": 40.69819, "longitude": -73.961899, "collision_count": 175 }, "geometry": { "type": "Point", "coordinates": [ -73.961899, 40.69819 ] } },
{ "type": "Feature", "properties": { "latitude": 40.757145, "longitude": -73.993561, "collision_count": 175 }, "geometry": { "type": "Point", "coordinates": [ -73.993561, 40.757145 ] } },
{ "type": "Feature", "properties": { "latitude": 40.784237, "longitude": -73.94707, "collision_count": 175 }, "geometry": { "type": "Point", "coordinates": [ -73.94707, 40.784237 ] } },
{ "type": "Feature", "properties": { "latitude": 40.72293, "longitude": -73.847336, "collision_count": 175 }, "geometry": { "type": "Point", "coordinates": [ -73.847336, 40.72293 ] } },
{ "type": "Feature", "properties": { "latitude": 40.660656, "longitude": -73.885796, "collision_count": 175 }, "geometry": { "type": "Point", "coordinates": [ -73.885796, 40.660656 ] } },
{ "type": "Feature", "properties": { "latitude": 40.675632, "longitude": -73.89878, "collision_count": 174 }, "geometry": { "type": "Point", "coordinates": [ -73.89878, 40.675632 ] } },
{ "type": "Feature", "properties": { "latitude": 40.754093, "longitude": -73.992077, "collision_count": 174 }, "geometry": { "type": "Point", "coordinates": [ -73.992077, 40.754093 ] } },
{ "type": "Feature", "properties": { "latitude": 40.881264, "longitude": -73.83875, "collision_count": 174 }, "geometry": { "type": "Point", "coordinates": [ -73.83875, 40.881264 ] } },
{ "type": "Feature", "properties": { "latitude": 40.592815, "longitude": -73.90808, "collision_count": 174 }, "geometry": { "type": "Point", "coordinates": [ -73.90808, 40.592815 ] } },
{ "type": "Feature", "properties": { "latitude": 40.653805, "longitude": -73.93061, "collision_count": 173 }, "geometry": { "type": "Point", "coordinates": [ -73.93061, 40.653805 ] } },
{ "type": "Feature", "properties": { "latitude": 40.752975, "longitude": -73.91024, "collision_count": 173 }, "geometry": { "type": "Point", "coordinates": [ -73.91024, 40.752975 ] } },
{ "type": "Feature", "properties": { "latitude": 40.718792, "longitude": -73.98902, "collision_count": 173 }, "geometry": { "type": "Point", "coordinates": [ -73.98902, 40.718792 ] } },
{ "type": "Feature", "properties": { "latitude": 40.749103, "longitude": -73.992006, "collision_count": 173 }, "geometry": { "type": "Point", "coordinates": [ -73.992006, 40.749103 ] } },
{ "type": "Feature", "properties": { "latitude": 40.66708, "longitude": -73.81033, "collision_count": 173 }, "geometry": { "type": "Point", "coordinates": [ -73.81033, 40.66708 ] } },
{ "type": "Feature", "properties": { "latitude": 40.757732, "longitude": -73.996852, "collision_count": 173 }, "geometry": { "type": "Point", "coordinates": [ -73.996852, 40.757732 ] } },
{ "type": "Feature", "properties": { "latitude": 40.7171, "longitude": -73.9986, "collision_count": 173 }, "geometry": { "type": "Point", "coordinates": [ -73.9986, 40.7171 ] } },
{ "type": "Feature", "properties": { "latitude": 40.670125, "longitude": -73.955271, "collision_count": 172 }, "geometry": { "type": "Point", "coordinates": [ -73.955271, 40.670125 ] } },
{ "type": "Feature", "properties": { "latitude": 40.87656, "longitude": -73.90436, "collision_count": 172 }, "geometry": { "type": "Point", "coordinates": [ -73.90436, 40.87656 ] } },
{ "type": "Feature", "properties": { "latitude": 40.843956, "longitude": -73.8978, "collision_count": 172 }, "geometry": { "type": "Point", "coordinates": [ -73.8978, 40.843956 ] } },
{ "type": "Feature", "properties": { "latitude": 40.59727, "longitude": -73.99868, "collision_count": 172 }, "geometry": { "type": "Point", "coordinates": [ -73.99868, 40.59727 ] } },
{ "type": "Feature", "properties": { "latitude": 40.650387, "longitude": -73.95872, "collision_count": 172 }, "geometry": { "type": "Point", "coordinates": [ -73.95872, 40.650387 ] } },
{ "type": "Feature", "properties": { "latitude": 40.753677, "longitude": -73.914474, "collision_count": 172 }, "geometry": { "type": "Point", "coordinates": [ -73.914474, 40.753677 ] } },
{ "type": "Feature", "properties": { "latitude": 40.81608, "longitude": -73.917694, "collision_count": 172 }, "geometry": { "type": "Point", "coordinates": [ -73.917694, 40.81608 ] } },
{ "type": "Feature", "properties": { "latitude": 40.67641, "longitude": -74.00104, "collision_count": 172 }, "geometry": { "type": "Point", "coordinates": [ -74.00104, 40.67641 ] } },
{ "type": "Feature", "properties": { "latitude": 40.717099, "longitude": -73.99859, "collision_count": 172 }, "geometry": { "type": "Point", "coordinates": [ -73.99859, 40.717099 ] } },
{ "type": "Feature", "properties": { "latitude": 40.76217, "longitude": -73.7568, "collision_count": 171 }, "geometry": { "type": "Point", "coordinates": [ -73.7568, 40.76217 ] } },
{ "type": "Feature", "properties": { "latitude": 40.688149, "longitude": -73.848834, "collision_count": 171 }, "geometry": { "type": "Point", "coordinates": [ -73.848834, 40.688149 ] } },
{ "type": "Feature", "properties": { "latitude": 40.65477, "longitude": -74.00708, "collision_count": 171 }, "geometry": { "type": "Point", "coordinates": [ -74.00708, 40.65477 ] } },
{ "type": "Feature", "properties": { "latitude": 40.750965, "longitude": -73.94027, "collision_count": 171 }, "geometry": { "type": "Point", "coordinates": [ -73.94027, 40.750965 ] } },
{ "type": "Feature", "properties": { "latitude": 40.762174, "longitude": -73.756787, "collision_count": 171 }, "geometry": { "type": "Point", "coordinates": [ -73.756787, 40.762174 ] } },
{ "type": "Feature", "properties": { "latitude": 40.80719, "longitude": -73.92431, "collision_count": 171 }, "geometry": { "type": "Point", "coordinates": [ -73.92431, 40.80719 ] } },
{ "type": "Feature", "properties": { "latitude": 40.8059, "longitude": -73.92523, "collision_count": 171 }, "geometry": { "type": "Point", "coordinates": [ -73.92523, 40.8059 ] } },
{ "type": "Feature", "properties": { "latitude": 40.668507, "longitude": -73.92561, "collision_count": 171 }, "geometry": { "type": "Point", "coordinates": [ -73.92561, 40.668507 ] } },
{ "type": "Feature", "properties": { "latitude": 40.739674, "longitude": -73.934586, "collision_count": 171 }, "geometry": { "type": "Point", "coordinates": [ -73.934586, 40.739674 ] } },
{ "type": "Feature", "properties": { "latitude": 40.716812, "longitude": -73.99777, "collision_count": 171 }, "geometry": { "type": "Point", "coordinates": [ -73.99777, 40.716812 ] } },
{ "type": "Feature", "properties": { "latitude": 40.725937, "longitude": -74.01103, "collision_count": 171 }, "geometry": { "type": "Point", "coordinates": [ -74.01103, 40.725937 ] } },
{ "type": "Feature", "properties": { "latitude": 40.681503, "longitude": -73.904106, "collision_count": 171 }, "geometry": { "type": "Point", "coordinates": [ -73.904106, 40.681503 ] } },
{ "type": "Feature", "properties": { "latitude": 40.75855, "longitude": -73.82964, "collision_count": 171 }, "geometry": { "type": "Point", "coordinates": [ -73.82964, 40.75855 ] } },
{ "type": "Feature", "properties": { "latitude": 40.7375, "longitude": -73.93385, "collision_count": 171 }, "geometry": { "type": "Point", "coordinates": [ -73.93385, 40.7375 ] } },
{ "type": "Feature", "properties": { "latitude": 40.8252, "longitude": -73.867714, "collision_count": 171 }, "geometry": { "type": "Point", "coordinates": [ -73.867714, 40.8252 ] } },
{ "type": "Feature", "properties": { "latitude": 40.72823, "longitude": -73.83313, "collision_count": 171 }, "geometry": { "type": "Point", "coordinates": [ -73.83313, 40.72823 ] } },
{ "type": "Feature", "properties": { "latitude": 40.66551, "longitude": -73.992775, "collision_count": 170 }, "geometry": { "type": "Point", "coordinates": [ -73.992775, 40.66551 ] } },
{ "type": "Feature", "properties": { "latitude": 40.65487, "longitude": -73.96191, "collision_count": 170 }, "geometry": { "type": "Point", "coordinates": [ -73.96191, 40.65487 ] } },
{ "type": "Feature", "properties": { "latitude": 40.65136, "longitude": -73.86971, "collision_count": 170 }, "geometry": { "type": "Point", "coordinates": [ -73.86971, 40.65136 ] } },
{ "type": "Feature", "properties": { "latitude": 40.86226, "longitude": -73.89589, "collision_count": 170 }, "geometry": { "type": "Point", "coordinates": [ -73.89589, 40.86226 ] } },
{ "type": "Feature", "properties": { "latitude": 40.711823, "longitude": -73.83612, "collision_count": 170 }, "geometry": { "type": "Point", "coordinates": [ -73.83612, 40.711823 ] } },
{ "type": "Feature", "properties": { "latitude": 40.800983, "longitude": -73.92927, "collision_count": 170 }, "geometry": { "type": "Point", "coordinates": [ -73.92927, 40.800983 ] } },
{ "type": "Feature", "properties": { "latitude": 40.721062, "longitude": -73.998196, "collision_count": 169 }, "geometry": { "type": "Point", "coordinates": [ -73.998196, 40.721062 ] } },
{ "type": "Feature", "properties": { "latitude": 40.862755, "longitude": -73.901079, "collision_count": 169 }, "geometry": { "type": "Point", "coordinates": [ -73.901079, 40.862755 ] } },
{ "type": "Feature", "properties": { "latitude": 40.769117, "longitude": -73.988559, "collision_count": 169 }, "geometry": { "type": "Point", "coordinates": [ -73.988559, 40.769117 ] } },
{ "type": "Feature", "properties": { "latitude": 40.83611, "longitude": -73.92238, "collision_count": 169 }, "geometry": { "type": "Point", "coordinates": [ -73.92238, 40.83611 ] } },
{ "type": "Feature", "properties": { "latitude": 40.869335, "longitude": -73.8255, "collision_count": 169 }, "geometry": { "type": "Point", "coordinates": [ -73.8255, 40.869335 ] } },
{ "type": "Feature", "properties": { "latitude": 40.67066, "longitude": -73.957985, "collision_count": 169 }, "geometry": { "type": "Point", "coordinates": [ -73.957985, 40.67066 ] } },
{ "type": "Feature", "properties": { "latitude": 40.765676, "longitude": -73.976235, "collision_count": 169 }, "geometry": { "type": "Point", "coordinates": [ -73.976235, 40.765676 ] } },
{ "type": "Feature", "properties": { "latitude": 40.885991, "longitude": -73.827914, "collision_count": 169 }, "geometry": { "type": "Point", "coordinates": [ -73.827914, 40.885991 ] } },
{ "type": "Feature", "properties": { "latitude": 40.732348, "longitude": -73.984939, "collision_count": 169 }, "geometry": { "type": "Point", "coordinates": [ -73.984939, 40.732348 ] } },
{ "type": "Feature", "properties": { "latitude": 40.746682, "longitude": -73.974495, "collision_count": 169 }, "geometry": { "type": "Point", "coordinates": [ -73.974495, 40.746682 ] } },
{ "type": "Feature", "properties": { "latitude": 40.747297, "longitude": -73.974044, "collision_count": 169 }, "geometry": { "type": "Point", "coordinates": [ -73.974044, 40.747297 ] } },
{ "type": "Feature", "properties": { "latitude": 40.610508, "longitude": -74.09576, "collision_count": 169 }, "geometry": { "type": "Point", "coordinates": [ -74.09576, 40.610508 ] } },
{ "type": "Feature", "properties": { "latitude": 40.67798, "longitude": -73.872116, "collision_count": 169 }, "geometry": { "type": "Point", "coordinates": [ -73.872116, 40.67798 ] } },
{ "type": "Feature", "properties": { "latitude": 40.816532, "longitude": -73.92822, "collision_count": 169 }, "geometry": { "type": "Point", "coordinates": [ -73.92822, 40.816532 ] } },
{ "type": "Feature", "properties": { "latitude": 40.751446, "longitude": -74.001434, "collision_count": 169 }, "geometry": { "type": "Point", "coordinates": [ -74.001434, 40.751446 ] } },
{ "type": "Feature", "properties": { "latitude": 40.678156, "longitude": -73.944151, "collision_count": 168 }, "geometry": { "type": "Point", "coordinates": [ -73.944151, 40.678156 ] } },
{ "type": "Feature", "properties": { "latitude": 40.86369, "longitude": -73.917064, "collision_count": 168 }, "geometry": { "type": "Point", "coordinates": [ -73.917064, 40.86369 ] } },
{ "type": "Feature", "properties": { "latitude": 40.741275, "longitude": -73.975342, "collision_count": 168 }, "geometry": { "type": "Point", "coordinates": [ -73.975342, 40.741275 ] } },
{ "type": "Feature", "properties": { "latitude": 40.668377, "longitude": -73.92012, "collision_count": 168 }, "geometry": { "type": "Point", "coordinates": [ -73.92012, 40.668377 ] } },
{ "type": "Feature", "properties": { "latitude": 40.717926, "longitude": -73.98568, "collision_count": 168 }, "geometry": { "type": "Point", "coordinates": [ -73.98568, 40.717926 ] } },
{ "type": "Feature", "properties": { "latitude": 40.758305, "longitude": -73.85561, "collision_count": 168 }, "geometry": { "type": "Point", "coordinates": [ -73.85561, 40.758305 ] } },
{ "type": "Feature", "properties": { "latitude": 40.632886, "longitude": -73.947698, "collision_count": 168 }, "geometry": { "type": "Point", "coordinates": [ -73.947698, 40.632886 ] } },
{ "type": "Feature", "properties": { "latitude": 40.767614, "longitude": -73.949995, "collision_count": 168 }, "geometry": { "type": "Point", "coordinates": [ -73.949995, 40.767614 ] } },
{ "type": "Feature", "properties": { "latitude": 40.708763, "longitude": -73.998116, "collision_count": 168 }, "geometry": { "type": "Point", "coordinates": [ -73.998116, 40.708763 ] } },
{ "type": "Feature", "properties": { "latitude": 40.71523, "longitude": -74.01334, "collision_count": 168 }, "geometry": { "type": "Point", "coordinates": [ -74.01334, 40.71523 ] } },
{ "type": "Feature", "properties": { "latitude": 40.846359, "longitude": -73.844621, "collision_count": 167 }, "geometry": { "type": "Point", "coordinates": [ -73.844621, 40.846359 ] } },
{ "type": "Feature", "properties": { "latitude": 40.744026, "longitude": -73.92616, "collision_count": 167 }, "geometry": { "type": "Point", "coordinates": [ -73.92616, 40.744026 ] } },
{ "type": "Feature", "properties": { "latitude": 40.652768, "longitude": -73.88629, "collision_count": 167 }, "geometry": { "type": "Point", "coordinates": [ -73.88629, 40.652768 ] } },
{ "type": "Feature", "properties": { "latitude": 40.743782, "longitude": -73.97352, "collision_count": 167 }, "geometry": { "type": "Point", "coordinates": [ -73.97352, 40.743782 ] } },
{ "type": "Feature", "properties": { "latitude": 40.608364, "longitude": -74.038666, "collision_count": 167 }, "geometry": { "type": "Point", "coordinates": [ -74.038666, 40.608364 ] } },
{ "type": "Feature", "properties": { "latitude": 40.658295, "longitude": -73.93109, "collision_count": 166 }, "geometry": { "type": "Point", "coordinates": [ -73.93109, 40.658295 ] } },
{ "type": "Feature", "properties": { "latitude": 40.766712, "longitude": -73.98289, "collision_count": 166 }, "geometry": { "type": "Point", "coordinates": [ -73.98289, 40.766712 ] } },
{ "type": "Feature", "properties": { "latitude": 40.68969, "longitude": -73.992363, "collision_count": 166 }, "geometry": { "type": "Point", "coordinates": [ -73.992363, 40.68969 ] } },
{ "type": "Feature", "properties": { "latitude": 40.758972, "longitude": -73.91901, "collision_count": 166 }, "geometry": { "type": "Point", "coordinates": [ -73.91901, 40.758972 ] } },
{ "type": "Feature", "properties": { "latitude": 40.676938, "longitude": -73.921825, "collision_count": 166 }, "geometry": { "type": "Point", "coordinates": [ -73.921825, 40.676938 ] } },
{ "type": "Feature", "properties": { "latitude": 40.78202, "longitude": -73.97173, "collision_count": 166 }, "geometry": { "type": "Point", "coordinates": [ -73.97173, 40.78202 ] } },
{ "type": "Feature", "properties": { "latitude": 40.739675, "longitude": -73.934576, "collision_count": 166 }, "geometry": { "type": "Point", "coordinates": [ -73.934576, 40.739675 ] } },
{ "type": "Feature", "properties": { "latitude": 40.767889, "longitude": -73.981513, "collision_count": 166 }, "geometry": { "type": "Point", "coordinates": [ -73.981513, 40.767889 ] } },
{ "type": "Feature", "properties": { "latitude": 40.685324, "longitude": -73.980703, "collision_count": 166 }, "geometry": { "type": "Point", "coordinates": [ -73.980703, 40.685324 ] } },
{ "type": "Feature", "properties": { "latitude": 40.668648, "longitude": -73.928348, "collision_count": 166 }, "geometry": { "type": "Point", "coordinates": [ -73.928348, 40.668648 ] } },
{ "type": "Feature", "properties": { "latitude": 40.7672, "longitude": -73.887825, "collision_count": 165 }, "geometry": { "type": "Point", "coordinates": [ -73.887825, 40.7672 ] } },
{ "type": "Feature", "properties": { "latitude": 40.707714, "longitude": -73.802795, "collision_count": 165 }, "geometry": { "type": "Point", "coordinates": [ -73.802795, 40.707714 ] } },
{ "type": "Feature", "properties": { "latitude": 40.762288, "longitude": -73.972363, "collision_count": 165 }, "geometry": { "type": "Point", "coordinates": [ -73.972363, 40.762288 ] } },
{ "type": "Feature", "properties": { "latitude": 40.805058, "longitude": -73.93904, "collision_count": 165 }, "geometry": { "type": "Point", "coordinates": [ -73.93904, 40.805058 ] } },
{ "type": "Feature", "properties": { "latitude": 40.632885, "longitude": -73.94771, "collision_count": 165 }, "geometry": { "type": "Point", "coordinates": [ -73.94771, 40.632885 ] } },
{ "type": "Feature", "properties": { "latitude": 40.80988, "longitude": -73.90308, "collision_count": 165 }, "geometry": { "type": "Point", "coordinates": [ -73.90308, 40.80988 ] } },
{ "type": "Feature", "properties": { "latitude": 40.59455, "longitude": -73.997574, "collision_count": 165 }, "geometry": { "type": "Point", "coordinates": [ -73.997574, 40.59455 ] } },
{ "type": "Feature", "properties": { "latitude": 40.71406, "longitude": -73.95292, "collision_count": 165 }, "geometry": { "type": "Point", "coordinates": [ -73.95292, 40.71406 ] } },
{ "type": "Feature", "properties": { "latitude": 40.651733, "longitude": -73.930381, "collision_count": 164 }, "geometry": { "type": "Point", "coordinates": [ -73.930381, 40.651733 ] } },
{ "type": "Feature", "properties": { "latitude": 40.698544, "longitude": -73.96236, "collision_count": 164 }, "geometry": { "type": "Point", "coordinates": [ -73.96236, 40.698544 ] } },
{ "type": "Feature", "properties": { "latitude": 40.821638, "longitude": -73.939077, "collision_count": 164 }, "geometry": { "type": "Point", "coordinates": [ -73.939077, 40.821638 ] } },
{ "type": "Feature", "properties": { "latitude": 40.734375, "longitude": -73.87342, "collision_count": 164 }, "geometry": { "type": "Point", "coordinates": [ -73.87342, 40.734375 ] } },
{ "type": "Feature", "properties": { "latitude": 40.584137, "longitude": -73.96386, "collision_count": 164 }, "geometry": { "type": "Point", "coordinates": [ -73.96386, 40.584137 ] } },
{ "type": "Feature", "properties": { "latitude": 40.654882, "longitude": -73.96188, "collision_count": 164 }, "geometry": { "type": "Point", "coordinates": [ -73.96188, 40.654882 ] } },
{ "type": "Feature", "properties": { "latitude": 40.697735, "longitude": -73.814079, "collision_count": 164 }, "geometry": { "type": "Point", "coordinates": [ -73.814079, 40.697735 ] } },
{ "type": "Feature", "properties": { "latitude": 40.654327, "longitude": -73.9221, "collision_count": 164 }, "geometry": { "type": "Point", "coordinates": [ -73.9221, 40.654327 ] } },
{ "type": "Feature", "properties": { "latitude": 40.743783, "longitude": -73.973508, "collision_count": 164 }, "geometry": { "type": "Point", "coordinates": [ -73.973508, 40.743783 ] } },
{ "type": "Feature", "properties": { "latitude": 40.577946, "longitude": -74.102325, "collision_count": 164 }, "geometry": { "type": "Point", "coordinates": [ -74.102325, 40.577946 ] } },
{ "type": "Feature", "properties": { "latitude": 40.762913, "longitude": -73.9698, "collision_count": 164 }, "geometry": { "type": "Point", "coordinates": [ -73.9698, 40.762913 ] } },
{ "type": "Feature", "properties": { "latitude": 40.717014, "longitude": -73.82971, "collision_count": 164 }, "geometry": { "type": "Point", "coordinates": [ -73.82971, 40.717014 ] } },
{ "type": "Feature", "properties": { "latitude": 40.82815, "longitude": -73.93491, "collision_count": 163 }, "geometry": { "type": "Point", "coordinates": [ -73.93491, 40.82815 ] } },
{ "type": "Feature", "properties": { "latitude": 40.844524, "longitude": -73.902725, "collision_count": 163 }, "geometry": { "type": "Point", "coordinates": [ -73.902725, 40.844524 ] } },
{ "type": "Feature", "properties": { "latitude": 40.709824, "longitude": -74.014825, "collision_count": 163 }, "geometry": { "type": "Point", "coordinates": [ -74.014825, 40.709824 ] } },
{ "type": "Feature", "properties": { "latitude": 40.669402, "longitude": -73.942197, "collision_count": 163 }, "geometry": { "type": "Point", "coordinates": [ -73.942197, 40.669402 ] } },
{ "type": "Feature", "properties": { "latitude": 40.624958, "longitude": -74.145775, "collision_count": 163 }, "geometry": { "type": "Point", "coordinates": [ -74.145775, 40.624958 ] } },
{ "type": "Feature", "properties": { "latitude": 40.745293, "longitude": -73.998488, "collision_count": 163 }, "geometry": { "type": "Point", "coordinates": [ -73.998488, 40.745293 ] } },
{ "type": "Feature", "properties": { "latitude": 40.865362, "longitude": -73.87042, "collision_count": 163 }, "geometry": { "type": "Point", "coordinates": [ -73.87042, 40.865362 ] } },
{ "type": "Feature", "properties": { "latitude": 40.734376, "longitude": -73.873417, "collision_count": 163 }, "geometry": { "type": "Point", "coordinates": [ -73.873417, 40.734376 ] } },
{ "type": "Feature", "properties": { "latitude": 40.631708, "longitude": -73.946481, "collision_count": 163 }, "geometry": { "type": "Point", "coordinates": [ -73.946481, 40.631708 ] } },
{ "type": "Feature", "properties": { "latitude": 40.843903, "longitude": -73.927284, "collision_count": 163 }, "geometry": { "type": "Point", "coordinates": [ -73.927284, 40.843903 ] } },
{ "type": "Feature", "properties": { "latitude": 40.733687, "longitude": -73.92395, "collision_count": 162 }, "geometry": { "type": "Point", "coordinates": [ -73.92395, 40.733687 ] } },
{ "type": "Feature", "properties": { "latitude": 40.717022, "longitude": -73.830499, "collision_count": 162 }, "geometry": { "type": "Point", "coordinates": [ -73.830499, 40.717022 ] } },
{ "type": "Feature", "properties": { "latitude": 40.824066, "longitude": -73.908714, "collision_count": 162 }, "geometry": { "type": "Point", "coordinates": [ -73.908714, 40.824066 ] } },
{ "type": "Feature", "properties": { "latitude": 40.594616, "longitude": -73.99743, "collision_count": 162 }, "geometry": { "type": "Point", "coordinates": [ -73.99743, 40.594616 ] } },
{ "type": "Feature", "properties": { "latitude": 40.66252, "longitude": -73.84071, "collision_count": 162 }, "geometry": { "type": "Point", "coordinates": [ -73.84071, 40.66252 ] } },
{ "type": "Feature", "properties": { "latitude": 40.664192, "longitude": -73.841125, "collision_count": 162 }, "geometry": { "type": "Point", "coordinates": [ -73.841125, 40.664192 ] } },
{ "type": "Feature", "properties": { "latitude": 40.762954, "longitude": -73.831957, "collision_count": 162 }, "geometry": { "type": "Point", "coordinates": [ -73.831957, 40.762954 ] } },
{ "type": "Feature", "properties": { "latitude": 40.87356, "longitude": -73.81853, "collision_count": 162 }, "geometry": { "type": "Point", "coordinates": [ -73.81853, 40.87356 ] } },
{ "type": "Feature", "properties": { "latitude": 40.763942, "longitude": -73.828146, "collision_count": 162 }, "geometry": { "type": "Point", "coordinates": [ -73.828146, 40.763942 ] } },
{ "type": "Feature", "properties": { "latitude": 40.827656, "longitude": -73.8861, "collision_count": 162 }, "geometry": { "type": "Point", "coordinates": [ -73.8861, 40.827656 ] } },
{ "type": "Feature", "properties": { "latitude": 40.696131, "longitude": -73.987104, "collision_count": 162 }, "geometry": { "type": "Point", "coordinates": [ -73.987104, 40.696131 ] } },
{ "type": "Feature", "properties": { "latitude": 40.734314, "longitude": -73.93803, "collision_count": 162 }, "geometry": { "type": "Point", "coordinates": [ -73.93803, 40.734314 ] } },
{ "type": "Feature", "properties": { "latitude": 40.69382, "longitude": -73.72694, "collision_count": 162 }, "geometry": { "type": "Point", "coordinates": [ -73.72694, 40.69382 ] } },
{ "type": "Feature", "properties": { "latitude": 40.747009, "longitude": -73.977188, "collision_count": 161 }, "geometry": { "type": "Point", "coordinates": [ -73.977188, 40.747009 ] } },
{ "type": "Feature", "properties": { "latitude": 40.81207, "longitude": -73.93603, "collision_count": 161 }, "geometry": { "type": "Point", "coordinates": [ -73.93603, 40.81207 ] } },
{ "type": "Feature", "properties": { "latitude": 40.688614, "longitude": -73.989174, "collision_count": 161 }, "geometry": { "type": "Point", "coordinates": [ -73.989174, 40.688614 ] } },
{ "type": "Feature", "properties": { "latitude": 40.757732, "longitude": -73.99686, "collision_count": 161 }, "geometry": { "type": "Point", "coordinates": [ -73.99686, 40.757732 ] } },
{ "type": "Feature", "properties": { "latitude": 40.605335, "longitude": -73.75528, "collision_count": 161 }, "geometry": { "type": "Point", "coordinates": [ -73.75528, 40.605335 ] } },
{ "type": "Feature", "properties": { "latitude": 40.80119, "longitude": -73.93003, "collision_count": 161 }, "geometry": { "type": "Point", "coordinates": [ -73.93003, 40.80119 ] } },
{ "type": "Feature", "properties": { "latitude": 40.714104, "longitude": -73.95322, "collision_count": 161 }, "geometry": { "type": "Point", "coordinates": [ -73.95322, 40.714104 ] } },
{ "type": "Feature", "properties": { "latitude": 40.845024, "longitude": -73.92632, "collision_count": 161 }, "geometry": { "type": "Point", "coordinates": [ -73.92632, 40.845024 ] } },
{ "type": "Feature", "properties": { "latitude": 40.72365, "longitude": -73.991024, "collision_count": 161 }, "geometry": { "type": "Point", "coordinates": [ -73.991024, 40.72365 ] } },
{ "type": "Feature", "properties": { "latitude": 40.75831, "longitude": -73.96294, "collision_count": 161 }, "geometry": { "type": "Point", "coordinates": [ -73.96294, 40.75831 ] } },
{ "type": "Feature", "properties": { "latitude": 40.726444, "longitude": -73.76579, "collision_count": 161 }, "geometry": { "type": "Point", "coordinates": [ -73.76579, 40.726444 ] } },
{ "type": "Feature", "properties": { "latitude": 40.68816, "longitude": -73.848854, "collision_count": 161 }, "geometry": { "type": "Point", "coordinates": [ -73.848854, 40.68816 ] } },
{ "type": "Feature", "properties": { "latitude": 40.8037, "longitude": -73.935817, "collision_count": 161 }, "geometry": { "type": "Point", "coordinates": [ -73.935817, 40.8037 ] } },
{ "type": "Feature", "properties": { "latitude": 40.721454, "longitude": -73.843978, "collision_count": 161 }, "geometry": { "type": "Point", "coordinates": [ -73.843978, 40.721454 ] } },
{ "type": "Feature", "properties": { "latitude": 40.7491, "longitude": -73.99201, "collision_count": 160 }, "geometry": { "type": "Point", "coordinates": [ -73.99201, 40.7491 ] } },
{ "type": "Feature", "properties": { "latitude": 40.632067, "longitude": -73.918602, "collision_count": 160 }, "geometry": { "type": "Point", "coordinates": [ -73.918602, 40.632067 ] } },
{ "type": "Feature", "properties": { "latitude": 40.683514, "longitude": -73.975951, "collision_count": 160 }, "geometry": { "type": "Point", "coordinates": [ -73.975951, 40.683514 ] } },
{ "type": "Feature", "properties": { "latitude": 40.818893, "longitude": -73.89229, "collision_count": 160 }, "geometry": { "type": "Point", "coordinates": [ -73.89229, 40.818893 ] } },
{ "type": "Feature", "properties": { "latitude": 40.820435, "longitude": -73.93624, "collision_count": 160 }, "geometry": { "type": "Point", "coordinates": [ -73.93624, 40.820435 ] } },
{ "type": "Feature", "properties": { "latitude": 40.877796, "longitude": -73.86806, "collision_count": 160 }, "geometry": { "type": "Point", "coordinates": [ -73.86806, 40.877796 ] } },
{ "type": "Feature", "properties": { "latitude": 40.79653, "longitude": -73.97597, "collision_count": 160 }, "geometry": { "type": "Point", "coordinates": [ -73.97597, 40.79653 ] } },
{ "type": "Feature", "properties": { "latitude": 40.681126, "longitude": -73.96446, "collision_count": 160 }, "geometry": { "type": "Point", "coordinates": [ -73.96446, 40.681126 ] } },
{ "type": "Feature", "properties": { "latitude": 40.785032, "longitude": -73.940571, "collision_count": 160 }, "geometry": { "type": "Point", "coordinates": [ -73.940571, 40.785032 ] } },
{ "type": "Feature", "properties": { "latitude": 40.583534, "longitude": -73.984184, "collision_count": 160 }, "geometry": { "type": "Point", "coordinates": [ -73.984184, 40.583534 ] } },
{ "type": "Feature", "properties": { "latitude": 40.810174, "longitude": -73.951167, "collision_count": 160 }, "geometry": { "type": "Point", "coordinates": [ -73.951167, 40.810174 ] } },
{ "type": "Feature", "properties": { "latitude": 40.672888, "longitude": -73.999217, "collision_count": 160 }, "geometry": { "type": "Point", "coordinates": [ -73.999217, 40.672888 ] } },
{ "type": "Feature", "properties": { "latitude": 40.806164, "longitude": -73.909134, "collision_count": 160 }, "geometry": { "type": "Point", "coordinates": [ -73.909134, 40.806164 ] } },
{ "type": "Feature", "properties": { "latitude": 40.762179, "longitude": -73.966129, "collision_count": 160 }, "geometry": { "type": "Point", "coordinates": [ -73.966129, 40.762179 ] } },
{ "type": "Feature", "properties": { "latitude": 40.826427, "longitude": -73.950455, "collision_count": 159 }, "geometry": { "type": "Point", "coordinates": [ -73.950455, 40.826427 ] } },
{ "type": "Feature", "properties": { "latitude": 40.714527, "longitude": -73.97481, "collision_count": 159 }, "geometry": { "type": "Point", "coordinates": [ -73.97481, 40.714527 ] } },
{ "type": "Feature", "properties": { "latitude": 40.676647, "longitude": -73.91647, "collision_count": 159 }, "geometry": { "type": "Point", "coordinates": [ -73.91647, 40.676647 ] } },
{ "type": "Feature", "properties": { "latitude": 40.665257, "longitude": -73.739551, "collision_count": 159 }, "geometry": { "type": "Point", "coordinates": [ -73.739551, 40.665257 ] } },
{ "type": "Feature", "properties": { "latitude": 40.86275, "longitude": -73.904933, "collision_count": 159 }, "geometry": { "type": "Point", "coordinates": [ -73.904933, 40.86275 ] } },
{ "type": "Feature", "properties": { "latitude": 40.728605, "longitude": -74.005315, "collision_count": 159 }, "geometry": { "type": "Point", "coordinates": [ -74.005315, 40.728605 ] } },
{ "type": "Feature", "properties": { "latitude": 40.681121, "longitude": -73.964422, "collision_count": 159 }, "geometry": { "type": "Point", "coordinates": [ -73.964422, 40.681121 ] } },
{ "type": "Feature", "properties": { "latitude": 40.68969, "longitude": -73.99237, "collision_count": 159 }, "geometry": { "type": "Point", "coordinates": [ -73.99237, 40.68969 ] } },
{ "type": "Feature", "properties": { "latitude": 40.75533, "longitude": -73.991179, "collision_count": 159 }, "geometry": { "type": "Point", "coordinates": [ -73.991179, 40.75533 ] } },
{ "type": "Feature", "properties": { "latitude": 40.69078, "longitude": -73.72728, "collision_count": 159 }, "geometry": { "type": "Point", "coordinates": [ -73.72728, 40.69078 ] } },
{ "type": "Feature", "properties": { "latitude": 40.76663, "longitude": -73.88903, "collision_count": 159 }, "geometry": { "type": "Point", "coordinates": [ -73.88903, 40.76663 ] } },
{ "type": "Feature", "properties": { "latitude": 40.755781, "longitude": -74.001985, "collision_count": 158 }, "geometry": { "type": "Point", "coordinates": [ -74.001985, 40.755781 ] } },
{ "type": "Feature", "properties": { "latitude": 40.667116, "longitude": -73.83465, "collision_count": 158 }, "geometry": { "type": "Point", "coordinates": [ -73.83465, 40.667116 ] } },
{ "type": "Feature", "properties": { "latitude": 40.835873, "longitude": -73.8699, "collision_count": 158 }, "geometry": { "type": "Point", "coordinates": [ -73.8699, 40.835873 ] } },
{ "type": "Feature", "properties": { "latitude": 40.761771, "longitude": -73.979056, "collision_count": 158 }, "geometry": { "type": "Point", "coordinates": [ -73.979056, 40.761771 ] } },
{ "type": "Feature", "properties": { "latitude": 40.672151, "longitude": -73.843181, "collision_count": 158 }, "geometry": { "type": "Point", "coordinates": [ -73.843181, 40.672151 ] } },
{ "type": "Feature", "properties": { "latitude": 40.760776, "longitude": -74.002184, "collision_count": 158 }, "geometry": { "type": "Point", "coordinates": [ -74.002184, 40.760776 ] } },
{ "type": "Feature", "properties": { "latitude": 40.760857, "longitude": -73.961075, "collision_count": 158 }, "geometry": { "type": "Point", "coordinates": [ -73.961075, 40.760857 ] } },
{ "type": "Feature", "properties": { "latitude": 40.750763, "longitude": -73.97446, "collision_count": 158 }, "geometry": { "type": "Point", "coordinates": [ -73.97446, 40.750763 ] } },
{ "type": "Feature", "properties": { "latitude": 40.760925, "longitude": -73.96705, "collision_count": 157 }, "geometry": { "type": "Point", "coordinates": [ -73.96705, 40.760925 ] } },
{ "type": "Feature", "properties": { "latitude": 40.717014, "longitude": -73.7994, "collision_count": 157 }, "geometry": { "type": "Point", "coordinates": [ -73.7994, 40.717014 ] } },
{ "type": "Feature", "properties": { "latitude": 40.881076, "longitude": -73.878486, "collision_count": 157 }, "geometry": { "type": "Point", "coordinates": [ -73.878486, 40.881076 ] } },
{ "type": "Feature", "properties": { "latitude": 40.663555, "longitude": -73.93162, "collision_count": 157 }, "geometry": { "type": "Point", "coordinates": [ -73.93162, 40.663555 ] } },
{ "type": "Feature", "properties": { "latitude": 40.76552, "longitude": -73.980037, "collision_count": 157 }, "geometry": { "type": "Point", "coordinates": [ -73.980037, 40.76552 ] } },
{ "type": "Feature", "properties": { "latitude": 40.691538, "longitude": -73.99911, "collision_count": 157 }, "geometry": { "type": "Point", "coordinates": [ -73.99911, 40.691538 ] } },
{ "type": "Feature", "properties": { "latitude": 40.736791, "longitude": -73.978497, "collision_count": 157 }, "geometry": { "type": "Point", "coordinates": [ -73.978497, 40.736791 ] } },
{ "type": "Feature", "properties": { "latitude": 40.715176, "longitude": -73.951965, "collision_count": 157 }, "geometry": { "type": "Point", "coordinates": [ -73.951965, 40.715176 ] } },
{ "type": "Feature", "properties": { "latitude": 40.826397, "longitude": -73.92116, "collision_count": 157 }, "geometry": { "type": "Point", "coordinates": [ -73.92116, 40.826397 ] } },
{ "type": "Feature", "properties": { "latitude": 40.76294, "longitude": -73.86067, "collision_count": 157 }, "geometry": { "type": "Point", "coordinates": [ -73.86067, 40.76294 ] } },
{ "type": "Feature", "properties": { "latitude": 40.749733, "longitude": -73.936097, "collision_count": 157 }, "geometry": { "type": "Point", "coordinates": [ -73.936097, 40.749733 ] } },
{ "type": "Feature", "properties": { "latitude": 40.638524, "longitude": -73.973186, "collision_count": 157 }, "geometry": { "type": "Point", "coordinates": [ -73.973186, 40.638524 ] } },
{ "type": "Feature", "properties": { "latitude": 40.725673, "longitude": -74.00578, "collision_count": 156 }, "geometry": { "type": "Point", "coordinates": [ -74.00578, 40.725673 ] } },
{ "type": "Feature", "properties": { "latitude": 40.770742, "longitude": -73.994549, "collision_count": 156 }, "geometry": { "type": "Point", "coordinates": [ -73.994549, 40.770742 ] } },
{ "type": "Feature", "properties": { "latitude": 40.652927, "longitude": -73.95933, "collision_count": 156 }, "geometry": { "type": "Point", "coordinates": [ -73.95933, 40.652927 ] } },
{ "type": "Feature", "properties": { "latitude": 40.752281, "longitude": -73.989692, "collision_count": 156 }, "geometry": { "type": "Point", "coordinates": [ -73.989692, 40.752281 ] } },
{ "type": "Feature", "properties": { "latitude": 40.66669, "longitude": -73.81173, "collision_count": 156 }, "geometry": { "type": "Point", "coordinates": [ -73.81173, 40.66669 ] } },
{ "type": "Feature", "properties": { "latitude": 40.733967, "longitude": -73.87177, "collision_count": 156 }, "geometry": { "type": "Point", "coordinates": [ -73.87177, 40.733967 ] } },
{ "type": "Feature", "properties": { "latitude": 40.815304, "longitude": -73.94371, "collision_count": 156 }, "geometry": { "type": "Point", "coordinates": [ -73.94371, 40.815304 ] } },
{ "type": "Feature", "properties": { "latitude": 40.72145, "longitude": -73.84399, "collision_count": 156 }, "geometry": { "type": "Point", "coordinates": [ -73.84399, 40.72145 ] } },
{ "type": "Feature", "properties": { "latitude": 40.704388, "longitude": -73.994576, "collision_count": 156 }, "geometry": { "type": "Point", "coordinates": [ -73.994576, 40.704388 ] } },
{ "type": "Feature", "properties": { "latitude": 40.674953, "longitude": -73.80205, "collision_count": 156 }, "geometry": { "type": "Point", "coordinates": [ -73.80205, 40.674953 ] } },
{ "type": "Feature", "properties": { "latitude": 40.700592, "longitude": -73.85457, "collision_count": 156 }, "geometry": { "type": "Point", "coordinates": [ -73.85457, 40.700592 ] } },
{ "type": "Feature", "properties": { "latitude": 40.704799, "longitude": -74.016685, "collision_count": 156 }, "geometry": { "type": "Point", "coordinates": [ -74.016685, 40.704799 ] } },
{ "type": "Feature", "properties": { "latitude": 40.66895, "longitude": -73.933889, "collision_count": 156 }, "geometry": { "type": "Point", "coordinates": [ -73.933889, 40.66895 ] } },
{ "type": "Feature", "properties": { "latitude": 40.65661, "longitude": -73.93091, "collision_count": 156 }, "geometry": { "type": "Point", "coordinates": [ -73.93091, 40.65661 ] } },
{ "type": "Feature", "properties": { "latitude": 40.669857, "longitude": -73.95051, "collision_count": 155 }, "geometry": { "type": "Point", "coordinates": [ -73.95051, 40.669857 ] } },
{ "type": "Feature", "properties": { "latitude": 40.608204, "longitude": -73.920715, "collision_count": 155 }, "geometry": { "type": "Point", "coordinates": [ -73.920715, 40.608204 ] } },
{ "type": "Feature", "properties": { "latitude": 40.66584, "longitude": -73.75551, "collision_count": 155 }, "geometry": { "type": "Point", "coordinates": [ -73.75551, 40.66584 ] } },
{ "type": "Feature", "properties": { "latitude": 40.81175, "longitude": -73.93144, "collision_count": 155 }, "geometry": { "type": "Point", "coordinates": [ -73.93144, 40.81175 ] } },
{ "type": "Feature", "properties": { "latitude": 40.809701, "longitude": -73.903029, "collision_count": 155 }, "geometry": { "type": "Point", "coordinates": [ -73.903029, 40.809701 ] } },
{ "type": "Feature", "properties": { "latitude": 40.806477, "longitude": -73.908455, "collision_count": 155 }, "geometry": { "type": "Point", "coordinates": [ -73.908455, 40.806477 ] } },
{ "type": "Feature", "properties": { "latitude": 40.805557, "longitude": -73.91047, "collision_count": 155 }, "geometry": { "type": "Point", "coordinates": [ -73.91047, 40.805557 ] } },
{ "type": "Feature", "properties": { "latitude": 40.609535, "longitude": -73.75372, "collision_count": 155 }, "geometry": { "type": "Point", "coordinates": [ -73.75372, 40.609535 ] } },
{ "type": "Feature", "properties": { "latitude": 40.634506, "longitude": -73.949455, "collision_count": 155 }, "geometry": { "type": "Point", "coordinates": [ -73.949455, 40.634506 ] } },
{ "type": "Feature", "properties": { "latitude": 40.71702, "longitude": -73.830505, "collision_count": 155 }, "geometry": { "type": "Point", "coordinates": [ -73.830505, 40.71702 ] } },
{ "type": "Feature", "properties": { "latitude": 40.861744, "longitude": -73.911804, "collision_count": 155 }, "geometry": { "type": "Point", "coordinates": [ -73.911804, 40.861744 ] } },
{ "type": "Feature", "properties": { "latitude": 40.760405, "longitude": -73.987474, "collision_count": 155 }, "geometry": { "type": "Point", "coordinates": [ -73.987474, 40.760405 ] } },
{ "type": "Feature", "properties": { "latitude": 40.83302, "longitude": -73.862724, "collision_count": 154 }, "geometry": { "type": "Point", "coordinates": [ -73.862724, 40.83302 ] } },
{ "type": "Feature", "properties": { "latitude": 40.578937, "longitude": -73.985212, "collision_count": 154 }, "geometry": { "type": "Point", "coordinates": [ -73.985212, 40.578937 ] } },
{ "type": "Feature", "properties": { "latitude": 40.73937, "longitude": -73.79189, "collision_count": 154 }, "geometry": { "type": "Point", "coordinates": [ -73.79189, 40.73937 ] } },
{ "type": "Feature", "properties": { "latitude": 40.742283, "longitude": -74.004425, "collision_count": 154 }, "geometry": { "type": "Point", "coordinates": [ -74.004425, 40.742283 ] } },
{ "type": "Feature", "properties": { "latitude": 40.650806, "longitude": -73.94958, "collision_count": 154 }, "geometry": { "type": "Point", "coordinates": [ -73.94958, 40.650806 ] } },
{ "type": "Feature", "properties": { "latitude": 40.817388, "longitude": -73.922758, "collision_count": 154 }, "geometry": { "type": "Point", "coordinates": [ -73.922758, 40.817388 ] } },
{ "type": "Feature", "properties": { "latitude": 40.72634, "longitude": -73.76508, "collision_count": 154 }, "geometry": { "type": "Point", "coordinates": [ -73.76508, 40.72634 ] } },
{ "type": "Feature", "properties": { "latitude": 40.84103, "longitude": -73.94463, "collision_count": 154 }, "geometry": { "type": "Point", "coordinates": [ -73.94463, 40.84103 ] } },
{ "type": "Feature", "properties": { "latitude": 40.672382, "longitude": -73.78574, "collision_count": 154 }, "geometry": { "type": "Point", "coordinates": [ -73.78574, 40.672382 ] } },
{ "type": "Feature", "properties": { "latitude": 40.788795, "longitude": -73.93755, "collision_count": 154 }, "geometry": { "type": "Point", "coordinates": [ -73.93755, 40.788795 ] } },
{ "type": "Feature", "properties": { "latitude": 40.76428, "longitude": -73.97302, "collision_count": 153 }, "geometry": { "type": "Point", "coordinates": [ -73.97302, 40.76428 ] } },
{ "type": "Feature", "properties": { "latitude": 40.758308, "longitude": -73.962926, "collision_count": 153 }, "geometry": { "type": "Point", "coordinates": [ -73.962926, 40.758308 ] } },
{ "type": "Feature", "properties": { "latitude": 40.73329, "longitude": -73.98719, "collision_count": 153 }, "geometry": { "type": "Point", "coordinates": [ -73.98719, 40.73329 ] } },
{ "type": "Feature", "properties": { "latitude": 40.710876, "longitude": -74.01439, "collision_count": 153 }, "geometry": { "type": "Point", "coordinates": [ -74.01439, 40.710876 ] } },
{ "type": "Feature", "properties": { "latitude": 40.6481, "longitude": -73.91474, "collision_count": 153 }, "geometry": { "type": "Point", "coordinates": [ -73.91474, 40.6481 ] } },
{ "type": "Feature", "properties": { "latitude": 40.852306, "longitude": -73.89811, "collision_count": 153 }, "geometry": { "type": "Point", "coordinates": [ -73.89811, 40.852306 ] } },
{ "type": "Feature", "properties": { "latitude": 40.75595, "longitude": -73.99074, "collision_count": 153 }, "geometry": { "type": "Point", "coordinates": [ -73.99074, 40.75595 ] } },
{ "type": "Feature", "properties": { "latitude": 40.66735, "longitude": -73.76994, "collision_count": 153 }, "geometry": { "type": "Point", "coordinates": [ -73.76994, 40.66735 ] } },
{ "type": "Feature", "properties": { "latitude": 40.752403, "longitude": -73.92442, "collision_count": 153 }, "geometry": { "type": "Point", "coordinates": [ -73.92442, 40.752403 ] } },
{ "type": "Feature", "properties": { "latitude": 40.721353, "longitude": -74.004636, "collision_count": 153 }, "geometry": { "type": "Point", "coordinates": [ -74.004636, 40.721353 ] } },
{ "type": "Feature", "properties": { "latitude": 40.742657, "longitude": -73.846214, "collision_count": 153 }, "geometry": { "type": "Point", "coordinates": [ -73.846214, 40.742657 ] } },
{ "type": "Feature", "properties": { "latitude": 40.732941, "longitude": -73.920382, "collision_count": 152 }, "geometry": { "type": "Point", "coordinates": [ -73.920382, 40.732941 ] } },
{ "type": "Feature", "properties": { "latitude": 40.67058, "longitude": -73.93096, "collision_count": 152 }, "geometry": { "type": "Point", "coordinates": [ -73.93096, 40.67058 ] } },
{ "type": "Feature", "properties": { "latitude": 40.751442, "longitude": -73.97606, "collision_count": 152 }, "geometry": { "type": "Point", "coordinates": [ -73.97606, 40.751442 ] } },
{ "type": "Feature", "properties": { "latitude": 40.78542, "longitude": -73.98399, "collision_count": 152 }, "geometry": { "type": "Point", "coordinates": [ -73.98399, 40.78542 ] } },
{ "type": "Feature", "properties": { "latitude": 40.84764, "longitude": -73.901, "collision_count": 152 }, "geometry": { "type": "Point", "coordinates": [ -73.901, 40.84764 ] } },
{ "type": "Feature", "properties": { "latitude": 40.718143, "longitude": -73.993835, "collision_count": 152 }, "geometry": { "type": "Point", "coordinates": [ -73.993835, 40.718143 ] } },
{ "type": "Feature", "properties": { "latitude": 40.6224, "longitude": -73.936646, "collision_count": 152 }, "geometry": { "type": "Point", "coordinates": [ -73.936646, 40.6224 ] } },
{ "type": "Feature", "properties": { "latitude": 40.759913, "longitude": -73.95881, "collision_count": 152 }, "geometry": { "type": "Point", "coordinates": [ -73.95881, 40.759913 ] } },
{ "type": "Feature", "properties": { "latitude": 40.87626, "longitude": -73.90395, "collision_count": 152 }, "geometry": { "type": "Point", "coordinates": [ -73.90395, 40.87626 ] } },
{ "type": "Feature", "properties": { "latitude": 40.744099, "longitude": -73.995644, "collision_count": 152 }, "geometry": { "type": "Point", "coordinates": [ -73.995644, 40.744099 ] } },
{ "type": "Feature", "properties": { "latitude": 40.801125, "longitude": -73.92988, "collision_count": 152 }, "geometry": { "type": "Point", "coordinates": [ -73.92988, 40.801125 ] } },
{ "type": "Feature", "properties": { "latitude": 40.753387, "longitude": -73.99631, "collision_count": 152 }, "geometry": { "type": "Point", "coordinates": [ -73.99631, 40.753387 ] } },
{ "type": "Feature", "properties": { "latitude": 40.71572, "longitude": -73.825745, "collision_count": 152 }, "geometry": { "type": "Point", "coordinates": [ -73.825745, 40.71572 ] } },
{ "type": "Feature", "properties": { "latitude": 40.718018, "longitude": -73.999957, "collision_count": 152 }, "geometry": { "type": "Point", "coordinates": [ -73.999957, 40.718018 ] } },
{ "type": "Feature", "properties": { "latitude": 40.841052, "longitude": -73.944679, "collision_count": 152 }, "geometry": { "type": "Point", "coordinates": [ -73.944679, 40.841052 ] } },
{ "type": "Feature", "properties": { "latitude": 40.598553, "longitude": -73.997345, "collision_count": 151 }, "geometry": { "type": "Point", "coordinates": [ -73.997345, 40.598553 ] } },
{ "type": "Feature", "properties": { "latitude": 40.854874, "longitude": -73.916794, "collision_count": 151 }, "geometry": { "type": "Point", "coordinates": [ -73.916794, 40.854874 ] } },
{ "type": "Feature", "properties": { "latitude": 40.759164, "longitude": -73.988391, "collision_count": 151 }, "geometry": { "type": "Point", "coordinates": [ -73.988391, 40.759164 ] } },
{ "type": "Feature", "properties": { "latitude": 40.561077, "longitude": -74.16984, "collision_count": 151 }, "geometry": { "type": "Point", "coordinates": [ -74.16984, 40.561077 ] } },
{ "type": "Feature", "properties": { "latitude": 40.61913, "longitude": -73.99019, "collision_count": 151 }, "geometry": { "type": "Point", "coordinates": [ -73.99019, 40.61913 ] } },
{ "type": "Feature", "properties": { "latitude": 40.81655, "longitude": -73.91955, "collision_count": 151 }, "geometry": { "type": "Point", "coordinates": [ -73.91955, 40.81655 ] } },
{ "type": "Feature", "properties": { "latitude": 40.861828, "longitude": -73.89286, "collision_count": 151 }, "geometry": { "type": "Point", "coordinates": [ -73.89286, 40.861828 ] } },
{ "type": "Feature", "properties": { "latitude": 40.709747, "longitude": -73.82057, "collision_count": 151 }, "geometry": { "type": "Point", "coordinates": [ -73.82057, 40.709747 ] } },
{ "type": "Feature", "properties": { "latitude": 40.663483, "longitude": -73.9627, "collision_count": 151 }, "geometry": { "type": "Point", "coordinates": [ -73.9627, 40.663483 ] } },
{ "type": "Feature", "properties": { "latitude": 40.76889, "longitude": -73.9821, "collision_count": 151 }, "geometry": { "type": "Point", "coordinates": [ -73.9821, 40.76889 ] } },
{ "type": "Feature", "properties": { "latitude": 40.692467, "longitude": -73.810815, "collision_count": 151 }, "geometry": { "type": "Point", "coordinates": [ -73.810815, 40.692467 ] } },
{ "type": "Feature", "properties": { "latitude": 40.751658, "longitude": -73.990132, "collision_count": 151 }, "geometry": { "type": "Point", "coordinates": [ -73.990132, 40.751658 ] } },
{ "type": "Feature", "properties": { "latitude": 40.69775, "longitude": -73.81393, "collision_count": 151 }, "geometry": { "type": "Point", "coordinates": [ -73.81393, 40.69775 ] } },
{ "type": "Feature", "properties": { "latitude": 40.728603, "longitude": -74.005325, "collision_count": 151 }, "geometry": { "type": "Point", "coordinates": [ -74.005325, 40.728603 ] } },
{ "type": "Feature", "properties": { "latitude": 40.844344, "longitude": -73.914743, "collision_count": 151 }, "geometry": { "type": "Point", "coordinates": [ -73.914743, 40.844344 ] } },
{ "type": "Feature", "properties": { "latitude": 40.742875, "longitude": -73.933938, "collision_count": 151 }, "geometry": { "type": "Point", "coordinates": [ -73.933938, 40.742875 ] } },
{ "type": "Feature", "properties": { "latitude": 40.818012, "longitude": -73.92519, "collision_count": 151 }, "geometry": { "type": "Point", "coordinates": [ -73.92519, 40.818012 ] } },
{ "type": "Feature", "properties": { "latitude": 40.642384, "longitude": -73.92539, "collision_count": 151 }, "geometry": { "type": "Point", "coordinates": [ -73.92539, 40.642384 ] } },
{ "type": "Feature", "properties": { "latitude": 40.761993, "longitude": -73.75849, "collision_count": 151 }, "geometry": { "type": "Point", "coordinates": [ -73.75849, 40.761993 ] } },
{ "type": "Feature", "properties": { "latitude": 40.75834, "longitude": -73.95775, "collision_count": 151 }, "geometry": { "type": "Point", "coordinates": [ -73.95775, 40.75834 ] } },
{ "type": "Feature", "properties": { "latitude": 40.665257, "longitude": -73.735344, "collision_count": 150 }, "geometry": { "type": "Point", "coordinates": [ -73.735344, 40.665257 ] } },
{ "type": "Feature", "properties": { "latitude": 40.666393, "longitude": -73.75177, "collision_count": 150 }, "geometry": { "type": "Point", "coordinates": [ -73.75177, 40.666393 ] } },
{ "type": "Feature", "properties": { "latitude": 40.741863, "longitude": -73.90751, "collision_count": 150 }, "geometry": { "type": "Point", "coordinates": [ -73.90751, 40.741863 ] } },
{ "type": "Feature", "properties": { "latitude": 40.70978, "longitude": -73.82043, "collision_count": 150 }, "geometry": { "type": "Point", "coordinates": [ -73.82043, 40.70978 ] } },
{ "type": "Feature", "properties": { "latitude": 40.813255, "longitude": -73.93028, "collision_count": 150 }, "geometry": { "type": "Point", "coordinates": [ -73.93028, 40.813255 ] } },
{ "type": "Feature", "properties": { "latitude": 40.697243, "longitude": -73.813324, "collision_count": 150 }, "geometry": { "type": "Point", "coordinates": [ -73.813324, 40.697243 ] } },
{ "type": "Feature", "properties": { "latitude": 40.74668, "longitude": -73.9745, "collision_count": 150 }, "geometry": { "type": "Point", "coordinates": [ -73.9745, 40.74668 ] } },
{ "type": "Feature", "properties": { "latitude": 40.763658, "longitude": -73.973464, "collision_count": 150 }, "geometry": { "type": "Point", "coordinates": [ -73.973464, 40.763658 ] } },
{ "type": "Feature", "properties": { "latitude": 40.740273, "longitude": -73.89586, "collision_count": 150 }, "geometry": { "type": "Point", "coordinates": [ -73.89586, 40.740273 ] } },
{ "type": "Feature", "properties": { "latitude": 40.636133, "longitude": -73.972736, "collision_count": 150 }, "geometry": { "type": "Point", "coordinates": [ -73.972736, 40.636133 ] } },
{ "type": "Feature", "properties": { "latitude": 40.88742, "longitude": -73.89449, "collision_count": 150 }, "geometry": { "type": "Point", "coordinates": [ -73.89449, 40.88742 ] } },
{ "type": "Feature", "properties": { "latitude": 40.666187, "longitude": -73.79176, "collision_count": 150 }, "geometry": { "type": "Point", "coordinates": [ -73.79176, 40.666187 ] } },
{ "type": "Feature", "properties": { "latitude": 40.73736, "longitude": -73.99685, "collision_count": 150 }, "geometry": { "type": "Point", "coordinates": [ -73.99685, 40.73736 ] } },
{ "type": "Feature", "properties": { "latitude": 40.665614, "longitude": -73.735671, "collision_count": 150 }, "geometry": { "type": "Point", "coordinates": [ -73.735671, 40.665614 ] } },
{ "type": "Feature", "properties": { "latitude": 40.64254, "longitude": -73.876511, "collision_count": 150 }, "geometry": { "type": "Point", "coordinates": [ -73.876511, 40.64254 ] } },
{ "type": "Feature", "properties": { "latitude": 40.65698, "longitude": -73.88943, "collision_count": 150 }, "geometry": { "type": "Point", "coordinates": [ -73.88943, 40.65698 ] } },
{ "type": "Feature", "properties": { "latitude": 40.654316, "longitude": -73.922158, "collision_count": 150 }, "geometry": { "type": "Point", "coordinates": [ -73.922158, 40.654316 ] } },
{ "type": "Feature", "properties": { "latitude": 40.782142, "longitude": -73.824838, "collision_count": 150 }, "geometry": { "type": "Point", "coordinates": [ -73.824838, 40.782142 ] } },
{ "type": "Feature", "properties": { "latitude": 40.750988, "longitude": -73.99063, "collision_count": 150 }, "geometry": { "type": "Point", "coordinates": [ -73.99063, 40.750988 ] } },
{ "type": "Feature", "properties": { "latitude": 40.762093, "longitude": -73.75691, "collision_count": 149 }, "geometry": { "type": "Point", "coordinates": [ -73.75691, 40.762093 ] } },
{ "type": "Feature", "properties": { "latitude": 40.716824, "longitude": -73.82019, "collision_count": 149 }, "geometry": { "type": "Point", "coordinates": [ -73.82019, 40.716824 ] } },
{ "type": "Feature", "properties": { "latitude": 40.717674, "longitude": -73.81713, "collision_count": 149 }, "geometry": { "type": "Point", "coordinates": [ -73.81713, 40.717674 ] } },
{ "type": "Feature", "properties": { "latitude": 40.751701, "longitude": -73.9864, "collision_count": 149 }, "geometry": { "type": "Point", "coordinates": [ -73.9864, 40.751701 ] } },
{ "type": "Feature", "properties": { "latitude": 40.663124, "longitude": -73.96244, "collision_count": 149 }, "geometry": { "type": "Point", "coordinates": [ -73.96244, 40.663124 ] } },
{ "type": "Feature", "properties": { "latitude": 40.691666, "longitude": -73.76239, "collision_count": 149 }, "geometry": { "type": "Point", "coordinates": [ -73.76239, 40.691666 ] } },
{ "type": "Feature", "properties": { "latitude": 40.78214, "longitude": -73.824844, "collision_count": 149 }, "geometry": { "type": "Point", "coordinates": [ -73.824844, 40.78214 ] } },
{ "type": "Feature", "properties": { "latitude": 40.61427, "longitude": -74.156654, "collision_count": 149 }, "geometry": { "type": "Point", "coordinates": [ -74.156654, 40.61427 ] } },
{ "type": "Feature", "properties": { "latitude": 40.754707, "longitude": -73.991633, "collision_count": 149 }, "geometry": { "type": "Point", "coordinates": [ -73.991633, 40.754707 ] } },
{ "type": "Feature", "properties": { "latitude": 40.671892, "longitude": -73.895868, "collision_count": 149 }, "geometry": { "type": "Point", "coordinates": [ -73.895868, 40.671892 ] } },
{ "type": "Feature", "properties": { "latitude": 40.861732, "longitude": -73.911814, "collision_count": 149 }, "geometry": { "type": "Point", "coordinates": [ -73.911814, 40.861732 ] } },
{ "type": "Feature", "properties": { "latitude": 40.616413, "longitude": -74.103516, "collision_count": 149 }, "geometry": { "type": "Point", "coordinates": [ -74.103516, 40.616413 ] } },
{ "type": "Feature", "properties": { "latitude": 40.68949, "longitude": -73.92207, "collision_count": 149 }, "geometry": { "type": "Point", "coordinates": [ -73.92207, 40.68949 ] } },
{ "type": "Feature", "properties": { "latitude": 40.737537, "longitude": -73.929955, "collision_count": 149 }, "geometry": { "type": "Point", "coordinates": [ -73.929955, 40.737537 ] } },
{ "type": "Feature", "properties": { "latitude": 40.563915, "longitude": -74.11637, "collision_count": 149 }, "geometry": { "type": "Point", "coordinates": [ -74.11637, 40.563915 ] } },
{ "type": "Feature", "properties": { "latitude": 40.683464, "longitude": -73.97569, "collision_count": 149 }, "geometry": { "type": "Point", "coordinates": [ -73.97569, 40.683464 ] } },
{ "type": "Feature", "properties": { "latitude": 40.58038, "longitude": -73.9676, "collision_count": 149 }, "geometry": { "type": "Point", "coordinates": [ -73.9676, 40.58038 ] } },
{ "type": "Feature", "properties": { "latitude": 40.741623, "longitude": -73.993735, "collision_count": 148 }, "geometry": { "type": "Point", "coordinates": [ -73.993735, 40.741623 ] } },
{ "type": "Feature", "properties": { "latitude": 40.804068, "longitude": -73.931154, "collision_count": 148 }, "geometry": { "type": "Point", "coordinates": [ -73.931154, 40.804068 ] } },
{ "type": "Feature", "properties": { "latitude": 40.67578, "longitude": -74.0014, "collision_count": 148 }, "geometry": { "type": "Point", "coordinates": [ -74.0014, 40.67578 ] } },
{ "type": "Feature", "properties": { "latitude": 40.730464, "longitude": -73.951482, "collision_count": 148 }, "geometry": { "type": "Point", "coordinates": [ -73.951482, 40.730464 ] } },
{ "type": "Feature", "properties": { "latitude": 40.686234, "longitude": -73.82418, "collision_count": 148 }, "geometry": { "type": "Point", "coordinates": [ -73.82418, 40.686234 ] } },
{ "type": "Feature", "properties": { "latitude": 40.785866, "longitude": -73.950935, "collision_count": 148 }, "geometry": { "type": "Point", "coordinates": [ -73.950935, 40.785866 ] } },
{ "type": "Feature", "properties": { "latitude": 40.671627, "longitude": -73.96263, "collision_count": 148 }, "geometry": { "type": "Point", "coordinates": [ -73.96263, 40.671627 ] } },
{ "type": "Feature", "properties": { "latitude": 40.830112, "longitude": -73.850266, "collision_count": 148 }, "geometry": { "type": "Point", "coordinates": [ -73.850266, 40.830112 ] } },
{ "type": "Feature", "properties": { "latitude": 40.751447, "longitude": -74.001429, "collision_count": 148 }, "geometry": { "type": "Point", "coordinates": [ -74.001429, 40.751447 ] } },
{ "type": "Feature", "properties": { "latitude": 40.691194, "longitude": -73.997768, "collision_count": 148 }, "geometry": { "type": "Point", "coordinates": [ -73.997768, 40.691194 ] } },
{ "type": "Feature", "properties": { "latitude": 40.749725, "longitude": -73.983622, "collision_count": 148 }, "geometry": { "type": "Point", "coordinates": [ -73.983622, 40.749725 ] } },
{ "type": "Feature", "properties": { "latitude": 40.71143, "longitude": -73.72845, "collision_count": 148 }, "geometry": { "type": "Point", "coordinates": [ -73.72845, 40.71143 ] } },
{ "type": "Feature", "properties": { "latitude": 40.747689, "longitude": -74.004168, "collision_count": 148 }, "geometry": { "type": "Point", "coordinates": [ -74.004168, 40.747689 ] } },
{ "type": "Feature", "properties": { "latitude": 40.754688, "longitude": -73.995355, "collision_count": 148 }, "geometry": { "type": "Point", "coordinates": [ -73.995355, 40.754688 ] } },
{ "type": "Feature", "properties": { "latitude": 40.75529, "longitude": -73.99493, "collision_count": 148 }, "geometry": { "type": "Point", "coordinates": [ -73.99493, 40.75529 ] } },
{ "type": "Feature", "properties": { "latitude": 40.76161, "longitude": -73.97076, "collision_count": 147 }, "geometry": { "type": "Point", "coordinates": [ -73.97076, 40.76161 ] } },
{ "type": "Feature", "properties": { "latitude": 40.84481, "longitude": -73.92579, "collision_count": 147 }, "geometry": { "type": "Point", "coordinates": [ -73.92579, 40.84481 ] } },
{ "type": "Feature", "properties": { "latitude": 40.859875, "longitude": -73.89323, "collision_count": 147 }, "geometry": { "type": "Point", "coordinates": [ -73.89323, 40.859875 ] } },
{ "type": "Feature", "properties": { "latitude": 40.652464, "longitude": -73.922848, "collision_count": 147 }, "geometry": { "type": "Point", "coordinates": [ -73.922848, 40.652464 ] } },
{ "type": "Feature", "properties": { "latitude": 40.850494, "longitude": -73.91546, "collision_count": 147 }, "geometry": { "type": "Point", "coordinates": [ -73.91546, 40.850494 ] } },
{ "type": "Feature", "properties": { "latitude": 40.695004, "longitude": -73.9525, "collision_count": 147 }, "geometry": { "type": "Point", "coordinates": [ -73.9525, 40.695004 ] } },
{ "type": "Feature", "properties": { "latitude": 40.655632, "longitude": -73.95987, "collision_count": 147 }, "geometry": { "type": "Point", "coordinates": [ -73.95987, 40.655632 ] } },
{ "type": "Feature", "properties": { "latitude": 40.738842, "longitude": -73.81404, "collision_count": 147 }, "geometry": { "type": "Point", "coordinates": [ -73.81404, 40.738842 ] } },
{ "type": "Feature", "properties": { "latitude": 40.815685, "longitude": -73.9583, "collision_count": 147 }, "geometry": { "type": "Point", "coordinates": [ -73.9583, 40.815685 ] } },
{ "type": "Feature", "properties": { "latitude": 40.61132, "longitude": -74.114716, "collision_count": 147 }, "geometry": { "type": "Point", "coordinates": [ -74.114716, 40.61132 ] } },
{ "type": "Feature", "properties": { "latitude": 40.817795, "longitude": -73.893183, "collision_count": 147 }, "geometry": { "type": "Point", "coordinates": [ -73.893183, 40.817795 ] } },
{ "type": "Feature", "properties": { "latitude": 40.700726, "longitude": -73.94194, "collision_count": 147 }, "geometry": { "type": "Point", "coordinates": [ -73.94194, 40.700726 ] } },
{ "type": "Feature", "properties": { "latitude": 40.762678, "longitude": -73.954332, "collision_count": 147 }, "geometry": { "type": "Point", "coordinates": [ -73.954332, 40.762678 ] } },
{ "type": "Feature", "properties": { "latitude": 40.597267, "longitude": -73.998657, "collision_count": 147 }, "geometry": { "type": "Point", "coordinates": [ -73.998657, 40.597267 ] } },
{ "type": "Feature", "properties": { "latitude": 40.760857, "longitude": -73.961069, "collision_count": 146 }, "geometry": { "type": "Point", "coordinates": [ -73.961069, 40.760857 ] } },
{ "type": "Feature", "properties": { "latitude": 40.827812, "longitude": -73.925934, "collision_count": 146 }, "geometry": { "type": "Point", "coordinates": [ -73.925934, 40.827812 ] } },
{ "type": "Feature", "properties": { "latitude": 40.72224, "longitude": -73.9863, "collision_count": 146 }, "geometry": { "type": "Point", "coordinates": [ -73.9863, 40.72224 ] } },
{ "type": "Feature", "properties": { "latitude": 40.762177, "longitude": -73.96613, "collision_count": 146 }, "geometry": { "type": "Point", "coordinates": [ -73.96613, 40.762177 ] } },
{ "type": "Feature", "properties": { "latitude": 40.7429, "longitude": -73.99281, "collision_count": 146 }, "geometry": { "type": "Point", "coordinates": [ -73.99281, 40.7429 ] } },
{ "type": "Feature", "properties": { "latitude": 40.66696, "longitude": -73.77078, "collision_count": 146 }, "geometry": { "type": "Point", "coordinates": [ -73.77078, 40.66696 ] } },
{ "type": "Feature", "properties": { "latitude": 40.609986, "longitude": -73.962378, "collision_count": 146 }, "geometry": { "type": "Point", "coordinates": [ -73.962378, 40.609986 ] } },
{ "type": "Feature", "properties": { "latitude": 40.64404, "longitude": -73.877525, "collision_count": 146 }, "geometry": { "type": "Point", "coordinates": [ -73.877525, 40.64404 ] } },
{ "type": "Feature", "properties": { "latitude": 40.6665, "longitude": -73.9962, "collision_count": 146 }, "geometry": { "type": "Point", "coordinates": [ -73.9962, 40.6665 ] } },
{ "type": "Feature", "properties": { "latitude": 40.86879, "longitude": -73.83168, "collision_count": 146 }, "geometry": { "type": "Point", "coordinates": [ -73.83168, 40.86879 ] } },
{ "type": "Feature", "properties": { "latitude": 40.724693, "longitude": -73.7541, "collision_count": 146 }, "geometry": { "type": "Point", "coordinates": [ -73.7541, 40.724693 ] } },
{ "type": "Feature", "properties": { "latitude": 40.797943, "longitude": -73.94003, "collision_count": 146 }, "geometry": { "type": "Point", "coordinates": [ -73.94003, 40.797943 ] } },
{ "type": "Feature", "properties": { "latitude": 40.894662, "longitude": -73.86136, "collision_count": 146 }, "geometry": { "type": "Point", "coordinates": [ -73.86136, 40.894662 ] } },
{ "type": "Feature", "properties": { "latitude": 40.719864, "longitude": -73.94486, "collision_count": 146 }, "geometry": { "type": "Point", "coordinates": [ -73.94486, 40.719864 ] } },
{ "type": "Feature", "properties": { "latitude": 40.734963, "longitude": -73.97979, "collision_count": 146 }, "geometry": { "type": "Point", "coordinates": [ -73.97979, 40.734963 ] } },
{ "type": "Feature", "properties": { "latitude": 40.666452, "longitude": -73.757631, "collision_count": 146 }, "geometry": { "type": "Point", "coordinates": [ -73.757631, 40.666452 ] } },
{ "type": "Feature", "properties": { "latitude": 40.771374, "longitude": -73.877144, "collision_count": 145 }, "geometry": { "type": "Point", "coordinates": [ -73.877144, 40.771374 ] } },
{ "type": "Feature", "properties": { "latitude": 40.583626, "longitude": -73.98407, "collision_count": 145 }, "geometry": { "type": "Point", "coordinates": [ -73.98407, 40.583626 ] } },
{ "type": "Feature", "properties": { "latitude": 40.833233, "longitude": -73.8282, "collision_count": 145 }, "geometry": { "type": "Point", "coordinates": [ -73.8282, 40.833233 ] } },
{ "type": "Feature", "properties": { "latitude": 40.761607, "longitude": -73.990315, "collision_count": 145 }, "geometry": { "type": "Point", "coordinates": [ -73.990315, 40.761607 ] } },
{ "type": "Feature", "properties": { "latitude": 40.686682, "longitude": -73.979364, "collision_count": 145 }, "geometry": { "type": "Point", "coordinates": [ -73.979364, 40.686682 ] } },
{ "type": "Feature", "properties": { "latitude": 40.665508, "longitude": -73.992769, "collision_count": 145 }, "geometry": { "type": "Point", "coordinates": [ -73.992769, 40.665508 ] } },
{ "type": "Feature", "properties": { "latitude": 40.758377, "longitude": -73.994376, "collision_count": 145 }, "geometry": { "type": "Point", "coordinates": [ -73.994376, 40.758377 ] } },
{ "type": "Feature", "properties": { "latitude": 40.66662, "longitude": -73.835464, "collision_count": 145 }, "geometry": { "type": "Point", "coordinates": [ -73.835464, 40.66662 ] } },
{ "type": "Feature", "properties": { "latitude": 40.751602, "longitude": -73.93384, "collision_count": 145 }, "geometry": { "type": "Point", "coordinates": [ -73.93384, 40.751602 ] } },
{ "type": "Feature", "properties": { "latitude": 40.73539, "longitude": -73.97511, "collision_count": 145 }, "geometry": { "type": "Point", "coordinates": [ -73.97511, 40.73539 ] } },
{ "type": "Feature", "properties": { "latitude": 40.86769, "longitude": -73.92122, "collision_count": 145 }, "geometry": { "type": "Point", "coordinates": [ -73.92122, 40.86769 ] } },
{ "type": "Feature", "properties": { "latitude": 40.757145, "longitude": -73.99357, "collision_count": 145 }, "geometry": { "type": "Point", "coordinates": [ -73.99357, 40.757145 ] } },
{ "type": "Feature", "properties": { "latitude": 40.63413, "longitude": -73.928505, "collision_count": 145 }, "geometry": { "type": "Point", "coordinates": [ -73.928505, 40.63413 ] } },
{ "type": "Feature", "properties": { "latitude": 40.762747, "longitude": -73.833286, "collision_count": 145 }, "geometry": { "type": "Point", "coordinates": [ -73.833286, 40.762747 ] } },
{ "type": "Feature", "properties": { "latitude": 40.88271, "longitude": -73.881256, "collision_count": 145 }, "geometry": { "type": "Point", "coordinates": [ -73.881256, 40.88271 ] } },
{ "type": "Feature", "properties": { "latitude": 40.752405, "longitude": -73.924418, "collision_count": 144 }, "geometry": { "type": "Point", "coordinates": [ -73.924418, 40.752405 ] } },
{ "type": "Feature", "properties": { "latitude": 40.786545, "longitude": -73.95256, "collision_count": 144 }, "geometry": { "type": "Point", "coordinates": [ -73.95256, 40.786545 ] } },
{ "type": "Feature", "properties": { "latitude": 40.66475, "longitude": -73.89405, "collision_count": 144 }, "geometry": { "type": "Point", "coordinates": [ -73.89405, 40.66475 ] } },
{ "type": "Feature", "properties": { "latitude": 40.696556, "longitude": -73.98091, "collision_count": 144 }, "geometry": { "type": "Point", "coordinates": [ -73.98091, 40.696556 ] } },
{ "type": "Feature", "properties": { "latitude": 40.70084, "longitude": -73.994939, "collision_count": 144 }, "geometry": { "type": "Point", "coordinates": [ -73.994939, 40.70084 ] } },
{ "type": "Feature", "properties": { "latitude": 40.742285, "longitude": -74.004417, "collision_count": 144 }, "geometry": { "type": "Point", "coordinates": [ -74.004417, 40.742285 ] } },
{ "type": "Feature", "properties": { "latitude": 40.76226, "longitude": -73.756983, "collision_count": 144 }, "geometry": { "type": "Point", "coordinates": [ -73.756983, 40.76226 ] } },
{ "type": "Feature", "properties": { "latitude": 40.8746, "longitude": -73.9097, "collision_count": 144 }, "geometry": { "type": "Point", "coordinates": [ -73.9097, 40.8746 ] } },
{ "type": "Feature", "properties": { "latitude": 40.73883, "longitude": -73.983154, "collision_count": 144 }, "geometry": { "type": "Point", "coordinates": [ -73.983154, 40.73883 ] } },
{ "type": "Feature", "properties": { "latitude": 40.758306, "longitude": -73.855608, "collision_count": 144 }, "geometry": { "type": "Point", "coordinates": [ -73.855608, 40.758306 ] } },
{ "type": "Feature", "properties": { "latitude": 40.644432, "longitude": -73.9296, "collision_count": 144 }, "geometry": { "type": "Point", "coordinates": [ -73.9296, 40.644432 ] } },
{ "type": "Feature", "properties": { "latitude": 40.706701, "longitude": -74.016047, "collision_count": 144 }, "geometry": { "type": "Point", "coordinates": [ -74.016047, 40.706701 ] } },
{ "type": "Feature", "properties": { "latitude": 40.672688, "longitude": -73.73544, "collision_count": 144 }, "geometry": { "type": "Point", "coordinates": [ -73.73544, 40.672688 ] } },
{ "type": "Feature", "properties": { "latitude": 40.84869, "longitude": -73.90329, "collision_count": 143 }, "geometry": { "type": "Point", "coordinates": [ -73.90329, 40.84869 ] } },
{ "type": "Feature", "properties": { "latitude": 40.66632, "longitude": -73.83481, "collision_count": 143 }, "geometry": { "type": "Point", "coordinates": [ -73.83481, 40.66632 ] } },
{ "type": "Feature", "properties": { "latitude": 40.735454, "longitude": -73.917037, "collision_count": 143 }, "geometry": { "type": "Point", "coordinates": [ -73.917037, 40.735454 ] } },
{ "type": "Feature", "properties": { "latitude": 40.816554, "longitude": -73.919544, "collision_count": 143 }, "geometry": { "type": "Point", "coordinates": [ -73.919544, 40.816554 ] } },
{ "type": "Feature", "properties": { "latitude": 40.741549, "longitude": -73.989575, "collision_count": 143 }, "geometry": { "type": "Point", "coordinates": [ -73.989575, 40.741549 ] } },
{ "type": "Feature", "properties": { "latitude": 40.766045, "longitude": -73.983365, "collision_count": 143 }, "geometry": { "type": "Point", "coordinates": [ -73.983365, 40.766045 ] } },
{ "type": "Feature", "properties": { "latitude": 40.701911, "longitude": -73.936979, "collision_count": 143 }, "geometry": { "type": "Point", "coordinates": [ -73.936979, 40.701911 ] } },
{ "type": "Feature", "properties": { "latitude": 40.740273, "longitude": -73.895851, "collision_count": 143 }, "geometry": { "type": "Point", "coordinates": [ -73.895851, 40.740273 ] } },
{ "type": "Feature", "properties": { "latitude": 40.835808, "longitude": -73.949455, "collision_count": 143 }, "geometry": { "type": "Point", "coordinates": [ -73.949455, 40.835808 ] } },
{ "type": "Feature", "properties": { "latitude": 40.667351, "longitude": -73.769933, "collision_count": 143 }, "geometry": { "type": "Point", "coordinates": [ -73.769933, 40.667351 ] } },
{ "type": "Feature", "properties": { "latitude": 40.75979, "longitude": -73.98793, "collision_count": 142 }, "geometry": { "type": "Point", "coordinates": [ -73.98793, 40.75979 ] } },
{ "type": "Feature", "properties": { "latitude": 40.820187, "longitude": -73.890686, "collision_count": 142 }, "geometry": { "type": "Point", "coordinates": [ -73.890686, 40.820187 ] } },
{ "type": "Feature", "properties": { "latitude": 40.804585, "longitude": -73.91213, "collision_count": 142 }, "geometry": { "type": "Point", "coordinates": [ -73.91213, 40.804585 ] } },
{ "type": "Feature", "properties": { "latitude": 40.6094, "longitude": -73.967674, "collision_count": 142 }, "geometry": { "type": "Point", "coordinates": [ -73.967674, 40.6094 ] } },
{ "type": "Feature", "properties": { "latitude": 40.75834, "longitude": -73.996414, "collision_count": 142 }, "geometry": { "type": "Point", "coordinates": [ -73.996414, 40.75834 ] } },
{ "type": "Feature", "properties": { "latitude": 40.747078, "longitude": -73.981342, "collision_count": 142 }, "geometry": { "type": "Point", "coordinates": [ -73.981342, 40.747078 ] } },
{ "type": "Feature", "properties": { "latitude": 40.576504, "longitude": -74.1037, "collision_count": 142 }, "geometry": { "type": "Point", "coordinates": [ -74.1037, 40.576504 ] } },
{ "type": "Feature", "properties": { "latitude": 40.762966, "longitude": -73.973976, "collision_count": 142 }, "geometry": { "type": "Point", "coordinates": [ -73.973976, 40.762966 ] } },
{ "type": "Feature", "properties": { "latitude": 40.66077, "longitude": -73.91975, "collision_count": 142 }, "geometry": { "type": "Point", "coordinates": [ -73.91975, 40.66077 ] } },
{ "type": "Feature", "properties": { "latitude": 40.668266, "longitude": -73.84214, "collision_count": 142 }, "geometry": { "type": "Point", "coordinates": [ -73.84214, 40.668266 ] } },
{ "type": "Feature", "properties": { "latitude": 40.763893, "longitude": -73.915, "collision_count": 141 }, "geometry": { "type": "Point", "coordinates": [ -73.915, 40.763893 ] } },
{ "type": "Feature", "properties": { "latitude": 40.67546, "longitude": -73.73385, "collision_count": 141 }, "geometry": { "type": "Point", "coordinates": [ -73.73385, 40.67546 ] } },
{ "type": "Feature", "properties": { "latitude": 40.7441, "longitude": -73.99565, "collision_count": 141 }, "geometry": { "type": "Point", "coordinates": [ -73.99565, 40.7441 ] } },
{ "type": "Feature", "properties": { "latitude": 40.71728, "longitude": -73.995429, "collision_count": 141 }, "geometry": { "type": "Point", "coordinates": [ -73.995429, 40.71728 ] } },
{ "type": "Feature", "properties": { "latitude": 40.666077, "longitude": -73.995224, "collision_count": 141 }, "geometry": { "type": "Point", "coordinates": [ -73.995224, 40.666077 ] } },
{ "type": "Feature", "properties": { "latitude": 40.763547, "longitude": -73.969338, "collision_count": 141 }, "geometry": { "type": "Point", "coordinates": [ -73.969338, 40.763547 ] } },
{ "type": "Feature", "properties": { "latitude": 40.782023, "longitude": -73.971723, "collision_count": 141 }, "geometry": { "type": "Point", "coordinates": [ -73.971723, 40.782023 ] } },
{ "type": "Feature", "properties": { "latitude": 40.747295, "longitude": -73.97405, "collision_count": 141 }, "geometry": { "type": "Point", "coordinates": [ -73.97405, 40.747295 ] } },
{ "type": "Feature", "properties": { "latitude": 40.717678, "longitude": -73.817126, "collision_count": 141 }, "geometry": { "type": "Point", "coordinates": [ -73.817126, 40.717678 ] } },
{ "type": "Feature", "properties": { "latitude": 40.760457, "longitude": -73.983731, "collision_count": 141 }, "geometry": { "type": "Point", "coordinates": [ -73.983731, 40.760457 ] } },
{ "type": "Feature", "properties": { "latitude": 40.677624, "longitude": -73.93308, "collision_count": 141 }, "geometry": { "type": "Point", "coordinates": [ -73.93308, 40.677624 ] } },
{ "type": "Feature", "properties": { "latitude": 40.770314, "longitude": -73.9914, "collision_count": 141 }, "geometry": { "type": "Point", "coordinates": [ -73.9914, 40.770314 ] } },
{ "type": "Feature", "properties": { "latitude": 40.79465, "longitude": -73.971794, "collision_count": 141 }, "geometry": { "type": "Point", "coordinates": [ -73.971794, 40.79465 ] } },
{ "type": "Feature", "properties": { "latitude": 40.696986, "longitude": -73.935224, "collision_count": 141 }, "geometry": { "type": "Point", "coordinates": [ -73.935224, 40.696986 ] } },
{ "type": "Feature", "properties": { "latitude": 40.619396, "longitude": -73.969574, "collision_count": 140 }, "geometry": { "type": "Point", "coordinates": [ -73.969574, 40.619396 ] } },
{ "type": "Feature", "properties": { "latitude": 40.718795, "longitude": -73.989012, "collision_count": 140 }, "geometry": { "type": "Point", "coordinates": [ -73.989012, 40.718795 ] } },
{ "type": "Feature", "properties": { "latitude": 40.661836, "longitude": -73.893105, "collision_count": 140 }, "geometry": { "type": "Point", "coordinates": [ -73.893105, 40.661836 ] } },
{ "type": "Feature", "properties": { "latitude": 40.730137, "longitude": -73.862366, "collision_count": 140 }, "geometry": { "type": "Point", "coordinates": [ -73.862366, 40.730137 ] } },
{ "type": "Feature", "properties": { "latitude": 40.829185, "longitude": -73.928764, "collision_count": 140 }, "geometry": { "type": "Point", "coordinates": [ -73.928764, 40.829185 ] } },
{ "type": "Feature", "properties": { "latitude": 40.62657, "longitude": -73.970921, "collision_count": 140 }, "geometry": { "type": "Point", "coordinates": [ -73.970921, 40.62657 ] } },
{ "type": "Feature", "properties": { "latitude": 40.762978, "longitude": -73.83198, "collision_count": 140 }, "geometry": { "type": "Point", "coordinates": [ -73.83198, 40.762978 ] } },
{ "type": "Feature", "properties": { "latitude": 40.625975, "longitude": -73.976235, "collision_count": 140 }, "geometry": { "type": "Point", "coordinates": [ -73.976235, 40.625975 ] } },
{ "type": "Feature", "properties": { "latitude": 40.807187, "longitude": -73.92428, "collision_count": 140 }, "geometry": { "type": "Point", "coordinates": [ -73.92428, 40.807187 ] } },
{ "type": "Feature", "properties": { "latitude": 40.73093, "longitude": -73.864586, "collision_count": 140 }, "geometry": { "type": "Point", "coordinates": [ -73.864586, 40.73093 ] } },
{ "type": "Feature", "properties": { "latitude": 40.67832, "longitude": -73.94692, "collision_count": 140 }, "geometry": { "type": "Point", "coordinates": [ -73.94692, 40.67832 ] } },
{ "type": "Feature", "properties": { "latitude": 40.70509, "longitude": -74.016464, "collision_count": 140 }, "geometry": { "type": "Point", "coordinates": [ -74.016464, 40.70509 ] } },
{ "type": "Feature", "properties": { "latitude": 40.700726, "longitude": -73.941932, "collision_count": 140 }, "geometry": { "type": "Point", "coordinates": [ -73.941932, 40.700726 ] } },
{ "type": "Feature", "properties": { "latitude": 40.640915, "longitude": -73.973642, "collision_count": 140 }, "geometry": { "type": "Point", "coordinates": [ -73.973642, 40.640915 ] } },
{ "type": "Feature", "properties": { "latitude": 40.831978, "longitude": -73.93515, "collision_count": 140 }, "geometry": { "type": "Point", "coordinates": [ -73.93515, 40.831978 ] } },
{ "type": "Feature", "properties": { "latitude": 40.602806, "longitude": -74.062874, "collision_count": 140 }, "geometry": { "type": "Point", "coordinates": [ -74.062874, 40.602806 ] } },
{ "type": "Feature", "properties": { "latitude": 40.83968, "longitude": -73.929276, "collision_count": 140 }, "geometry": { "type": "Point", "coordinates": [ -73.929276, 40.83968 ] } },
{ "type": "Feature", "properties": { "latitude": 40.845352, "longitude": -73.92821, "collision_count": 140 }, "geometry": { "type": "Point", "coordinates": [ -73.92821, 40.845352 ] } },
{ "type": "Feature", "properties": { "latitude": 40.806343, "longitude": -73.93318, "collision_count": 140 }, "geometry": { "type": "Point", "coordinates": [ -73.93318, 40.806343 ] } },
{ "type": "Feature", "properties": { "latitude": 40.737833, "longitude": -73.935686, "collision_count": 139 }, "geometry": { "type": "Point", "coordinates": [ -73.935686, 40.737833 ] } },
{ "type": "Feature", "properties": { "latitude": 40.762396, "longitude": -73.978601, "collision_count": 139 }, "geometry": { "type": "Point", "coordinates": [ -73.978601, 40.762396 ] } },
{ "type": "Feature", "properties": { "latitude": 40.679204, "longitude": -73.955294, "collision_count": 139 }, "geometry": { "type": "Point", "coordinates": [ -73.955294, 40.679204 ] } },
{ "type": "Feature", "properties": { "latitude": 40.715235, "longitude": -74.013351, "collision_count": 139 }, "geometry": { "type": "Point", "coordinates": [ -74.013351, 40.715235 ] } },
{ "type": "Feature", "properties": { "latitude": 40.670008, "longitude": -73.953271, "collision_count": 139 }, "geometry": { "type": "Point", "coordinates": [ -73.953271, 40.670008 ] } },
{ "type": "Feature", "properties": { "latitude": 40.709896, "longitude": -73.83941, "collision_count": 139 }, "geometry": { "type": "Point", "coordinates": [ -73.83941, 40.709896 ] } },
{ "type": "Feature", "properties": { "latitude": 40.84768, "longitude": -73.91237, "collision_count": 139 }, "geometry": { "type": "Point", "coordinates": [ -73.91237, 40.84768 ] } },
{ "type": "Feature", "properties": { "latitude": 40.847667, "longitude": -73.901022, "collision_count": 139 }, "geometry": { "type": "Point", "coordinates": [ -73.901022, 40.847667 ] } },
{ "type": "Feature", "properties": { "latitude": 40.673008, "longitude": -73.78809, "collision_count": 139 }, "geometry": { "type": "Point", "coordinates": [ -73.78809, 40.673008 ] } },
{ "type": "Feature", "properties": { "latitude": 40.655634, "longitude": -73.959862, "collision_count": 139 }, "geometry": { "type": "Point", "coordinates": [ -73.959862, 40.655634 ] } },
{ "type": "Feature", "properties": { "latitude": 40.752936, "longitude": -73.985487, "collision_count": 139 }, "geometry": { "type": "Point", "coordinates": [ -73.985487, 40.752936 ] } },
{ "type": "Feature", "properties": { "latitude": 40.677017, "longitude": -73.92182, "collision_count": 139 }, "geometry": { "type": "Point", "coordinates": [ -73.92182, 40.677017 ] } },
{ "type": "Feature", "properties": { "latitude": 40.677563, "longitude": -73.93308, "collision_count": 139 }, "geometry": { "type": "Point", "coordinates": [ -73.93308, 40.677563 ] } },
{ "type": "Feature", "properties": { "latitude": 40.727873, "longitude": -73.929122, "collision_count": 139 }, "geometry": { "type": "Point", "coordinates": [ -73.929122, 40.727873 ] } },
{ "type": "Feature", "properties": { "latitude": 40.7699, "longitude": -73.91608, "collision_count": 139 }, "geometry": { "type": "Point", "coordinates": [ -73.91608, 40.7699 ] } },
{ "type": "Feature", "properties": { "latitude": 40.677406, "longitude": -73.983048, "collision_count": 139 }, "geometry": { "type": "Point", "coordinates": [ -73.983048, 40.677406 ] } },
{ "type": "Feature", "properties": { "latitude": 40.75254, "longitude": -73.85261, "collision_count": 138 }, "geometry": { "type": "Point", "coordinates": [ -73.85261, 40.75254 ] } },
{ "type": "Feature", "properties": { "latitude": 40.679276, "longitude": -73.92906, "collision_count": 138 }, "geometry": { "type": "Point", "coordinates": [ -73.92906, 40.679276 ] } },
{ "type": "Feature", "properties": { "latitude": 40.75539, "longitude": -73.828285, "collision_count": 138 }, "geometry": { "type": "Point", "coordinates": [ -73.828285, 40.75539 ] } },
{ "type": "Feature", "properties": { "latitude": 40.836502, "longitude": -73.825165, "collision_count": 138 }, "geometry": { "type": "Point", "coordinates": [ -73.825165, 40.836502 ] } },
{ "type": "Feature", "properties": { "latitude": 40.748993, "longitude": -73.89687, "collision_count": 138 }, "geometry": { "type": "Point", "coordinates": [ -73.89687, 40.748993 ] } },
{ "type": "Feature", "properties": { "latitude": 40.72106, "longitude": -73.75945, "collision_count": 138 }, "geometry": { "type": "Point", "coordinates": [ -73.75945, 40.72106 ] } },
{ "type": "Feature", "properties": { "latitude": 40.749706, "longitude": -73.991562, "collision_count": 138 }, "geometry": { "type": "Point", "coordinates": [ -73.991562, 40.749706 ] } },
{ "type": "Feature", "properties": { "latitude": 40.743275, "longitude": -73.77572, "collision_count": 138 }, "geometry": { "type": "Point", "coordinates": [ -73.77572, 40.743275 ] } },
{ "type": "Feature", "properties": { "latitude": 40.79525, "longitude": -73.97321, "collision_count": 138 }, "geometry": { "type": "Point", "coordinates": [ -73.97321, 40.79525 ] } },
{ "type": "Feature", "properties": { "latitude": 40.629987, "longitude": -73.971568, "collision_count": 138 }, "geometry": { "type": "Point", "coordinates": [ -73.971568, 40.629987 ] } },
{ "type": "Feature", "properties": { "latitude": 40.72158, "longitude": -73.94167, "collision_count": 138 }, "geometry": { "type": "Point", "coordinates": [ -73.94167, 40.72158 ] } },
{ "type": "Feature", "properties": { "latitude": 40.75677, "longitude": -73.98271, "collision_count": 138 }, "geometry": { "type": "Point", "coordinates": [ -73.98271, 40.75677 ] } },
{ "type": "Feature", "properties": { "latitude": 40.752855, "longitude": -73.99298, "collision_count": 138 }, "geometry": { "type": "Point", "coordinates": [ -73.99298, 40.752855 ] } },
{ "type": "Feature", "properties": { "latitude": 40.748512, "longitude": -73.988714, "collision_count": 138 }, "geometry": { "type": "Point", "coordinates": [ -73.988714, 40.748512 ] } },
{ "type": "Feature", "properties": { "latitude": 40.83887, "longitude": -73.87811, "collision_count": 138 }, "geometry": { "type": "Point", "coordinates": [ -73.87811, 40.83887 ] } },
{ "type": "Feature", "properties": { "latitude": 40.820437, "longitude": -73.936227, "collision_count": 138 }, "geometry": { "type": "Point", "coordinates": [ -73.936227, 40.820437 ] } },
{ "type": "Feature", "properties": { "latitude": 40.811367, "longitude": -73.95402, "collision_count": 138 }, "geometry": { "type": "Point", "coordinates": [ -73.95402, 40.811367 ] } },
{ "type": "Feature", "properties": { "latitude": 40.697558, "longitude": -73.852772, "collision_count": 138 }, "geometry": { "type": "Point", "coordinates": [ -73.852772, 40.697558 ] } },
{ "type": "Feature", "properties": { "latitude": 40.696033, "longitude": -73.984535, "collision_count": 137 }, "geometry": { "type": "Point", "coordinates": [ -73.984535, 40.696033 ] } },
{ "type": "Feature", "properties": { "latitude": 40.747925, "longitude": -73.973607, "collision_count": 137 }, "geometry": { "type": "Point", "coordinates": [ -73.973607, 40.747925 ] } },
{ "type": "Feature", "properties": { "latitude": 40.756317, "longitude": -73.83369, "collision_count": 137 }, "geometry": { "type": "Point", "coordinates": [ -73.83369, 40.756317 ] } },
{ "type": "Feature", "properties": { "latitude": 40.815754, "longitude": -73.89529, "collision_count": 137 }, "geometry": { "type": "Point", "coordinates": [ -73.89529, 40.815754 ] } },
{ "type": "Feature", "properties": { "latitude": 40.855385, "longitude": -73.9181, "collision_count": 137 }, "geometry": { "type": "Point", "coordinates": [ -73.9181, 40.855385 ] } },
{ "type": "Feature", "properties": { "latitude": 40.729572, "longitude": -73.83383, "collision_count": 137 }, "geometry": { "type": "Point", "coordinates": [ -73.83383, 40.729572 ] } },
{ "type": "Feature", "properties": { "latitude": 40.697556, "longitude": -73.852776, "collision_count": 137 }, "geometry": { "type": "Point", "coordinates": [ -73.852776, 40.697556 ] } },
{ "type": "Feature", "properties": { "latitude": 40.758975, "longitude": -73.919, "collision_count": 137 }, "geometry": { "type": "Point", "coordinates": [ -73.919, 40.758975 ] } },
{ "type": "Feature", "properties": { "latitude": 40.89339, "longitude": -73.857376, "collision_count": 137 }, "geometry": { "type": "Point", "coordinates": [ -73.857376, 40.89339 ] } },
{ "type": "Feature", "properties": { "latitude": 40.607185, "longitude": -74.16239, "collision_count": 137 }, "geometry": { "type": "Point", "coordinates": [ -74.16239, 40.607185 ] } },
{ "type": "Feature", "properties": { "latitude": 40.79737, "longitude": -73.91981, "collision_count": 137 }, "geometry": { "type": "Point", "coordinates": [ -73.91981, 40.79737 ] } },
{ "type": "Feature", "properties": { "latitude": 40.853706, "longitude": -73.871864, "collision_count": 137 }, "geometry": { "type": "Point", "coordinates": [ -73.871864, 40.853706 ] } },
{ "type": "Feature", "properties": { "latitude": 40.894314, "longitude": -73.86027, "collision_count": 137 }, "geometry": { "type": "Point", "coordinates": [ -73.86027, 40.894314 ] } },
{ "type": "Feature", "properties": { "latitude": 40.745724, "longitude": -73.97813, "collision_count": 137 }, "geometry": { "type": "Point", "coordinates": [ -73.97813, 40.745724 ] } },
{ "type": "Feature", "properties": { "latitude": 40.756319, "longitude": -73.833678, "collision_count": 137 }, "geometry": { "type": "Point", "coordinates": [ -73.833678, 40.756319 ] } },
{ "type": "Feature", "properties": { "latitude": 40.815755, "longitude": -73.895278, "collision_count": 137 }, "geometry": { "type": "Point", "coordinates": [ -73.895278, 40.815755 ] } },
{ "type": "Feature", "properties": { "latitude": 40.683777, "longitude": -73.76975, "collision_count": 137 }, "geometry": { "type": "Point", "coordinates": [ -73.76975, 40.683777 ] } },
{ "type": "Feature", "properties": { "latitude": 40.82523, "longitude": -73.94761, "collision_count": 137 }, "geometry": { "type": "Point", "coordinates": [ -73.94761, 40.82523 ] } },
{ "type": "Feature", "properties": { "latitude": 40.616415, "longitude": -74.103509, "collision_count": 137 }, "geometry": { "type": "Point", "coordinates": [ -74.103509, 40.616415 ] } },
{ "type": "Feature", "properties": { "latitude": 40.707716, "longitude": -73.802787, "collision_count": 136 }, "geometry": { "type": "Point", "coordinates": [ -73.802787, 40.707716 ] } },
{ "type": "Feature", "properties": { "latitude": 40.763645, "longitude": -73.977687, "collision_count": 136 }, "geometry": { "type": "Point", "coordinates": [ -73.977687, 40.763645 ] } },
{ "type": "Feature", "properties": { "latitude": 40.630577, "longitude": -73.88591, "collision_count": 136 }, "geometry": { "type": "Point", "coordinates": [ -73.88591, 40.630577 ] } },
{ "type": "Feature", "properties": { "latitude": 40.66563, "longitude": -73.739207, "collision_count": 136 }, "geometry": { "type": "Point", "coordinates": [ -73.739207, 40.66563 ] } },
{ "type": "Feature", "properties": { "latitude": 40.659336, "longitude": -73.92726, "collision_count": 136 }, "geometry": { "type": "Point", "coordinates": [ -73.92726, 40.659336 ] } },
{ "type": "Feature", "properties": { "latitude": 40.741863, "longitude": -73.907505, "collision_count": 136 }, "geometry": { "type": "Point", "coordinates": [ -73.907505, 40.741863 ] } },
{ "type": "Feature", "properties": { "latitude": 40.697753, "longitude": -73.813916, "collision_count": 136 }, "geometry": { "type": "Point", "coordinates": [ -73.813916, 40.697753 ] } },
{ "type": "Feature", "properties": { "latitude": 40.700768, "longitude": -73.990944, "collision_count": 136 }, "geometry": { "type": "Point", "coordinates": [ -73.990944, 40.700768 ] } },
{ "type": "Feature", "properties": { "latitude": 40.762913, "longitude": -73.96981, "collision_count": 136 }, "geometry": { "type": "Point", "coordinates": [ -73.96981, 40.762913 ] } },
{ "type": "Feature", "properties": { "latitude": 40.587303, "longitude": -73.96036, "collision_count": 136 }, "geometry": { "type": "Point", "coordinates": [ -73.96036, 40.587303 ] } },
{ "type": "Feature", "properties": { "latitude": 40.865795, "longitude": -73.920006, "collision_count": 136 }, "geometry": { "type": "Point", "coordinates": [ -73.920006, 40.865795 ] } },
{ "type": "Feature", "properties": { "latitude": 40.76242, "longitude": -73.827515, "collision_count": 136 }, "geometry": { "type": "Point", "coordinates": [ -73.827515, 40.76242 ] } },
{ "type": "Feature", "properties": { "latitude": 40.677357, "longitude": -73.88687, "collision_count": 136 }, "geometry": { "type": "Point", "coordinates": [ -73.88687, 40.677357 ] } },
{ "type": "Feature", "properties": { "latitude": 40.743427, "longitude": -73.775475, "collision_count": 136 }, "geometry": { "type": "Point", "coordinates": [ -73.775475, 40.743427 ] } },
{ "type": "Feature", "properties": { "latitude": 40.60595, "longitude": -74.07601, "collision_count": 136 }, "geometry": { "type": "Point", "coordinates": [ -74.07601, 40.60595 ] } },
{ "type": "Feature", "properties": { "latitude": 40.694838, "longitude": -73.983924, "collision_count": 136 }, "geometry": { "type": "Point", "coordinates": [ -73.983924, 40.694838 ] } },
{ "type": "Feature", "properties": { "latitude": 40.672146, "longitude": -73.84318, "collision_count": 135 }, "geometry": { "type": "Point", "coordinates": [ -73.84318, 40.672146 ] } },
{ "type": "Feature", "properties": { "latitude": 40.7615, "longitude": -73.997826, "collision_count": 135 }, "geometry": { "type": "Point", "coordinates": [ -73.997826, 40.7615 ] } },
{ "type": "Feature", "properties": { "latitude": 40.61255, "longitude": -73.962859, "collision_count": 135 }, "geometry": { "type": "Point", "coordinates": [ -73.962859, 40.61255 ] } },
{ "type": "Feature", "properties": { "latitude": 40.88271, "longitude": -73.881246, "collision_count": 135 }, "geometry": { "type": "Point", "coordinates": [ -73.881246, 40.88271 ] } },
{ "type": "Feature", "properties": { "latitude": 40.68039, "longitude": -73.949557, "collision_count": 135 }, "geometry": { "type": "Point", "coordinates": [ -73.949557, 40.68039 ] } },
{ "type": "Feature", "properties": { "latitude": 40.70074, "longitude": -73.99498, "collision_count": 135 }, "geometry": { "type": "Point", "coordinates": [ -73.99498, 40.70074 ] } },
{ "type": "Feature", "properties": { "latitude": 40.73261, "longitude": -73.8686, "collision_count": 135 }, "geometry": { "type": "Point", "coordinates": [ -73.8686, 40.73261 ] } },
{ "type": "Feature", "properties": { "latitude": 40.65993, "longitude": -73.891655, "collision_count": 135 }, "geometry": { "type": "Point", "coordinates": [ -73.891655, 40.65993 ] } },
{ "type": "Feature", "properties": { "latitude": 40.787506, "longitude": -73.9383, "collision_count": 135 }, "geometry": { "type": "Point", "coordinates": [ -73.9383, 40.787506 ] } },
{ "type": "Feature", "properties": { "latitude": 40.746039, "longitude": -73.990516, "collision_count": 135 }, "geometry": { "type": "Point", "coordinates": [ -73.990516, 40.746039 ] } },
{ "type": "Feature", "properties": { "latitude": 40.7179, "longitude": -73.83202, "collision_count": 135 }, "geometry": { "type": "Point", "coordinates": [ -73.83202, 40.7179 ] } },
{ "type": "Feature", "properties": { "latitude": 40.833414, "longitude": -73.859055, "collision_count": 135 }, "geometry": { "type": "Point", "coordinates": [ -73.859055, 40.833414 ] } },
{ "type": "Feature", "properties": { "latitude": 40.605568, "longitude": -74.03118, "collision_count": 135 }, "geometry": { "type": "Point", "coordinates": [ -74.03118, 40.605568 ] } },
{ "type": "Feature", "properties": { "latitude": 40.653806, "longitude": -73.930606, "collision_count": 135 }, "geometry": { "type": "Point", "coordinates": [ -73.930606, 40.653806 ] } },
{ "type": "Feature", "properties": { "latitude": 40.73448, "longitude": -73.92243, "collision_count": 135 }, "geometry": { "type": "Point", "coordinates": [ -73.92243, 40.73448 ] } },
{ "type": "Feature", "properties": { "latitude": 40.66059, "longitude": -73.931335, "collision_count": 135 }, "geometry": { "type": "Point", "coordinates": [ -73.931335, 40.66059 ] } },
{ "type": "Feature", "properties": { "latitude": 40.601948, "longitude": -73.99382, "collision_count": 135 }, "geometry": { "type": "Point", "coordinates": [ -73.99382, 40.601948 ] } },
{ "type": "Feature", "properties": { "latitude": 40.579804, "longitude": -73.971834, "collision_count": 135 }, "geometry": { "type": "Point", "coordinates": [ -73.971834, 40.579804 ] } },
{ "type": "Feature", "properties": { "latitude": 40.669724, "longitude": -73.86097, "collision_count": 135 }, "geometry": { "type": "Point", "coordinates": [ -73.86097, 40.669724 ] } },
{ "type": "Feature", "properties": { "latitude": 40.749671, "longitude": -73.995297, "collision_count": 135 }, "geometry": { "type": "Point", "coordinates": [ -73.995297, 40.749671 ] } },
{ "type": "Feature", "properties": { "latitude": 40.677338, "longitude": -73.927536, "collision_count": 134 }, "geometry": { "type": "Point", "coordinates": [ -73.927536, 40.677338 ] } },
{ "type": "Feature", "properties": { "latitude": 40.895221, "longitude": -73.880041, "collision_count": 134 }, "geometry": { "type": "Point", "coordinates": [ -73.880041, 40.895221 ] } },
{ "type": "Feature", "properties": { "latitude": 40.72656, "longitude": -73.83802, "collision_count": 134 }, "geometry": { "type": "Point", "coordinates": [ -73.83802, 40.72656 ] } },
{ "type": "Feature", "properties": { "latitude": 40.805073, "longitude": -73.92331, "collision_count": 134 }, "geometry": { "type": "Point", "coordinates": [ -73.92331, 40.805073 ] } },
{ "type": "Feature", "properties": { "latitude": 40.840195, "longitude": -73.943064, "collision_count": 134 }, "geometry": { "type": "Point", "coordinates": [ -73.943064, 40.840195 ] } },
{ "type": "Feature", "properties": { "latitude": 40.822836, "longitude": -73.941916, "collision_count": 134 }, "geometry": { "type": "Point", "coordinates": [ -73.941916, 40.822836 ] } },
{ "type": "Feature", "properties": { "latitude": 40.709225, "longitude": -73.843155, "collision_count": 134 }, "geometry": { "type": "Point", "coordinates": [ -73.843155, 40.709225 ] } },
{ "type": "Feature", "properties": { "latitude": 40.635185, "longitude": -73.92862, "collision_count": 134 }, "geometry": { "type": "Point", "coordinates": [ -73.92862, 40.635185 ] } },
{ "type": "Feature", "properties": { "latitude": 40.836555, "longitude": -73.87135, "collision_count": 134 }, "geometry": { "type": "Point", "coordinates": [ -73.87135, 40.836555 ] } },
{ "type": "Feature", "properties": { "latitude": 40.664194, "longitude": -73.841116, "collision_count": 134 }, "geometry": { "type": "Point", "coordinates": [ -73.841116, 40.664194 ] } },
{ "type": "Feature", "properties": { "latitude": 40.632435, "longitude": -73.88818, "collision_count": 134 }, "geometry": { "type": "Point", "coordinates": [ -73.88818, 40.632435 ] } },
{ "type": "Feature", "properties": { "latitude": 40.8518, "longitude": -73.909225, "collision_count": 134 }, "geometry": { "type": "Point", "coordinates": [ -73.909225, 40.8518 ] } },
{ "type": "Feature", "properties": { "latitude": 40.756139, "longitude": -73.983169, "collision_count": 134 }, "geometry": { "type": "Point", "coordinates": [ -73.983169, 40.756139 ] } },
{ "type": "Feature", "properties": { "latitude": 40.765481, "longitude": -73.913699, "collision_count": 134 }, "geometry": { "type": "Point", "coordinates": [ -73.913699, 40.765481 ] } },
{ "type": "Feature", "properties": { "latitude": 40.740095, "longitude": -73.899848, "collision_count": 134 }, "geometry": { "type": "Point", "coordinates": [ -73.899848, 40.740095 ] } },
{ "type": "Feature", "properties": { "latitude": 40.666855, "longitude": -73.80425, "collision_count": 133 }, "geometry": { "type": "Point", "coordinates": [ -73.80425, 40.666855 ] } },
{ "type": "Feature", "properties": { "latitude": 40.759104, "longitude": -73.992142, "collision_count": 133 }, "geometry": { "type": "Point", "coordinates": [ -73.992142, 40.759104 ] } },
{ "type": "Feature", "properties": { "latitude": 40.748469, "longitude": -73.992461, "collision_count": 133 }, "geometry": { "type": "Point", "coordinates": [ -73.992461, 40.748469 ] } },
{ "type": "Feature", "properties": { "latitude": 40.630633, "longitude": -74.009223, "collision_count": 133 }, "geometry": { "type": "Point", "coordinates": [ -74.009223, 40.630633 ] } },
{ "type": "Feature", "properties": { "latitude": 40.75348, "longitude": -73.980896, "collision_count": 133 }, "geometry": { "type": "Point", "coordinates": [ -73.980896, 40.75348 ] } },
{ "type": "Feature", "properties": { "latitude": 40.852673, "longitude": -73.919106, "collision_count": 133 }, "geometry": { "type": "Point", "coordinates": [ -73.919106, 40.852673 ] } },
{ "type": "Feature", "properties": { "latitude": 40.646378, "longitude": -73.97085, "collision_count": 133 }, "geometry": { "type": "Point", "coordinates": [ -73.97085, 40.646378 ] } },
{ "type": "Feature", "properties": { "latitude": 40.58667, "longitude": -73.96615, "collision_count": 133 }, "geometry": { "type": "Point", "coordinates": [ -73.96615, 40.58667 ] } },
{ "type": "Feature", "properties": { "latitude": 40.770332, "longitude": -73.87608, "collision_count": 133 }, "geometry": { "type": "Point", "coordinates": [ -73.87608, 40.770332 ] } },
{ "type": "Feature", "properties": { "latitude": 40.75425, "longitude": -73.827835, "collision_count": 133 }, "geometry": { "type": "Point", "coordinates": [ -73.827835, 40.75425 ] } },
{ "type": "Feature", "properties": { "latitude": 40.731777, "longitude": -73.77011, "collision_count": 133 }, "geometry": { "type": "Point", "coordinates": [ -73.77011, 40.731777 ] } },
{ "type": "Feature", "properties": { "latitude": 40.771464, "longitude": -73.994346, "collision_count": 133 }, "geometry": { "type": "Point", "coordinates": [ -73.994346, 40.771464 ] } },
{ "type": "Feature", "properties": { "latitude": 40.787045, "longitude": -73.811714, "collision_count": 133 }, "geometry": { "type": "Point", "coordinates": [ -73.811714, 40.787045 ] } },
{ "type": "Feature", "properties": { "latitude": 40.741447, "longitude": -73.84603, "collision_count": 132 }, "geometry": { "type": "Point", "coordinates": [ -73.84603, 40.741447 ] } },
{ "type": "Feature", "properties": { "latitude": 40.712696, "longitude": -73.900604, "collision_count": 132 }, "geometry": { "type": "Point", "coordinates": [ -73.900604, 40.712696 ] } },
{ "type": "Feature", "properties": { "latitude": 40.814075, "longitude": -73.79548, "collision_count": 132 }, "geometry": { "type": "Point", "coordinates": [ -73.79548, 40.814075 ] } },
{ "type": "Feature", "properties": { "latitude": 40.667081, "longitude": -73.810322, "collision_count": 132 }, "geometry": { "type": "Point", "coordinates": [ -73.810322, 40.667081 ] } },
{ "type": "Feature", "properties": { "latitude": 40.678238, "longitude": -73.94415, "collision_count": 132 }, "geometry": { "type": "Point", "coordinates": [ -73.94415, 40.678238 ] } },
{ "type": "Feature", "properties": { "latitude": 40.69165, "longitude": -73.779205, "collision_count": 132 }, "geometry": { "type": "Point", "coordinates": [ -73.779205, 40.69165 ] } },
{ "type": "Feature", "properties": { "latitude": 40.611313, "longitude": -74.09844, "collision_count": 132 }, "geometry": { "type": "Point", "coordinates": [ -74.09844, 40.611313 ] } },
{ "type": "Feature", "properties": { "latitude": 40.86155, "longitude": -73.92472, "collision_count": 132 }, "geometry": { "type": "Point", "coordinates": [ -73.92472, 40.86155 ] } },
{ "type": "Feature", "properties": { "latitude": 40.755392, "longitude": -73.82828, "collision_count": 132 }, "geometry": { "type": "Point", "coordinates": [ -73.82828, 40.755392 ] } },
{ "type": "Feature", "properties": { "latitude": 40.643306, "longitude": -73.974095, "collision_count": 132 }, "geometry": { "type": "Point", "coordinates": [ -73.974095, 40.643306 ] } },
{ "type": "Feature", "properties": { "latitude": 40.766876, "longitude": -73.979076, "collision_count": 132 }, "geometry": { "type": "Point", "coordinates": [ -73.979076, 40.766876 ] } },
{ "type": "Feature", "properties": { "latitude": 40.688616, "longitude": -73.989168, "collision_count": 132 }, "geometry": { "type": "Point", "coordinates": [ -73.989168, 40.688616 ] } },
{ "type": "Feature", "properties": { "latitude": 40.859303, "longitude": -73.89884, "collision_count": 132 }, "geometry": { "type": "Point", "coordinates": [ -73.89884, 40.859303 ] } },
{ "type": "Feature", "properties": { "latitude": 40.862717, "longitude": -73.9023, "collision_count": 132 }, "geometry": { "type": "Point", "coordinates": [ -73.9023, 40.862717 ] } },
{ "type": "Feature", "properties": { "latitude": 40.58667, "longitude": -73.966156, "collision_count": 132 }, "geometry": { "type": "Point", "coordinates": [ -73.966156, 40.58667 ] } },
{ "type": "Feature", "properties": { "latitude": 40.69897, "longitude": -73.95702, "collision_count": 132 }, "geometry": { "type": "Point", "coordinates": [ -73.95702, 40.69897 ] } },
{ "type": "Feature", "properties": { "latitude": 40.738552, "longitude": -73.99969, "collision_count": 132 }, "geometry": { "type": "Point", "coordinates": [ -73.99969, 40.738552 ] } },
{ "type": "Feature", "properties": { "latitude": 40.71512, "longitude": -73.83224, "collision_count": 132 }, "geometry": { "type": "Point", "coordinates": [ -73.83224, 40.71512 ] } },
{ "type": "Feature", "properties": { "latitude": 40.74197, "longitude": -73.84116, "collision_count": 132 }, "geometry": { "type": "Point", "coordinates": [ -73.84116, 40.74197 ] } },
{ "type": "Feature", "properties": { "latitude": 40.771376, "longitude": -73.877131, "collision_count": 132 }, "geometry": { "type": "Point", "coordinates": [ -73.877131, 40.771376 ] } },
{ "type": "Feature", "properties": { "latitude": 40.75671, "longitude": -73.986457, "collision_count": 132 }, "geometry": { "type": "Point", "coordinates": [ -73.986457, 40.75671 ] } },
{ "type": "Feature", "properties": { "latitude": 40.712727, "longitude": -73.72899, "collision_count": 132 }, "geometry": { "type": "Point", "coordinates": [ -73.72899, 40.712727 ] } },
{ "type": "Feature", "properties": { "latitude": 40.748302, "longitude": -73.97835, "collision_count": 132 }, "geometry": { "type": "Point", "coordinates": [ -73.97835, 40.748302 ] } },
{ "type": "Feature", "properties": { "latitude": 40.725918, "longitude": -73.89535, "collision_count": 132 }, "geometry": { "type": "Point", "coordinates": [ -73.89535, 40.725918 ] } },
{ "type": "Feature", "properties": { "latitude": 40.784237, "longitude": -73.947075, "collision_count": 132 }, "geometry": { "type": "Point", "coordinates": [ -73.947075, 40.784237 ] } },
{ "type": "Feature", "properties": { "latitude": 40.893412, "longitude": -73.857362, "collision_count": 132 }, "geometry": { "type": "Point", "coordinates": [ -73.857362, 40.893412 ] } },
{ "type": "Feature", "properties": { "latitude": 40.753242, "longitude": -73.96662, "collision_count": 132 }, "geometry": { "type": "Point", "coordinates": [ -73.96662, 40.753242 ] } },
{ "type": "Feature", "properties": { "latitude": 40.826855, "longitude": -73.922676, "collision_count": 132 }, "geometry": { "type": "Point", "coordinates": [ -73.922676, 40.826855 ] } },
{ "type": "Feature", "properties": { "latitude": 40.82733, "longitude": -73.8498, "collision_count": 132 }, "geometry": { "type": "Point", "coordinates": [ -73.8498, 40.82733 ] } },
{ "type": "Feature", "properties": { "latitude": 40.725451, "longitude": -73.837767, "collision_count": 131 }, "geometry": { "type": "Point", "coordinates": [ -73.837767, 40.725451 ] } },
{ "type": "Feature", "properties": { "latitude": 40.717186, "longitude": -74.0129, "collision_count": 131 }, "geometry": { "type": "Point", "coordinates": [ -74.0129, 40.717186 ] } },
{ "type": "Feature", "properties": { "latitude": 40.760525, "longitude": -73.979973, "collision_count": 131 }, "geometry": { "type": "Point", "coordinates": [ -73.979973, 40.760525 ] } },
{ "type": "Feature", "properties": { "latitude": 40.748886, "longitude": -73.975841, "collision_count": 131 }, "geometry": { "type": "Point", "coordinates": [ -73.975841, 40.748886 ] } },
{ "type": "Feature", "properties": { "latitude": 40.658296, "longitude": -73.931084, "collision_count": 131 }, "geometry": { "type": "Point", "coordinates": [ -73.931084, 40.658296 ] } },
{ "type": "Feature", "properties": { "latitude": 40.758339, "longitude": -73.996408, "collision_count": 131 }, "geometry": { "type": "Point", "coordinates": [ -73.996408, 40.758339 ] } },
{ "type": "Feature", "properties": { "latitude": 40.7712, "longitude": -73.83345, "collision_count": 131 }, "geometry": { "type": "Point", "coordinates": [ -73.83345, 40.7712 ] } },
{ "type": "Feature", "properties": { "latitude": 40.609402, "longitude": -74.090107, "collision_count": 131 }, "geometry": { "type": "Point", "coordinates": [ -74.090107, 40.609402 ] } },
{ "type": "Feature", "properties": { "latitude": 40.834423, "longitude": -73.879265, "collision_count": 131 }, "geometry": { "type": "Point", "coordinates": [ -73.879265, 40.834423 ] } },
{ "type": "Feature", "properties": { "latitude": 40.75895, "longitude": -73.96849, "collision_count": 131 }, "geometry": { "type": "Point", "coordinates": [ -73.96849, 40.75895 ] } },
{ "type": "Feature", "properties": { "latitude": 40.671645, "longitude": -73.962574, "collision_count": 131 }, "geometry": { "type": "Point", "coordinates": [ -73.962574, 40.671645 ] } },
{ "type": "Feature", "properties": { "latitude": 40.786548, "longitude": -73.952553, "collision_count": 131 }, "geometry": { "type": "Point", "coordinates": [ -73.952553, 40.786548 ] } },
{ "type": "Feature", "properties": { "latitude": 40.793557, "longitude": -73.967016, "collision_count": 131 }, "geometry": { "type": "Point", "coordinates": [ -73.967016, 40.793557 ] } },
{ "type": "Feature", "properties": { "latitude": 40.65319, "longitude": -73.96622, "collision_count": 131 }, "geometry": { "type": "Point", "coordinates": [ -73.96622, 40.65319 ] } },
{ "type": "Feature", "properties": { "latitude": 40.66549, "longitude": -73.75236, "collision_count": 131 }, "geometry": { "type": "Point", "coordinates": [ -73.75236, 40.66549 ] } },
{ "type": "Feature", "properties": { "latitude": 40.59589, "longitude": -74.085876, "collision_count": 131 }, "geometry": { "type": "Point", "coordinates": [ -74.085876, 40.59589 ] } },
{ "type": "Feature", "properties": { "latitude": 40.666159, "longitude": -73.995307, "collision_count": 131 }, "geometry": { "type": "Point", "coordinates": [ -73.995307, 40.666159 ] } },
{ "type": "Feature", "properties": { "latitude": 40.765359, "longitude": -73.744282, "collision_count": 131 }, "geometry": { "type": "Point", "coordinates": [ -73.744282, 40.765359 ] } },
{ "type": "Feature", "properties": { "latitude": 40.686302, "longitude": -73.793915, "collision_count": 130 }, "geometry": { "type": "Point", "coordinates": [ -73.793915, 40.686302 ] } },
{ "type": "Feature", "properties": { "latitude": 40.75645, "longitude": -73.97032, "collision_count": 130 }, "geometry": { "type": "Point", "coordinates": [ -73.97032, 40.75645 ] } },
{ "type": "Feature", "properties": { "latitude": 40.699406, "longitude": -73.95338, "collision_count": 130 }, "geometry": { "type": "Point", "coordinates": [ -73.95338, 40.699406 ] } },
{ "type": "Feature", "properties": { "latitude": 40.651865, "longitude": -73.865343, "collision_count": 130 }, "geometry": { "type": "Point", "coordinates": [ -73.865343, 40.651865 ] } },
{ "type": "Feature", "properties": { "latitude": 40.696785, "longitude": -73.95659, "collision_count": 130 }, "geometry": { "type": "Point", "coordinates": [ -73.95659, 40.696785 ] } },
{ "type": "Feature", "properties": { "latitude": 40.650517, "longitude": -73.92359, "collision_count": 130 }, "geometry": { "type": "Point", "coordinates": [ -73.92359, 40.650517 ] } },
{ "type": "Feature", "properties": { "latitude": 40.745293, "longitude": -73.9985, "collision_count": 130 }, "geometry": { "type": "Point", "coordinates": [ -73.9985, 40.745293 ] } },
{ "type": "Feature", "properties": { "latitude": 40.812744, "longitude": -73.937645, "collision_count": 130 }, "geometry": { "type": "Point", "coordinates": [ -73.937645, 40.812744 ] } },
{ "type": "Feature", "properties": { "latitude": 40.587305, "longitude": -73.960349, "collision_count": 130 }, "geometry": { "type": "Point", "coordinates": [ -73.960349, 40.587305 ] } },
{ "type": "Feature", "properties": { "latitude": 40.763893, "longitude": -73.914994, "collision_count": 130 }, "geometry": { "type": "Point", "coordinates": [ -73.914994, 40.763893 ] } },
{ "type": "Feature", "properties": { "latitude": 40.881266, "longitude": -73.838743, "collision_count": 130 }, "geometry": { "type": "Point", "coordinates": [ -73.838743, 40.881266 ] } },
{ "type": "Feature", "properties": { "latitude": 40.795456, "longitude": -73.96564, "collision_count": 130 }, "geometry": { "type": "Point", "coordinates": [ -73.96564, 40.795456 ] } },
{ "type": "Feature", "properties": { "latitude": 40.66612, "longitude": -73.822242, "collision_count": 130 }, "geometry": { "type": "Point", "coordinates": [ -73.822242, 40.66612 ] } },
{ "type": "Feature", "properties": { "latitude": 40.66925, "longitude": -73.939429, "collision_count": 130 }, "geometry": { "type": "Point", "coordinates": [ -73.939429, 40.66925 ] } },
{ "type": "Feature", "properties": { "latitude": 40.735413, "longitude": -73.91835, "collision_count": 129 }, "geometry": { "type": "Point", "coordinates": [ -73.91835, 40.735413 ] } },
{ "type": "Feature", "properties": { "latitude": 40.754986, "longitude": -73.74535, "collision_count": 129 }, "geometry": { "type": "Point", "coordinates": [ -73.74535, 40.754986 ] } },
{ "type": "Feature", "properties": { "latitude": 40.78296, "longitude": -73.94403, "collision_count": 129 }, "geometry": { "type": "Point", "coordinates": [ -73.94403, 40.78296 ] } },
{ "type": "Feature", "properties": { "latitude": 40.69246, "longitude": -73.726875, "collision_count": 129 }, "geometry": { "type": "Point", "coordinates": [ -73.726875, 40.69246 ] } },
{ "type": "Feature", "properties": { "latitude": 40.867012, "longitude": -73.92312, "collision_count": 129 }, "geometry": { "type": "Point", "coordinates": [ -73.92312, 40.867012 ] } },
{ "type": "Feature", "properties": { "latitude": 40.765224, "longitude": -73.9317, "collision_count": 129 }, "geometry": { "type": "Point", "coordinates": [ -73.9317, 40.765224 ] } },
{ "type": "Feature", "properties": { "latitude": 40.672886, "longitude": -73.99922, "collision_count": 129 }, "geometry": { "type": "Point", "coordinates": [ -73.99922, 40.672886 ] } },
{ "type": "Feature", "properties": { "latitude": 40.64507, "longitude": -73.95803, "collision_count": 129 }, "geometry": { "type": "Point", "coordinates": [ -73.95803, 40.64507 ] } },
{ "type": "Feature", "properties": { "latitude": 40.6691, "longitude": -73.936657, "collision_count": 129 }, "geometry": { "type": "Point", "coordinates": [ -73.936657, 40.6691 ] } },
{ "type": "Feature", "properties": { "latitude": 40.698036, "longitude": -73.962845, "collision_count": 129 }, "geometry": { "type": "Point", "coordinates": [ -73.962845, 40.698036 ] } },
{ "type": "Feature", "properties": { "latitude": 40.84543, "longitude": -73.913975, "collision_count": 129 }, "geometry": { "type": "Point", "coordinates": [ -73.913975, 40.84543 ] } },
{ "type": "Feature", "properties": { "latitude": 40.75962, "longitude": -73.961965, "collision_count": 129 }, "geometry": { "type": "Point", "coordinates": [ -73.961965, 40.75962 ] } },
{ "type": "Feature", "properties": { "latitude": 40.737885, "longitude": -73.98091, "collision_count": 129 }, "geometry": { "type": "Point", "coordinates": [ -73.98091, 40.737885 ] } },
{ "type": "Feature", "properties": { "latitude": 40.716557, "longitude": -73.82869, "collision_count": 129 }, "geometry": { "type": "Point", "coordinates": [ -73.82869, 40.716557 ] } },
{ "type": "Feature", "properties": { "latitude": 40.608433, "longitude": -74.15544, "collision_count": 129 }, "geometry": { "type": "Point", "coordinates": [ -74.15544, 40.608433 ] } },
{ "type": "Feature", "properties": { "latitude": 40.757911, "longitude": -73.977653, "collision_count": 129 }, "geometry": { "type": "Point", "coordinates": [ -73.977653, 40.757911 ] } },
{ "type": "Feature", "properties": { "latitude": 40.813095, "longitude": -73.898259, "collision_count": 129 }, "geometry": { "type": "Point", "coordinates": [ -73.898259, 40.813095 ] } },
{ "type": "Feature", "properties": { "latitude": 40.665634, "longitude": -73.758156, "collision_count": 129 }, "geometry": { "type": "Point", "coordinates": [ -73.758156, 40.665634 ] } },
{ "type": "Feature", "properties": { "latitude": 40.820986, "longitude": -73.891613, "collision_count": 129 }, "geometry": { "type": "Point", "coordinates": [ -73.891613, 40.820986 ] } },
{ "type": "Feature", "properties": { "latitude": 40.703166, "longitude": -73.816612, "collision_count": 129 }, "geometry": { "type": "Point", "coordinates": [ -73.816612, 40.703166 ] } },
{ "type": "Feature", "properties": { "latitude": 40.751577, "longitude": -73.982275, "collision_count": 129 }, "geometry": { "type": "Point", "coordinates": [ -73.982275, 40.751577 ] } },
{ "type": "Feature", "properties": { "latitude": 40.622799, "longitude": -74.02835, "collision_count": 129 }, "geometry": { "type": "Point", "coordinates": [ -74.02835, 40.622799 ] } },
{ "type": "Feature", "properties": { "latitude": 40.820984, "longitude": -73.891624, "collision_count": 129 }, "geometry": { "type": "Point", "coordinates": [ -73.891624, 40.820984 ] } },
{ "type": "Feature", "properties": { "latitude": 40.75973, "longitude": -73.991683, "collision_count": 129 }, "geometry": { "type": "Point", "coordinates": [ -73.991683, 40.75973 ] } },
{ "type": "Feature", "properties": { "latitude": 40.748436, "longitude": -73.984566, "collision_count": 129 }, "geometry": { "type": "Point", "coordinates": [ -73.984566, 40.748436 ] } },
{ "type": "Feature", "properties": { "latitude": 40.666386, "longitude": -73.80178, "collision_count": 129 }, "geometry": { "type": "Point", "coordinates": [ -73.80178, 40.666386 ] } },
{ "type": "Feature", "properties": { "latitude": 40.803594, "longitude": -73.91978, "collision_count": 128 }, "geometry": { "type": "Point", "coordinates": [ -73.91978, 40.803594 ] } },
{ "type": "Feature", "properties": { "latitude": 40.81856, "longitude": -73.927316, "collision_count": 128 }, "geometry": { "type": "Point", "coordinates": [ -73.927316, 40.81856 ] } },
{ "type": "Feature", "properties": { "latitude": 40.670658, "longitude": -73.957975, "collision_count": 128 }, "geometry": { "type": "Point", "coordinates": [ -73.957975, 40.670658 ] } },
{ "type": "Feature", "properties": { "latitude": 40.824067, "longitude": -73.90871, "collision_count": 128 }, "geometry": { "type": "Point", "coordinates": [ -73.90871, 40.824067 ] } },
{ "type": "Feature", "properties": { "latitude": 40.680118, "longitude": -73.753237, "collision_count": 128 }, "geometry": { "type": "Point", "coordinates": [ -73.753237, 40.680118 ] } },
{ "type": "Feature", "properties": { "latitude": 40.586118, "longitude": -73.936033, "collision_count": 128 }, "geometry": { "type": "Point", "coordinates": [ -73.936033, 40.586118 ] } },
{ "type": "Feature", "properties": { "latitude": 40.768891, "longitude": -73.982094, "collision_count": 128 }, "geometry": { "type": "Point", "coordinates": [ -73.982094, 40.768891 ] } },
{ "type": "Feature", "properties": { "latitude": 40.72106, "longitude": -73.99821, "collision_count": 128 }, "geometry": { "type": "Point", "coordinates": [ -73.99821, 40.72106 ] } },
{ "type": "Feature", "properties": { "latitude": 40.777874, "longitude": -73.951743, "collision_count": 128 }, "geometry": { "type": "Point", "coordinates": [ -73.951743, 40.777874 ] } },
{ "type": "Feature", "properties": { "latitude": 40.710177, "longitude": -74.001136, "collision_count": 128 }, "geometry": { "type": "Point", "coordinates": [ -74.001136, 40.710177 ] } },
{ "type": "Feature", "properties": { "latitude": 40.694107, "longitude": -73.89737, "collision_count": 128 }, "geometry": { "type": "Point", "coordinates": [ -73.89737, 40.694107 ] } },
{ "type": "Feature", "properties": { "latitude": 40.769115, "longitude": -73.98856, "collision_count": 128 }, "geometry": { "type": "Point", "coordinates": [ -73.98856, 40.769115 ] } },
{ "type": "Feature", "properties": { "latitude": 40.78318, "longitude": -73.94362, "collision_count": 128 }, "geometry": { "type": "Point", "coordinates": [ -73.94362, 40.78318 ] } },
{ "type": "Feature", "properties": { "latitude": 40.723626, "longitude": -74.004788, "collision_count": 128 }, "geometry": { "type": "Point", "coordinates": [ -74.004788, 40.723626 ] } },
{ "type": "Feature", "properties": { "latitude": 40.834114, "longitude": -73.86327, "collision_count": 128 }, "geometry": { "type": "Point", "coordinates": [ -73.86327, 40.834114 ] } },
{ "type": "Feature", "properties": { "latitude": 40.748825, "longitude": -73.96984, "collision_count": 128 }, "geometry": { "type": "Point", "coordinates": [ -73.96984, 40.748825 ] } },
{ "type": "Feature", "properties": { "latitude": 40.8037, "longitude": -73.93582, "collision_count": 128 }, "geometry": { "type": "Point", "coordinates": [ -73.93582, 40.8037 ] } },
{ "type": "Feature", "properties": { "latitude": 40.660656, "longitude": -73.885786, "collision_count": 128 }, "geometry": { "type": "Point", "coordinates": [ -73.885786, 40.660656 ] } },
{ "type": "Feature", "properties": { "latitude": 40.67624, "longitude": -73.866104, "collision_count": 128 }, "geometry": { "type": "Point", "coordinates": [ -73.866104, 40.67624 ] } },
{ "type": "Feature", "properties": { "latitude": 40.666708, "longitude": -73.871822, "collision_count": 128 }, "geometry": { "type": "Point", "coordinates": [ -73.871822, 40.666708 ] } },
{ "type": "Feature", "properties": { "latitude": 40.760929, "longitude": -73.969133, "collision_count": 127 }, "geometry": { "type": "Point", "coordinates": [ -73.969133, 40.760929 ] } },
{ "type": "Feature", "properties": { "latitude": 40.74544, "longitude": -73.9754, "collision_count": 127 }, "geometry": { "type": "Point", "coordinates": [ -73.9754, 40.74544 ] } },
{ "type": "Feature", "properties": { "latitude": 40.757701, "longitude": -73.969394, "collision_count": 127 }, "geometry": { "type": "Point", "coordinates": [ -73.969394, 40.757701 ] } },
{ "type": "Feature", "properties": { "latitude": 40.73675, "longitude": -73.87767, "collision_count": 127 }, "geometry": { "type": "Point", "coordinates": [ -73.87767, 40.73675 ] } },
{ "type": "Feature", "properties": { "latitude": 40.655334, "longitude": -73.93077, "collision_count": 127 }, "geometry": { "type": "Point", "coordinates": [ -73.93077, 40.655334 ] } },
{ "type": "Feature", "properties": { "latitude": 40.59589, "longitude": -74.085884, "collision_count": 127 }, "geometry": { "type": "Point", "coordinates": [ -74.085884, 40.59589 ] } },
{ "type": "Feature", "properties": { "latitude": 40.804344, "longitude": -73.92158, "collision_count": 127 }, "geometry": { "type": "Point", "coordinates": [ -73.92158, 40.804344 ] } },
{ "type": "Feature", "properties": { "latitude": 40.608225, "longitude": -74.129397, "collision_count": 127 }, "geometry": { "type": "Point", "coordinates": [ -74.129397, 40.608225 ] } },
{ "type": "Feature", "properties": { "latitude": 40.756764, "longitude": -73.967153, "collision_count": 127 }, "geometry": { "type": "Point", "coordinates": [ -73.967153, 40.756764 ] } },
{ "type": "Feature", "properties": { "latitude": 40.772327, "longitude": -73.94531, "collision_count": 127 }, "geometry": { "type": "Point", "coordinates": [ -73.94531, 40.772327 ] } },
{ "type": "Feature", "properties": { "latitude": 40.77226, "longitude": -73.92591, "collision_count": 127 }, "geometry": { "type": "Point", "coordinates": [ -73.92591, 40.77226 ] } },
{ "type": "Feature", "properties": { "latitude": 40.751748, "longitude": -73.970805, "collision_count": 127 }, "geometry": { "type": "Point", "coordinates": [ -73.970805, 40.751748 ] } },
{ "type": "Feature", "properties": { "latitude": 40.794651, "longitude": -73.971783, "collision_count": 127 }, "geometry": { "type": "Point", "coordinates": [ -73.971783, 40.794651 ] } },
{ "type": "Feature", "properties": { "latitude": 40.74045, "longitude": -73.844376, "collision_count": 127 }, "geometry": { "type": "Point", "coordinates": [ -73.844376, 40.74045 ] } },
{ "type": "Feature", "properties": { "latitude": 40.725083, "longitude": -73.995328, "collision_count": 127 }, "geometry": { "type": "Point", "coordinates": [ -73.995328, 40.725083 ] } },
{ "type": "Feature", "properties": { "latitude": 40.828303, "longitude": -73.882951, "collision_count": 127 }, "geometry": { "type": "Point", "coordinates": [ -73.882951, 40.828303 ] } },
{ "type": "Feature", "properties": { "latitude": 40.666753, "longitude": -73.779936, "collision_count": 127 }, "geometry": { "type": "Point", "coordinates": [ -73.779936, 40.666753 ] } },
{ "type": "Feature", "properties": { "latitude": 40.73873, "longitude": -73.81428, "collision_count": 127 }, "geometry": { "type": "Point", "coordinates": [ -73.81428, 40.73873 ] } },
{ "type": "Feature", "properties": { "latitude": 40.757286, "longitude": -73.978115, "collision_count": 126 }, "geometry": { "type": "Point", "coordinates": [ -73.978115, 40.757286 ] } },
{ "type": "Feature", "properties": { "latitude": 40.691683, "longitude": -73.999334, "collision_count": 126 }, "geometry": { "type": "Point", "coordinates": [ -73.999334, 40.691683 ] } },
{ "type": "Feature", "properties": { "latitude": 40.895195, "longitude": -73.88012, "collision_count": 126 }, "geometry": { "type": "Point", "coordinates": [ -73.88012, 40.895195 ] } },
{ "type": "Feature", "properties": { "latitude": 40.75482, "longitude": -73.84499, "collision_count": 126 }, "geometry": { "type": "Point", "coordinates": [ -73.84499, 40.75482 ] } },
{ "type": "Feature", "properties": { "latitude": 40.750903, "longitude": -73.99812, "collision_count": 126 }, "geometry": { "type": "Point", "coordinates": [ -73.99812, 40.750903 ] } },
{ "type": "Feature", "properties": { "latitude": 40.76242, "longitude": -73.82752, "collision_count": 126 }, "geometry": { "type": "Point", "coordinates": [ -73.82752, 40.76242 ] } },
{ "type": "Feature", "properties": { "latitude": 40.80578, "longitude": -73.877304, "collision_count": 126 }, "geometry": { "type": "Point", "coordinates": [ -73.877304, 40.80578 ] } },
{ "type": "Feature", "properties": { "latitude": 40.728855, "longitude": -73.92782, "collision_count": 126 }, "geometry": { "type": "Point", "coordinates": [ -73.92782, 40.728855 ] } },
{ "type": "Feature", "properties": { "latitude": 40.683097, "longitude": -73.805752, "collision_count": 126 }, "geometry": { "type": "Point", "coordinates": [ -73.805752, 40.683097 ] } },
{ "type": "Feature", "properties": { "latitude": 40.756452, "longitude": -73.970315, "collision_count": 126 }, "geometry": { "type": "Point", "coordinates": [ -73.970315, 40.756452 ] } },
{ "type": "Feature", "properties": { "latitude": 40.650528, "longitude": -73.95583, "collision_count": 126 }, "geometry": { "type": "Point", "coordinates": [ -73.95583, 40.650528 ] } },
{ "type": "Feature", "properties": { "latitude": 40.761143, "longitude": -73.75549, "collision_count": 126 }, "geometry": { "type": "Point", "coordinates": [ -73.75549, 40.761143 ] } },
{ "type": "Feature", "properties": { "latitude": 40.73037, "longitude": -73.913871, "collision_count": 126 }, "geometry": { "type": "Point", "coordinates": [ -73.913871, 40.73037 ] } },
{ "type": "Feature", "properties": { "latitude": 40.833813, "longitude": -73.86275, "collision_count": 126 }, "geometry": { "type": "Point", "coordinates": [ -73.86275, 40.833813 ] } },
{ "type": "Feature", "properties": { "latitude": 40.579826, "longitude": -73.97622, "collision_count": 126 }, "geometry": { "type": "Point", "coordinates": [ -73.97622, 40.579826 ] } },
{ "type": "Feature", "properties": { "latitude": 40.806415, "longitude": -73.942262, "collision_count": 126 }, "geometry": { "type": "Point", "coordinates": [ -73.942262, 40.806415 ] } },
{ "type": "Feature", "properties": { "latitude": 40.718864, "longitude": -73.97483, "collision_count": 126 }, "geometry": { "type": "Point", "coordinates": [ -73.97483, 40.718864 ] } },
{ "type": "Feature", "properties": { "latitude": 40.66484, "longitude": -73.82229, "collision_count": 126 }, "geometry": { "type": "Point", "coordinates": [ -73.82229, 40.66484 ] } },
{ "type": "Feature", "properties": { "latitude": 40.787226, "longitude": -73.954163, "collision_count": 125 }, "geometry": { "type": "Point", "coordinates": [ -73.954163, 40.787226 ] } },
{ "type": "Feature", "properties": { "latitude": 40.68777, "longitude": -73.98701, "collision_count": 125 }, "geometry": { "type": "Point", "coordinates": [ -73.98701, 40.68777 ] } },
{ "type": "Feature", "properties": { "latitude": 40.715763, "longitude": -73.74654, "collision_count": 125 }, "geometry": { "type": "Point", "coordinates": [ -73.74654, 40.715763 ] } },
{ "type": "Feature", "properties": { "latitude": 40.722242, "longitude": -73.986287, "collision_count": 125 }, "geometry": { "type": "Point", "coordinates": [ -73.986287, 40.722242 ] } },
{ "type": "Feature", "properties": { "latitude": 40.750342, "longitude": -73.983174, "collision_count": 125 }, "geometry": { "type": "Point", "coordinates": [ -73.983174, 40.750342 ] } },
{ "type": "Feature", "properties": { "latitude": 40.68877, "longitude": -73.999062, "collision_count": 125 }, "geometry": { "type": "Point", "coordinates": [ -73.999062, 40.68877 ] } },
{ "type": "Feature", "properties": { "latitude": 40.84525, "longitude": -73.91499, "collision_count": 125 }, "geometry": { "type": "Point", "coordinates": [ -73.91499, 40.84525 ] } },
{ "type": "Feature", "properties": { "latitude": 40.715119, "longitude": -73.832233, "collision_count": 125 }, "geometry": { "type": "Point", "coordinates": [ -73.832233, 40.715119 ] } },
{ "type": "Feature", "properties": { "latitude": 40.757754, "longitude": -73.783382, "collision_count": 125 }, "geometry": { "type": "Point", "coordinates": [ -73.783382, 40.757754 ] } },
{ "type": "Feature", "properties": { "latitude": 40.84013, "longitude": -73.880299, "collision_count": 125 }, "geometry": { "type": "Point", "coordinates": [ -73.880299, 40.84013 ] } },
{ "type": "Feature", "properties": { "latitude": 40.811108, "longitude": -73.92734, "collision_count": 125 }, "geometry": { "type": "Point", "coordinates": [ -73.92734, 40.811108 ] } },
{ "type": "Feature", "properties": { "latitude": 40.770554, "longitude": -73.83551, "collision_count": 125 }, "geometry": { "type": "Point", "coordinates": [ -73.83551, 40.770554 ] } },
{ "type": "Feature", "properties": { "latitude": 40.723747, "longitude": -74.00612, "collision_count": 125 }, "geometry": { "type": "Point", "coordinates": [ -74.00612, 40.723747 ] } },
{ "type": "Feature", "properties": { "latitude": 40.692936, "longitude": -73.87777, "collision_count": 125 }, "geometry": { "type": "Point", "coordinates": [ -73.87777, 40.692936 ] } },
{ "type": "Feature", "properties": { "latitude": 40.620914, "longitude": -73.9753, "collision_count": 125 }, "geometry": { "type": "Point", "coordinates": [ -73.9753, 40.620914 ] } },
{ "type": "Feature", "properties": { "latitude": 40.86235, "longitude": -73.89997, "collision_count": 125 }, "geometry": { "type": "Point", "coordinates": [ -73.89997, 40.86235 ] } },
{ "type": "Feature", "properties": { "latitude": 40.694576, "longitude": -73.95615, "collision_count": 125 }, "geometry": { "type": "Point", "coordinates": [ -73.95615, 40.694576 ] } },
{ "type": "Feature", "properties": { "latitude": 40.76552, "longitude": -73.98004, "collision_count": 125 }, "geometry": { "type": "Point", "coordinates": [ -73.98004, 40.76552 ] } },
{ "type": "Feature", "properties": { "latitude": 40.65115, "longitude": -73.890004, "collision_count": 125 }, "geometry": { "type": "Point", "coordinates": [ -73.890004, 40.65115 ] } },
{ "type": "Feature", "properties": { "latitude": 40.76132, "longitude": -73.917091, "collision_count": 125 }, "geometry": { "type": "Point", "coordinates": [ -73.917091, 40.76132 ] } },
{ "type": "Feature", "properties": { "latitude": 40.784975, "longitude": -73.982638, "collision_count": 125 }, "geometry": { "type": "Point", "coordinates": [ -73.982638, 40.784975 ] } },
{ "type": "Feature", "properties": { "latitude": 40.720245, "longitude": -73.9444, "collision_count": 125 }, "geometry": { "type": "Point", "coordinates": [ -73.9444, 40.720245 ] } },
{ "type": "Feature", "properties": { "latitude": 40.76548, "longitude": -73.913704, "collision_count": 125 }, "geometry": { "type": "Point", "coordinates": [ -73.913704, 40.76548 ] } },
{ "type": "Feature", "properties": { "latitude": 40.701237, "longitude": -73.79465, "collision_count": 125 }, "geometry": { "type": "Point", "coordinates": [ -73.79465, 40.701237 ] } },
{ "type": "Feature", "properties": { "latitude": 40.71071, "longitude": -73.793039, "collision_count": 125 }, "geometry": { "type": "Point", "coordinates": [ -73.793039, 40.71071 ] } },
{ "type": "Feature", "properties": { "latitude": 40.803425, "longitude": -73.93309, "collision_count": 125 }, "geometry": { "type": "Point", "coordinates": [ -73.93309, 40.803425 ] } },
{ "type": "Feature", "properties": { "latitude": 40.759567, "longitude": -73.83015, "collision_count": 125 }, "geometry": { "type": "Point", "coordinates": [ -73.83015, 40.759567 ] } },
{ "type": "Feature", "properties": { "latitude": 40.823257, "longitude": -73.94293, "collision_count": 124 }, "geometry": { "type": "Point", "coordinates": [ -73.94293, 40.823257 ] } },
{ "type": "Feature", "properties": { "latitude": 40.73447, "longitude": -73.86316, "collision_count": 124 }, "geometry": { "type": "Point", "coordinates": [ -73.86316, 40.73447 ] } },
{ "type": "Feature", "properties": { "latitude": 40.785294, "longitude": -73.969345, "collision_count": 124 }, "geometry": { "type": "Point", "coordinates": [ -73.969345, 40.785294 ] } },
{ "type": "Feature", "properties": { "latitude": 40.6094, "longitude": -74.09011, "collision_count": 124 }, "geometry": { "type": "Point", "coordinates": [ -74.09011, 40.6094 ] } },
{ "type": "Feature", "properties": { "latitude": 40.67164, "longitude": -73.95034, "collision_count": 124 }, "geometry": { "type": "Point", "coordinates": [ -73.95034, 40.67164 ] } },
{ "type": "Feature", "properties": { "latitude": 40.620438, "longitude": -74.1672, "collision_count": 124 }, "geometry": { "type": "Point", "coordinates": [ -74.1672, 40.620438 ] } },
{ "type": "Feature", "properties": { "latitude": 40.866089, "longitude": -73.882675, "collision_count": 124 }, "geometry": { "type": "Point", "coordinates": [ -73.882675, 40.866089 ] } },
{ "type": "Feature", "properties": { "latitude": 40.81801, "longitude": -73.96149, "collision_count": 124 }, "geometry": { "type": "Point", "coordinates": [ -73.96149, 40.81801 ] } },
{ "type": "Feature", "properties": { "latitude": 40.730445, "longitude": -73.913664, "collision_count": 124 }, "geometry": { "type": "Point", "coordinates": [ -73.913664, 40.730445 ] } },
{ "type": "Feature", "properties": { "latitude": 40.751081, "longitude": -73.986852, "collision_count": 124 }, "geometry": { "type": "Point", "coordinates": [ -73.986852, 40.751081 ] } },
{ "type": "Feature", "properties": { "latitude": 40.645027, "longitude": -73.91998, "collision_count": 124 }, "geometry": { "type": "Point", "coordinates": [ -73.91998, 40.645027 ] } },
{ "type": "Feature", "properties": { "latitude": 40.72258, "longitude": -73.940482, "collision_count": 124 }, "geometry": { "type": "Point", "coordinates": [ -73.940482, 40.72258 ] } },
{ "type": "Feature", "properties": { "latitude": 40.757907, "longitude": -73.989298, "collision_count": 124 }, "geometry": { "type": "Point", "coordinates": [ -73.989298, 40.757907 ] } },
{ "type": "Feature", "properties": { "latitude": 40.760927, "longitude": -73.994528, "collision_count": 124 }, "geometry": { "type": "Point", "coordinates": [ -73.994528, 40.760927 ] } },
{ "type": "Feature", "properties": { "latitude": 40.75425, "longitude": -73.96899, "collision_count": 124 }, "geometry": { "type": "Point", "coordinates": [ -73.96899, 40.75425 ] } },
{ "type": "Feature", "properties": { "latitude": 40.76015, "longitude": -73.9988, "collision_count": 124 }, "geometry": { "type": "Point", "coordinates": [ -73.9988, 40.76015 ] } },
{ "type": "Feature", "properties": { "latitude": 40.813095, "longitude": -73.89827, "collision_count": 124 }, "geometry": { "type": "Point", "coordinates": [ -73.89827, 40.813095 ] } },
{ "type": "Feature", "properties": { "latitude": 40.80202, "longitude": -73.94969, "collision_count": 124 }, "geometry": { "type": "Point", "coordinates": [ -73.94969, 40.80202 ] } },
{ "type": "Feature", "properties": { "latitude": 40.66051, "longitude": -73.962814, "collision_count": 124 }, "geometry": { "type": "Point", "coordinates": [ -73.962814, 40.66051 ] } },
{ "type": "Feature", "properties": { "latitude": 40.669555, "longitude": -73.944962, "collision_count": 124 }, "geometry": { "type": "Point", "coordinates": [ -73.944962, 40.669555 ] } },
{ "type": "Feature", "properties": { "latitude": 40.85592, "longitude": -73.9172, "collision_count": 124 }, "geometry": { "type": "Point", "coordinates": [ -73.9172, 40.85592 ] } },
{ "type": "Feature", "properties": { "latitude": 40.765358, "longitude": -73.74429, "collision_count": 124 }, "geometry": { "type": "Point", "coordinates": [ -73.74429, 40.765358 ] } },
{ "type": "Feature", "properties": { "latitude": 40.719025, "longitude": -73.98978, "collision_count": 124 }, "geometry": { "type": "Point", "coordinates": [ -73.98978, 40.719025 ] } },
{ "type": "Feature", "properties": { "latitude": 40.746493, "longitude": -74.001325, "collision_count": 124 }, "geometry": { "type": "Point", "coordinates": [ -74.001325, 40.746493 ] } },
{ "type": "Feature", "properties": { "latitude": 40.761668, "longitude": -73.974916, "collision_count": 124 }, "geometry": { "type": "Point", "coordinates": [ -73.974916, 40.761668 ] } },
{ "type": "Feature", "properties": { "latitude": 40.68064, "longitude": -73.95338, "collision_count": 124 }, "geometry": { "type": "Point", "coordinates": [ -73.95338, 40.68064 ] } },
{ "type": "Feature", "properties": { "latitude": 40.7244, "longitude": -73.9818, "collision_count": 124 }, "geometry": { "type": "Point", "coordinates": [ -73.9818, 40.7244 ] } },
{ "type": "Feature", "properties": { "latitude": 40.877393, "longitude": -73.866491, "collision_count": 124 }, "geometry": { "type": "Point", "coordinates": [ -73.866491, 40.877393 ] } },
{ "type": "Feature", "properties": { "latitude": 40.810765, "longitude": -73.95259, "collision_count": 124 }, "geometry": { "type": "Point", "coordinates": [ -73.95259, 40.810765 ] } },
{ "type": "Feature", "properties": { "latitude": 40.670734, "longitude": -73.93373, "collision_count": 124 }, "geometry": { "type": "Point", "coordinates": [ -73.93373, 40.670734 ] } },
{ "type": "Feature", "properties": { "latitude": 40.83406, "longitude": -73.944885, "collision_count": 124 }, "geometry": { "type": "Point", "coordinates": [ -73.944885, 40.83406 ] } },
{ "type": "Feature", "properties": { "latitude": 40.752228, "longitude": -73.93911, "collision_count": 124 }, "geometry": { "type": "Point", "coordinates": [ -73.93911, 40.752228 ] } },
{ "type": "Feature", "properties": { "latitude": 40.810764, "longitude": -73.9526, "collision_count": 123 }, "geometry": { "type": "Point", "coordinates": [ -73.9526, 40.810764 ] } },
{ "type": "Feature", "properties": { "latitude": 40.785294, "longitude": -73.969335, "collision_count": 123 }, "geometry": { "type": "Point", "coordinates": [ -73.969335, 40.785294 ] } },
{ "type": "Feature", "properties": { "latitude": 40.803024, "longitude": -73.93632, "collision_count": 123 }, "geometry": { "type": "Point", "coordinates": [ -73.93632, 40.803024 ] } },
{ "type": "Feature", "properties": { "latitude": 40.806915, "longitude": -73.93557, "collision_count": 123 }, "geometry": { "type": "Point", "coordinates": [ -73.93557, 40.806915 ] } },
{ "type": "Feature", "properties": { "latitude": 40.709158, "longitude": -73.841067, "collision_count": 123 }, "geometry": { "type": "Point", "coordinates": [ -73.841067, 40.709158 ] } },
{ "type": "Feature", "properties": { "latitude": 40.674396, "longitude": -73.896509, "collision_count": 123 }, "geometry": { "type": "Point", "coordinates": [ -73.896509, 40.674396 ] } },
{ "type": "Feature", "properties": { "latitude": 40.72084, "longitude": -74.00066, "collision_count": 123 }, "geometry": { "type": "Point", "coordinates": [ -74.00066, 40.72084 ] } },
{ "type": "Feature", "properties": { "latitude": 40.804993, "longitude": -73.911354, "collision_count": 123 }, "geometry": { "type": "Point", "coordinates": [ -73.911354, 40.804993 ] } },
{ "type": "Feature", "properties": { "latitude": 40.869515, "longitude": -73.826181, "collision_count": 123 }, "geometry": { "type": "Point", "coordinates": [ -73.826181, 40.869515 ] } },
{ "type": "Feature", "properties": { "latitude": 40.689842, "longitude": -73.850075, "collision_count": 123 }, "geometry": { "type": "Point", "coordinates": [ -73.850075, 40.689842 ] } },
{ "type": "Feature", "properties": { "latitude": 40.79166, "longitude": -73.96469, "collision_count": 123 }, "geometry": { "type": "Point", "coordinates": [ -73.96469, 40.79166 ] } },
{ "type": "Feature", "properties": { "latitude": 40.716542, "longitude": -73.996984, "collision_count": 123 }, "geometry": { "type": "Point", "coordinates": [ -73.996984, 40.716542 ] } },
{ "type": "Feature", "properties": { "latitude": 40.759271, "longitude": -73.980887, "collision_count": 123 }, "geometry": { "type": "Point", "coordinates": [ -73.980887, 40.759271 ] } },
{ "type": "Feature", "properties": { "latitude": 40.688766, "longitude": -73.99907, "collision_count": 123 }, "geometry": { "type": "Point", "coordinates": [ -73.99907, 40.688766 ] } },
{ "type": "Feature", "properties": { "latitude": 40.73975, "longitude": -74.00253, "collision_count": 122 }, "geometry": { "type": "Point", "coordinates": [ -74.00253, 40.73975 ] } },
{ "type": "Feature", "properties": { "latitude": 40.764365, "longitude": -73.961608, "collision_count": 122 }, "geometry": { "type": "Point", "coordinates": [ -73.961608, 40.764365 ] } },
{ "type": "Feature", "properties": { "latitude": 40.72956, "longitude": -73.87145, "collision_count": 122 }, "geometry": { "type": "Point", "coordinates": [ -73.87145, 40.72956 ] } },
{ "type": "Feature", "properties": { "latitude": 40.823647, "longitude": -73.943855, "collision_count": 122 }, "geometry": { "type": "Point", "coordinates": [ -73.943855, 40.823647 ] } },
{ "type": "Feature", "properties": { "latitude": 40.77882, "longitude": -73.953995, "collision_count": 122 }, "geometry": { "type": "Point", "coordinates": [ -73.953995, 40.77882 ] } },
{ "type": "Feature", "properties": { "latitude": 40.753243, "longitude": -73.966617, "collision_count": 122 }, "geometry": { "type": "Point", "coordinates": [ -73.966617, 40.753243 ] } },
{ "type": "Feature", "properties": { "latitude": 40.857418, "longitude": -73.899956, "collision_count": 122 }, "geometry": { "type": "Point", "coordinates": [ -73.899956, 40.857418 ] } },
{ "type": "Feature", "properties": { "latitude": 40.859444, "longitude": -73.915985, "collision_count": 122 }, "geometry": { "type": "Point", "coordinates": [ -73.915985, 40.859444 ] } },
{ "type": "Feature", "properties": { "latitude": 40.66968, "longitude": -73.91075, "collision_count": 122 }, "geometry": { "type": "Point", "coordinates": [ -73.91075, 40.66968 ] } },
{ "type": "Feature", "properties": { "latitude": 40.653873, "longitude": -74.008156, "collision_count": 122 }, "geometry": { "type": "Point", "coordinates": [ -74.008156, 40.653873 ] } },
{ "type": "Feature", "properties": { "latitude": 40.888992, "longitude": -73.8892, "collision_count": 122 }, "geometry": { "type": "Point", "coordinates": [ -73.8892, 40.888992 ] } },
{ "type": "Feature", "properties": { "latitude": 40.608203, "longitude": -73.92071, "collision_count": 122 }, "geometry": { "type": "Point", "coordinates": [ -73.92071, 40.608203 ] } },
{ "type": "Feature", "properties": { "latitude": 40.747895, "longitude": -73.989166, "collision_count": 122 }, "geometry": { "type": "Point", "coordinates": [ -73.989166, 40.747895 ] } },
{ "type": "Feature", "properties": { "latitude": 40.7092, "longitude": -73.9919, "collision_count": 122 }, "geometry": { "type": "Point", "coordinates": [ -73.9919, 40.7092 ] } },
{ "type": "Feature", "properties": { "latitude": 40.668373, "longitude": -73.92264, "collision_count": 122 }, "geometry": { "type": "Point", "coordinates": [ -73.92264, 40.668373 ] } },
{ "type": "Feature", "properties": { "latitude": 40.61462, "longitude": -73.968666, "collision_count": 121 }, "geometry": { "type": "Point", "coordinates": [ -73.968666, 40.61462 ] } },
{ "type": "Feature", "properties": { "latitude": 40.766167, "longitude": -73.954254, "collision_count": 121 }, "geometry": { "type": "Point", "coordinates": [ -73.954254, 40.766167 ] } },
{ "type": "Feature", "properties": { "latitude": 40.76536, "longitude": -73.82787, "collision_count": 121 }, "geometry": { "type": "Point", "coordinates": [ -73.82787, 40.76536 ] } },
{ "type": "Feature", "properties": { "latitude": 40.666008, "longitude": -73.789536, "collision_count": 121 }, "geometry": { "type": "Point", "coordinates": [ -73.789536, 40.666008 ] } },
{ "type": "Feature", "properties": { "latitude": 40.756568, "longitude": -73.990276, "collision_count": 121 }, "geometry": { "type": "Point", "coordinates": [ -73.990276, 40.756568 ] } },
{ "type": "Feature", "properties": { "latitude": 40.876503, "longitude": -73.904564, "collision_count": 121 }, "geometry": { "type": "Point", "coordinates": [ -73.904564, 40.876503 ] } },
{ "type": "Feature", "properties": { "latitude": 40.758949, "longitude": -73.968481, "collision_count": 121 }, "geometry": { "type": "Point", "coordinates": [ -73.968481, 40.758949 ] } },
{ "type": "Feature", "properties": { "latitude": 40.71991, "longitude": -73.809044, "collision_count": 121 }, "geometry": { "type": "Point", "coordinates": [ -73.809044, 40.71991 ] } },
{ "type": "Feature", "properties": { "latitude": 40.767372, "longitude": -73.950066, "collision_count": 121 }, "geometry": { "type": "Point", "coordinates": [ -73.950066, 40.767372 ] } },
{ "type": "Feature", "properties": { "latitude": 40.762226, "longitude": -73.96819, "collision_count": 121 }, "geometry": { "type": "Point", "coordinates": [ -73.96819, 40.762226 ] } },
{ "type": "Feature", "properties": { "latitude": 40.735214, "longitude": -73.991715, "collision_count": 121 }, "geometry": { "type": "Point", "coordinates": [ -73.991715, 40.735214 ] } },
{ "type": "Feature", "properties": { "latitude": 40.76685, "longitude": -73.95376, "collision_count": 121 }, "geometry": { "type": "Point", "coordinates": [ -73.95376, 40.76685 ] } },
{ "type": "Feature", "properties": { "latitude": 40.761659, "longitude": -73.986561, "collision_count": 121 }, "geometry": { "type": "Point", "coordinates": [ -73.986561, 40.761659 ] } },
{ "type": "Feature", "properties": { "latitude": 40.624765, "longitude": -73.965172, "collision_count": 121 }, "geometry": { "type": "Point", "coordinates": [ -73.965172, 40.624765 ] } },
{ "type": "Feature", "properties": { "latitude": 40.84019, "longitude": -73.94307, "collision_count": 121 }, "geometry": { "type": "Point", "coordinates": [ -73.94307, 40.84019 ] } },
{ "type": "Feature", "properties": { "latitude": 40.744801, "longitude": -73.991418, "collision_count": 121 }, "geometry": { "type": "Point", "coordinates": [ -73.991418, 40.744801 ] } },
{ "type": "Feature", "properties": { "latitude": 40.73204, "longitude": -73.87034, "collision_count": 121 }, "geometry": { "type": "Point", "coordinates": [ -73.87034, 40.73204 ] } },
{ "type": "Feature", "properties": { "latitude": 40.696213, "longitude": -73.97528, "collision_count": 121 }, "geometry": { "type": "Point", "coordinates": [ -73.97528, 40.696213 ] } },
{ "type": "Feature", "properties": { "latitude": 40.761556, "longitude": -73.994069, "collision_count": 121 }, "geometry": { "type": "Point", "coordinates": [ -73.994069, 40.761556 ] } },
{ "type": "Feature", "properties": { "latitude": 40.691436, "longitude": -73.890623, "collision_count": 121 }, "geometry": { "type": "Point", "coordinates": [ -73.890623, 40.691436 ] } },
{ "type": "Feature", "properties": { "latitude": 40.71071, "longitude": -73.793045, "collision_count": 121 }, "geometry": { "type": "Point", "coordinates": [ -73.793045, 40.71071 ] } },
{ "type": "Feature", "properties": { "latitude": 40.805737, "longitude": -73.94065, "collision_count": 121 }, "geometry": { "type": "Point", "coordinates": [ -73.94065, 40.805737 ] } },
{ "type": "Feature", "properties": { "latitude": 40.577995, "longitude": -73.959635, "collision_count": 121 }, "geometry": { "type": "Point", "coordinates": [ -73.959635, 40.577995 ] } },
{ "type": "Feature", "properties": { "latitude": 40.699844, "longitude": -73.991035, "collision_count": 121 }, "geometry": { "type": "Point", "coordinates": [ -73.991035, 40.699844 ] } },
{ "type": "Feature", "properties": { "latitude": 40.761547, "longitude": -73.83112, "collision_count": 121 }, "geometry": { "type": "Point", "coordinates": [ -73.83112, 40.761547 ] } },
{ "type": "Feature", "properties": { "latitude": 40.758022, "longitude": -73.981793, "collision_count": 121 }, "geometry": { "type": "Point", "coordinates": [ -73.981793, 40.758022 ] } },
{ "type": "Feature", "properties": { "latitude": 40.763344, "longitude": -73.75791, "collision_count": 121 }, "geometry": { "type": "Point", "coordinates": [ -73.75791, 40.763344 ] } },
{ "type": "Feature", "properties": { "latitude": 40.711628, "longitude": -73.729385, "collision_count": 121 }, "geometry": { "type": "Point", "coordinates": [ -73.729385, 40.711628 ] } },
{ "type": "Feature", "properties": { "latitude": 40.833282, "longitude": -73.82836, "collision_count": 121 }, "geometry": { "type": "Point", "coordinates": [ -73.82836, 40.833282 ] } },
{ "type": "Feature", "properties": { "latitude": 40.5832, "longitude": -73.97304, "collision_count": 121 }, "geometry": { "type": "Point", "coordinates": [ -73.97304, 40.5832 ] } },
{ "type": "Feature", "properties": { "latitude": 40.664993, "longitude": -73.80229, "collision_count": 121 }, "geometry": { "type": "Point", "coordinates": [ -73.80229, 40.664993 ] } },
{ "type": "Feature", "properties": { "latitude": 40.731949, "longitude": -73.863423, "collision_count": 121 }, "geometry": { "type": "Point", "coordinates": [ -73.863423, 40.731949 ] } },
{ "type": "Feature", "properties": { "latitude": 40.61074, "longitude": -74.09583, "collision_count": 121 }, "geometry": { "type": "Point", "coordinates": [ -74.09583, 40.61074 ] } },
{ "type": "Feature", "properties": { "latitude": 40.764791, "longitude": -73.984282, "collision_count": 121 }, "geometry": { "type": "Point", "coordinates": [ -73.984282, 40.764791 ] } },
{ "type": "Feature", "properties": { "latitude": 40.570877, "longitude": -74.16984, "collision_count": 121 }, "geometry": { "type": "Point", "coordinates": [ -74.16984, 40.570877 ] } },
{ "type": "Feature", "properties": { "latitude": 40.640236, "longitude": -73.90598, "collision_count": 121 }, "geometry": { "type": "Point", "coordinates": [ -73.90598, 40.640236 ] } },
{ "type": "Feature", "properties": { "latitude": 40.635506, "longitude": -73.913284, "collision_count": 120 }, "geometry": { "type": "Point", "coordinates": [ -73.913284, 40.635506 ] } },
{ "type": "Feature", "properties": { "latitude": 40.803426, "longitude": -73.933083, "collision_count": 120 }, "geometry": { "type": "Point", "coordinates": [ -73.933083, 40.803426 ] } },
{ "type": "Feature", "properties": { "latitude": 40.663727, "longitude": -73.95386, "collision_count": 120 }, "geometry": { "type": "Point", "coordinates": [ -73.95386, 40.663727 ] } },
{ "type": "Feature", "properties": { "latitude": 40.756527, "longitude": -73.994026, "collision_count": 120 }, "geometry": { "type": "Point", "coordinates": [ -73.994026, 40.756527 ] } },
{ "type": "Feature", "properties": { "latitude": 40.762227, "longitude": -73.968187, "collision_count": 120 }, "geometry": { "type": "Point", "coordinates": [ -73.968187, 40.762227 ] } },
{ "type": "Feature", "properties": { "latitude": 40.762094, "longitude": -73.756905, "collision_count": 120 }, "geometry": { "type": "Point", "coordinates": [ -73.756905, 40.762094 ] } },
{ "type": "Feature", "properties": { "latitude": 40.764435, "longitude": -73.72269, "collision_count": 120 }, "geometry": { "type": "Point", "coordinates": [ -73.72269, 40.764435 ] } },
{ "type": "Feature", "properties": { "latitude": 40.757355, "longitude": -73.73887, "collision_count": 120 }, "geometry": { "type": "Point", "coordinates": [ -73.73887, 40.757355 ] } },
{ "type": "Feature", "properties": { "latitude": 40.717175, "longitude": -74.012868, "collision_count": 120 }, "geometry": { "type": "Point", "coordinates": [ -74.012868, 40.717175 ] } },
{ "type": "Feature", "properties": { "latitude": 40.73361, "longitude": -73.923841, "collision_count": 120 }, "geometry": { "type": "Point", "coordinates": [ -73.923841, 40.73361 ] } },
{ "type": "Feature", "properties": { "latitude": 40.80275, "longitude": -73.93358, "collision_count": 120 }, "geometry": { "type": "Point", "coordinates": [ -73.93358, 40.80275 ] } },
{ "type": "Feature", "properties": { "latitude": 40.720165, "longitude": -73.844795, "collision_count": 120 }, "geometry": { "type": "Point", "coordinates": [ -73.844795, 40.720165 ] } },
{ "type": "Feature", "properties": { "latitude": 40.716133, "longitude": -73.8185, "collision_count": 120 }, "geometry": { "type": "Point", "coordinates": [ -73.8185, 40.716133 ] } },
{ "type": "Feature", "properties": { "latitude": 40.712697, "longitude": -73.900594, "collision_count": 120 }, "geometry": { "type": "Point", "coordinates": [ -73.900594, 40.712697 ] } },
{ "type": "Feature", "properties": { "latitude": 40.707306, "longitude": -73.75122, "collision_count": 120 }, "geometry": { "type": "Point", "coordinates": [ -73.75122, 40.707306 ] } },
{ "type": "Feature", "properties": { "latitude": 40.843204, "longitude": -73.91196, "collision_count": 120 }, "geometry": { "type": "Point", "coordinates": [ -73.91196, 40.843204 ] } },
{ "type": "Feature", "properties": { "latitude": 40.713135, "longitude": -74.004058, "collision_count": 120 }, "geometry": { "type": "Point", "coordinates": [ -74.004058, 40.713135 ] } },
{ "type": "Feature", "properties": { "latitude": 40.804696, "longitude": -73.922386, "collision_count": 120 }, "geometry": { "type": "Point", "coordinates": [ -73.922386, 40.804696 ] } },
{ "type": "Feature", "properties": { "latitude": 40.625973, "longitude": -73.97624, "collision_count": 120 }, "geometry": { "type": "Point", "coordinates": [ -73.97624, 40.625973 ] } },
{ "type": "Feature", "properties": { "latitude": 40.64664, "longitude": -73.9246, "collision_count": 119 }, "geometry": { "type": "Point", "coordinates": [ -73.9246, 40.64664 ] } },
{ "type": "Feature", "properties": { "latitude": 40.820515, "longitude": -73.930695, "collision_count": 119 }, "geometry": { "type": "Point", "coordinates": [ -73.930695, 40.820515 ] } },
{ "type": "Feature", "properties": { "latitude": 40.676646, "longitude": -73.916464, "collision_count": 119 }, "geometry": { "type": "Point", "coordinates": [ -73.916464, 40.676646 ] } },
{ "type": "Feature", "properties": { "latitude": 40.805736, "longitude": -73.940645, "collision_count": 119 }, "geometry": { "type": "Point", "coordinates": [ -73.940645, 40.805736 ] } },
{ "type": "Feature", "properties": { "latitude": 40.838846, "longitude": -73.878162, "collision_count": 119 }, "geometry": { "type": "Point", "coordinates": [ -73.878162, 40.838846 ] } },
{ "type": "Feature", "properties": { "latitude": 40.632633, "longitude": -74.01254, "collision_count": 119 }, "geometry": { "type": "Point", "coordinates": [ -74.01254, 40.632633 ] } },
{ "type": "Feature", "properties": { "latitude": 40.80398, "longitude": -73.831085, "collision_count": 119 }, "geometry": { "type": "Point", "coordinates": [ -73.831085, 40.80398 ] } },
{ "type": "Feature", "properties": { "latitude": 40.720707, "longitude": -73.981316, "collision_count": 119 }, "geometry": { "type": "Point", "coordinates": [ -73.981316, 40.720707 ] } },
{ "type": "Feature", "properties": { "latitude": 40.856537, "longitude": -73.87257, "collision_count": 119 }, "geometry": { "type": "Point", "coordinates": [ -73.87257, 40.856537 ] } },
{ "type": "Feature", "properties": { "latitude": 40.75426, "longitude": -73.74334, "collision_count": 119 }, "geometry": { "type": "Point", "coordinates": [ -73.74334, 40.75426 ] } },
{ "type": "Feature", "properties": { "latitude": 40.688922, "longitude": -73.999147, "collision_count": 119 }, "geometry": { "type": "Point", "coordinates": [ -73.999147, 40.688922 ] } },
{ "type": "Feature", "properties": { "latitude": 40.785193, "longitude": -73.949333, "collision_count": 119 }, "geometry": { "type": "Point", "coordinates": [ -73.949333, 40.785193 ] } },
{ "type": "Feature", "properties": { "latitude": 40.87647, "longitude": -73.87058, "collision_count": 119 }, "geometry": { "type": "Point", "coordinates": [ -73.87058, 40.87647 ] } },
{ "type": "Feature", "properties": { "latitude": 40.710906, "longitude": -74.014457, "collision_count": 119 }, "geometry": { "type": "Point", "coordinates": [ -74.014457, 40.710906 ] } },
{ "type": "Feature", "properties": { "latitude": 40.700582, "longitude": -73.807742, "collision_count": 119 }, "geometry": { "type": "Point", "coordinates": [ -73.807742, 40.700582 ] } },
{ "type": "Feature", "properties": { "latitude": 40.865547, "longitude": -73.92728, "collision_count": 119 }, "geometry": { "type": "Point", "coordinates": [ -73.92728, 40.865547 ] } },
{ "type": "Feature", "properties": { "latitude": 40.759406, "longitude": -73.985103, "collision_count": 119 }, "geometry": { "type": "Point", "coordinates": [ -73.985103, 40.759406 ] } },
{ "type": "Feature", "properties": { "latitude": 40.64366, "longitude": -73.90067, "collision_count": 119 }, "geometry": { "type": "Point", "coordinates": [ -73.90067, 40.64366 ] } },
{ "type": "Feature", "properties": { "latitude": 40.678394, "longitude": -73.94692, "collision_count": 119 }, "geometry": { "type": "Point", "coordinates": [ -73.94692, 40.678394 ] } },
{ "type": "Feature", "properties": { "latitude": 40.75776, "longitude": -73.7834, "collision_count": 119 }, "geometry": { "type": "Point", "coordinates": [ -73.7834, 40.75776 ] } },
{ "type": "Feature", "properties": { "latitude": 40.755406, "longitude": -73.979484, "collision_count": 119 }, "geometry": { "type": "Point", "coordinates": [ -73.979484, 40.755406 ] } },
{ "type": "Feature", "properties": { "latitude": 40.65605, "longitude": -73.92361, "collision_count": 119 }, "geometry": { "type": "Point", "coordinates": [ -73.92361, 40.65605 ] } },
{ "type": "Feature", "properties": { "latitude": 40.810173, "longitude": -73.95117, "collision_count": 119 }, "geometry": { "type": "Point", "coordinates": [ -73.95117, 40.810173 ] } },
{ "type": "Feature", "properties": { "latitude": 40.721064, "longitude": -73.759442, "collision_count": 119 }, "geometry": { "type": "Point", "coordinates": [ -73.759442, 40.721064 ] } },
{ "type": "Feature", "properties": { "latitude": 40.723305, "longitude": -74.00299, "collision_count": 118 }, "geometry": { "type": "Point", "coordinates": [ -74.00299, 40.723305 ] } },
{ "type": "Feature", "properties": { "latitude": 40.846565, "longitude": -73.92589, "collision_count": 118 }, "geometry": { "type": "Point", "coordinates": [ -73.92589, 40.846565 ] } },
{ "type": "Feature", "properties": { "latitude": 40.677025, "longitude": -73.95268, "collision_count": 118 }, "geometry": { "type": "Point", "coordinates": [ -73.95268, 40.677025 ] } },
{ "type": "Feature", "properties": { "latitude": 40.657753, "longitude": -73.89612, "collision_count": 118 }, "geometry": { "type": "Point", "coordinates": [ -73.89612, 40.657753 ] } },
{ "type": "Feature", "properties": { "latitude": 40.773336, "longitude": -73.955054, "collision_count": 118 }, "geometry": { "type": "Point", "coordinates": [ -73.955054, 40.773336 ] } },
{ "type": "Feature", "properties": { "latitude": 40.841087, "longitude": -73.864478, "collision_count": 118 }, "geometry": { "type": "Point", "coordinates": [ -73.864478, 40.841087 ] } },
{ "type": "Feature", "properties": { "latitude": 40.60301, "longitude": -74.016884, "collision_count": 118 }, "geometry": { "type": "Point", "coordinates": [ -74.016884, 40.60301 ] } },
{ "type": "Feature", "properties": { "latitude": 40.768803, "longitude": -73.95836, "collision_count": 118 }, "geometry": { "type": "Point", "coordinates": [ -73.95836, 40.768803 ] } },
{ "type": "Feature", "properties": { "latitude": 40.665733, "longitude": -73.755585, "collision_count": 118 }, "geometry": { "type": "Point", "coordinates": [ -73.755585, 40.665733 ] } },
{ "type": "Feature", "properties": { "latitude": 40.633803, "longitude": -73.889694, "collision_count": 118 }, "geometry": { "type": "Point", "coordinates": [ -73.889694, 40.633803 ] } },
{ "type": "Feature", "properties": { "latitude": 40.753516, "longitude": -73.988786, "collision_count": 118 }, "geometry": { "type": "Point", "coordinates": [ -73.988786, 40.753516 ] } },
{ "type": "Feature", "properties": { "latitude": 40.7509, "longitude": -73.99812, "collision_count": 118 }, "geometry": { "type": "Point", "coordinates": [ -73.99812, 40.7509 ] } },
{ "type": "Feature", "properties": { "latitude": 40.766852, "longitude": -73.953748, "collision_count": 118 }, "geometry": { "type": "Point", "coordinates": [ -73.953748, 40.766852 ] } },
{ "type": "Feature", "properties": { "latitude": 40.75469, "longitude": -73.99536, "collision_count": 118 }, "geometry": { "type": "Point", "coordinates": [ -73.99536, 40.75469 ] } },
{ "type": "Feature", "properties": { "latitude": 40.671825, "longitude": -73.774506, "collision_count": 118 }, "geometry": { "type": "Point", "coordinates": [ -73.774506, 40.671825 ] } },
{ "type": "Feature", "properties": { "latitude": 40.743156, "longitude": -73.97213, "collision_count": 118 }, "geometry": { "type": "Point", "coordinates": [ -73.97213, 40.743156 ] } },
{ "type": "Feature", "properties": { "latitude": 40.734434, "longitude": -73.989904, "collision_count": 118 }, "geometry": { "type": "Point", "coordinates": [ -73.989904, 40.734434 ] } },
{ "type": "Feature", "properties": { "latitude": 40.764056, "longitude": -73.964756, "collision_count": 118 }, "geometry": { "type": "Point", "coordinates": [ -73.964756, 40.764056 ] } },
{ "type": "Feature", "properties": { "latitude": 40.721449, "longitude": -73.997399, "collision_count": 118 }, "geometry": { "type": "Point", "coordinates": [ -73.997399, 40.721449 ] } },
{ "type": "Feature", "properties": { "latitude": 40.864807, "longitude": -73.91937, "collision_count": 118 }, "geometry": { "type": "Point", "coordinates": [ -73.91937, 40.864807 ] } },
{ "type": "Feature", "properties": { "latitude": 40.808163, "longitude": -73.926522, "collision_count": 118 }, "geometry": { "type": "Point", "coordinates": [ -73.926522, 40.808163 ] } },
{ "type": "Feature", "properties": { "latitude": 40.76132, "longitude": -73.9171, "collision_count": 118 }, "geometry": { "type": "Point", "coordinates": [ -73.9171, 40.76132 ] } },
{ "type": "Feature", "properties": { "latitude": 40.68024, "longitude": -73.946754, "collision_count": 118 }, "geometry": { "type": "Point", "coordinates": [ -73.946754, 40.68024 ] } },
{ "type": "Feature", "properties": { "latitude": 40.648102, "longitude": -73.914731, "collision_count": 118 }, "geometry": { "type": "Point", "coordinates": [ -73.914731, 40.648102 ] } },
{ "type": "Feature", "properties": { "latitude": 40.656611, "longitude": -73.930902, "collision_count": 118 }, "geometry": { "type": "Point", "coordinates": [ -73.930902, 40.656611 ] } },
{ "type": "Feature", "properties": { "latitude": 40.839178, "longitude": -73.941135, "collision_count": 118 }, "geometry": { "type": "Point", "coordinates": [ -73.941135, 40.839178 ] } },
{ "type": "Feature", "properties": { "latitude": 40.818799, "longitude": -73.892119, "collision_count": 118 }, "geometry": { "type": "Point", "coordinates": [ -73.892119, 40.818799 ] } },
{ "type": "Feature", "properties": { "latitude": 40.86507, "longitude": -73.87185, "collision_count": 118 }, "geometry": { "type": "Point", "coordinates": [ -73.87185, 40.86507 ] } },
{ "type": "Feature", "properties": { "latitude": 40.719933, "longitude": -73.97876, "collision_count": 117 }, "geometry": { "type": "Point", "coordinates": [ -73.97876, 40.719933 ] } },
{ "type": "Feature", "properties": { "latitude": 40.57257, "longitude": -74.169876, "collision_count": 117 }, "geometry": { "type": "Point", "coordinates": [ -74.169876, 40.57257 ] } },
{ "type": "Feature", "properties": { "latitude": 40.765545, "longitude": -73.95471, "collision_count": 117 }, "geometry": { "type": "Point", "coordinates": [ -73.95471, 40.765545 ] } },
{ "type": "Feature", "properties": { "latitude": 40.808163, "longitude": -73.92653, "collision_count": 117 }, "geometry": { "type": "Point", "coordinates": [ -73.92653, 40.808163 ] } },
{ "type": "Feature", "properties": { "latitude": 40.764362, "longitude": -73.96162, "collision_count": 117 }, "geometry": { "type": "Point", "coordinates": [ -73.96162, 40.764362 ] } },
{ "type": "Feature", "properties": { "latitude": 40.690914, "longitude": -73.72819, "collision_count": 117 }, "geometry": { "type": "Point", "coordinates": [ -73.72819, 40.690914 ] } },
{ "type": "Feature", "properties": { "latitude": 40.90348, "longitude": -73.85035, "collision_count": 117 }, "geometry": { "type": "Point", "coordinates": [ -73.85035, 40.90348 ] } },
{ "type": "Feature", "properties": { "latitude": 40.624912, "longitude": -74.146706, "collision_count": 117 }, "geometry": { "type": "Point", "coordinates": [ -74.146706, 40.624912 ] } },
{ "type": "Feature", "properties": { "latitude": 40.758537, "longitude": -73.977202, "collision_count": 117 }, "geometry": { "type": "Point", "coordinates": [ -73.977202, 40.758537 ] } },
{ "type": "Feature", "properties": { "latitude": 40.68305, "longitude": -73.973763, "collision_count": 117 }, "geometry": { "type": "Point", "coordinates": [ -73.973763, 40.68305 ] } },
{ "type": "Feature", "properties": { "latitude": 40.778606, "longitude": -73.98163, "collision_count": 117 }, "geometry": { "type": "Point", "coordinates": [ -73.98163, 40.778606 ] } },
{ "type": "Feature", "properties": { "latitude": 40.795252, "longitude": -73.973209, "collision_count": 117 }, "geometry": { "type": "Point", "coordinates": [ -73.973209, 40.795252 ] } },
{ "type": "Feature", "properties": { "latitude": 40.616043, "longitude": -73.94484, "collision_count": 117 }, "geometry": { "type": "Point", "coordinates": [ -73.94484, 40.616043 ] } },
{ "type": "Feature", "properties": { "latitude": 40.767918, "longitude": -73.985725, "collision_count": 117 }, "geometry": { "type": "Point", "coordinates": [ -73.985725, 40.767918 ] } },
{ "type": "Feature", "properties": { "latitude": 40.770313, "longitude": -73.876024, "collision_count": 117 }, "geometry": { "type": "Point", "coordinates": [ -73.876024, 40.770313 ] } },
{ "type": "Feature", "properties": { "latitude": 40.723747, "longitude": -74.006115, "collision_count": 117 }, "geometry": { "type": "Point", "coordinates": [ -74.006115, 40.723747 ] } },
{ "type": "Feature", "properties": { "latitude": 40.71122, "longitude": -73.72827, "collision_count": 117 }, "geometry": { "type": "Point", "coordinates": [ -73.72827, 40.71122 ] } },
{ "type": "Feature", "properties": { "latitude": 40.752801, "longitude": -73.979286, "collision_count": 117 }, "geometry": { "type": "Point", "coordinates": [ -73.979286, 40.752801 ] } },
{ "type": "Feature", "properties": { "latitude": 40.84944, "longitude": -73.906006, "collision_count": 117 }, "geometry": { "type": "Point", "coordinates": [ -73.906006, 40.84944 ] } },
{ "type": "Feature", "properties": { "latitude": 40.68714, "longitude": -73.80801, "collision_count": 117 }, "geometry": { "type": "Point", "coordinates": [ -73.80801, 40.68714 ] } },
{ "type": "Feature", "properties": { "latitude": 40.696785, "longitude": -73.95658, "collision_count": 117 }, "geometry": { "type": "Point", "coordinates": [ -73.95658, 40.696785 ] } },
{ "type": "Feature", "properties": { "latitude": 40.724495, "longitude": -73.72469, "collision_count": 117 }, "geometry": { "type": "Point", "coordinates": [ -73.72469, 40.724495 ] } },
{ "type": "Feature", "properties": { "latitude": 40.887446, "longitude": -73.878001, "collision_count": 117 }, "geometry": { "type": "Point", "coordinates": [ -73.878001, 40.887446 ] } },
{ "type": "Feature", "properties": { "latitude": 40.867692, "longitude": -73.921214, "collision_count": 117 }, "geometry": { "type": "Point", "coordinates": [ -73.921214, 40.867692 ] } },
{ "type": "Feature", "properties": { "latitude": 40.686087, "longitude": -73.98266, "collision_count": 117 }, "geometry": { "type": "Point", "coordinates": [ -73.98266, 40.686087 ] } },
{ "type": "Feature", "properties": { "latitude": 40.79672, "longitude": -73.97618, "collision_count": 117 }, "geometry": { "type": "Point", "coordinates": [ -73.97618, 40.79672 ] } },
{ "type": "Feature", "properties": { "latitude": 40.670887, "longitude": -73.93649, "collision_count": 117 }, "geometry": { "type": "Point", "coordinates": [ -73.93649, 40.670887 ] } },
{ "type": "Feature", "properties": { "latitude": 40.621493, "longitude": -74.026213, "collision_count": 117 }, "geometry": { "type": "Point", "coordinates": [ -74.026213, 40.621493 ] } },
{ "type": "Feature", "properties": { "latitude": 40.777874, "longitude": -73.95175, "collision_count": 116 }, "geometry": { "type": "Point", "coordinates": [ -73.95175, 40.777874 ] } },
{ "type": "Feature", "properties": { "latitude": 40.75096, "longitude": -73.982723, "collision_count": 116 }, "geometry": { "type": "Point", "coordinates": [ -73.982723, 40.75096 ] } },
{ "type": "Feature", "properties": { "latitude": 40.804012, "longitude": -73.93097, "collision_count": 116 }, "geometry": { "type": "Point", "coordinates": [ -73.93097, 40.804012 ] } },
{ "type": "Feature", "properties": { "latitude": 40.74128, "longitude": -73.90257, "collision_count": 116 }, "geometry": { "type": "Point", "coordinates": [ -73.90257, 40.74128 ] } },
{ "type": "Feature", "properties": { "latitude": 40.75591, "longitude": -73.994467, "collision_count": 116 }, "geometry": { "type": "Point", "coordinates": [ -73.994467, 40.75591 ] } },
{ "type": "Feature", "properties": { "latitude": 40.605335, "longitude": -73.755274, "collision_count": 116 }, "geometry": { "type": "Point", "coordinates": [ -73.755274, 40.605335 ] } },
{ "type": "Feature", "properties": { "latitude": 40.84009, "longitude": -73.88036, "collision_count": 116 }, "geometry": { "type": "Point", "coordinates": [ -73.88036, 40.84009 ] } },
{ "type": "Feature", "properties": { "latitude": 40.720165, "longitude": -73.844789, "collision_count": 116 }, "geometry": { "type": "Point", "coordinates": [ -73.844789, 40.720165 ] } },
{ "type": "Feature", "properties": { "latitude": 40.761971, "longitude": -73.925382, "collision_count": 116 }, "geometry": { "type": "Point", "coordinates": [ -73.925382, 40.761971 ] } },
{ "type": "Feature", "properties": { "latitude": 40.83639, "longitude": -73.91588, "collision_count": 116 }, "geometry": { "type": "Point", "coordinates": [ -73.91588, 40.83639 ] } },
{ "type": "Feature", "properties": { "latitude": 40.748913, "longitude": -73.9374, "collision_count": 116 }, "geometry": { "type": "Point", "coordinates": [ -73.9374, 40.748913 ] } },
{ "type": "Feature", "properties": { "latitude": 40.82304, "longitude": -73.88193, "collision_count": 116 }, "geometry": { "type": "Point", "coordinates": [ -73.88193, 40.82304 ] } },
{ "type": "Feature", "properties": { "latitude": 40.828316, "longitude": -73.93118, "collision_count": 116 }, "geometry": { "type": "Point", "coordinates": [ -73.93118, 40.828316 ] } },
{ "type": "Feature", "properties": { "latitude": 40.729996, "longitude": -73.91187, "collision_count": 116 }, "geometry": { "type": "Point", "coordinates": [ -73.91187, 40.729996 ] } },
{ "type": "Feature", "properties": { "latitude": 40.764281, "longitude": -73.998581, "collision_count": 116 }, "geometry": { "type": "Point", "coordinates": [ -73.998581, 40.764281 ] } },
{ "type": "Feature", "properties": { "latitude": 40.713978, "longitude": -73.953088, "collision_count": 116 }, "geometry": { "type": "Point", "coordinates": [ -73.953088, 40.713978 ] } },
{ "type": "Feature", "properties": { "latitude": 40.746403, "longitude": -73.979725, "collision_count": 116 }, "geometry": { "type": "Point", "coordinates": [ -73.979725, 40.746403 ] } },
{ "type": "Feature", "properties": { "latitude": 40.814105, "longitude": -73.940854, "collision_count": 116 }, "geometry": { "type": "Point", "coordinates": [ -73.940854, 40.814105 ] } },
{ "type": "Feature", "properties": { "latitude": 40.705246, "longitude": -73.95908, "collision_count": 116 }, "geometry": { "type": "Point", "coordinates": [ -73.95908, 40.705246 ] } },
{ "type": "Feature", "properties": { "latitude": 40.753284, "longitude": -73.90691, "collision_count": 116 }, "geometry": { "type": "Point", "coordinates": [ -73.90691, 40.753284 ] } },
{ "type": "Feature", "properties": { "latitude": 40.848393, "longitude": -73.937672, "collision_count": 116 }, "geometry": { "type": "Point", "coordinates": [ -73.937672, 40.848393 ] } },
{ "type": "Feature", "properties": { "latitude": 40.740692, "longitude": -73.84418, "collision_count": 116 }, "geometry": { "type": "Point", "coordinates": [ -73.84418, 40.740692 ] } },
{ "type": "Feature", "properties": { "latitude": 40.644753, "longitude": -73.92493, "collision_count": 116 }, "geometry": { "type": "Point", "coordinates": [ -73.92493, 40.644753 ] } },
{ "type": "Feature", "properties": { "latitude": 40.742676, "longitude": -73.839516, "collision_count": 116 }, "geometry": { "type": "Point", "coordinates": [ -73.839516, 40.742676 ] } },
{ "type": "Feature", "properties": { "latitude": 40.87683, "longitude": -73.86472, "collision_count": 116 }, "geometry": { "type": "Point", "coordinates": [ -73.86472, 40.87683 ] } },
{ "type": "Feature", "properties": { "latitude": 40.752316, "longitude": -73.985945, "collision_count": 116 }, "geometry": { "type": "Point", "coordinates": [ -73.985945, 40.752316 ] } },
{ "type": "Feature", "properties": { "latitude": 40.73319, "longitude": -73.866875, "collision_count": 116 }, "geometry": { "type": "Point", "coordinates": [ -73.866875, 40.73319 ] } },
{ "type": "Feature", "properties": { "latitude": 40.66077, "longitude": -73.919742, "collision_count": 116 }, "geometry": { "type": "Point", "coordinates": [ -73.919742, 40.66077 ] } },
{ "type": "Feature", "properties": { "latitude": 40.715473, "longitude": -73.95185, "collision_count": 116 }, "geometry": { "type": "Point", "coordinates": [ -73.95185, 40.715473 ] } },
{ "type": "Feature", "properties": { "latitude": 40.862259, "longitude": -73.895884, "collision_count": 116 }, "geometry": { "type": "Point", "coordinates": [ -73.895884, 40.862259 ] } },
{ "type": "Feature", "properties": { "latitude": 40.663517, "longitude": -73.957214, "collision_count": 116 }, "geometry": { "type": "Point", "coordinates": [ -73.957214, 40.663517 ] } },
{ "type": "Feature", "properties": { "latitude": 40.726814, "longitude": -73.83846, "collision_count": 116 }, "geometry": { "type": "Point", "coordinates": [ -73.83846, 40.726814 ] } },
{ "type": "Feature", "properties": { "latitude": 40.760464, "longitude": -73.826546, "collision_count": 116 }, "geometry": { "type": "Point", "coordinates": [ -73.826546, 40.760464 ] } },
{ "type": "Feature", "properties": { "latitude": 40.748985, "longitude": -73.979965, "collision_count": 115 }, "geometry": { "type": "Point", "coordinates": [ -73.979965, 40.748985 ] } },
{ "type": "Feature", "properties": { "latitude": 40.666406, "longitude": -73.802622, "collision_count": 115 }, "geometry": { "type": "Point", "coordinates": [ -73.802622, 40.666406 ] } },
{ "type": "Feature", "properties": { "latitude": 40.826428, "longitude": -73.950451, "collision_count": 115 }, "geometry": { "type": "Point", "coordinates": [ -73.950451, 40.826428 ] } },
{ "type": "Feature", "properties": { "latitude": 40.698973, "longitude": -73.957019, "collision_count": 115 }, "geometry": { "type": "Point", "coordinates": [ -73.957019, 40.698973 ] } },
{ "type": "Feature", "properties": { "latitude": 40.78614, "longitude": -73.93929, "collision_count": 115 }, "geometry": { "type": "Point", "coordinates": [ -73.93929, 40.78614 ] } },
{ "type": "Feature", "properties": { "latitude": 40.752316, "longitude": -73.8324, "collision_count": 115 }, "geometry": { "type": "Point", "coordinates": [ -73.8324, 40.752316 ] } },
{ "type": "Feature", "properties": { "latitude": 40.654984, "longitude": -74.00711, "collision_count": 115 }, "geometry": { "type": "Point", "coordinates": [ -74.00711, 40.654984 ] } },
{ "type": "Feature", "properties": { "latitude": 40.753554, "longitude": -73.985043, "collision_count": 115 }, "geometry": { "type": "Point", "coordinates": [ -73.985043, 40.753554 ] } },
{ "type": "Feature", "properties": { "latitude": 40.763546, "longitude": -73.969345, "collision_count": 115 }, "geometry": { "type": "Point", "coordinates": [ -73.969345, 40.763546 ] } },
{ "type": "Feature", "properties": { "latitude": 40.748863, "longitude": -73.892709, "collision_count": 115 }, "geometry": { "type": "Point", "coordinates": [ -73.892709, 40.748863 ] } },
{ "type": "Feature", "properties": { "latitude": 40.741272, "longitude": -73.97535, "collision_count": 115 }, "geometry": { "type": "Point", "coordinates": [ -73.97535, 40.741272 ] } },
{ "type": "Feature", "properties": { "latitude": 40.66454, "longitude": -73.82276, "collision_count": 115 }, "geometry": { "type": "Point", "coordinates": [ -73.82276, 40.66454 ] } },
{ "type": "Feature", "properties": { "latitude": 40.644432, "longitude": -73.929599, "collision_count": 115 }, "geometry": { "type": "Point", "coordinates": [ -73.929599, 40.644432 ] } },
{ "type": "Feature", "properties": { "latitude": 40.756367, "longitude": -73.96012, "collision_count": 115 }, "geometry": { "type": "Point", "coordinates": [ -73.96012, 40.756367 ] } },
{ "type": "Feature", "properties": { "latitude": 40.71388, "longitude": -73.75404, "collision_count": 115 }, "geometry": { "type": "Point", "coordinates": [ -73.75404, 40.71388 ] } },
{ "type": "Feature", "properties": { "latitude": 40.732593, "longitude": -73.974411, "collision_count": 115 }, "geometry": { "type": "Point", "coordinates": [ -73.974411, 40.732593 ] } },
{ "type": "Feature", "properties": { "latitude": 40.760135, "longitude": -73.956961, "collision_count": 115 }, "geometry": { "type": "Point", "coordinates": [ -73.956961, 40.760135 ] } },
{ "type": "Feature", "properties": { "latitude": 40.677773, "longitude": -73.93587, "collision_count": 115 }, "geometry": { "type": "Point", "coordinates": [ -73.93587, 40.677773 ] } },
{ "type": "Feature", "properties": { "latitude": 40.846153, "longitude": -73.932324, "collision_count": 115 }, "geometry": { "type": "Point", "coordinates": [ -73.932324, 40.846153 ] } },
{ "type": "Feature", "properties": { "latitude": 40.69484, "longitude": -73.98391, "collision_count": 115 }, "geometry": { "type": "Point", "coordinates": [ -73.98391, 40.69484 ] } },
{ "type": "Feature", "properties": { "latitude": 40.756489, "longitude": -73.997759, "collision_count": 115 }, "geometry": { "type": "Point", "coordinates": [ -73.997759, 40.756489 ] } },
{ "type": "Feature", "properties": { "latitude": 40.745422, "longitude": -73.990967, "collision_count": 115 }, "geometry": { "type": "Point", "coordinates": [ -73.990967, 40.745422 ] } },
{ "type": "Feature", "properties": { "latitude": 40.720376, "longitude": -74.003261, "collision_count": 115 }, "geometry": { "type": "Point", "coordinates": [ -74.003261, 40.720376 ] } },
{ "type": "Feature", "properties": { "latitude": 40.815306, "longitude": -73.9437, "collision_count": 115 }, "geometry": { "type": "Point", "coordinates": [ -73.9437, 40.815306 ] } },
{ "type": "Feature", "properties": { "latitude": 40.65008, "longitude": -73.96101, "collision_count": 115 }, "geometry": { "type": "Point", "coordinates": [ -73.96101, 40.65008 ] } },
{ "type": "Feature", "properties": { "latitude": 40.65753, "longitude": -73.89797, "collision_count": 115 }, "geometry": { "type": "Point", "coordinates": [ -73.89797, 40.65753 ] } },
{ "type": "Feature", "properties": { "latitude": 40.758645, "longitude": -73.981342, "collision_count": 115 }, "geometry": { "type": "Point", "coordinates": [ -73.981342, 40.758645 ] } },
{ "type": "Feature", "properties": { "latitude": 40.853477, "longitude": -73.82622, "collision_count": 115 }, "geometry": { "type": "Point", "coordinates": [ -73.82622, 40.853477 ] } },
{ "type": "Feature", "properties": { "latitude": 40.754783, "longitude": -73.979935, "collision_count": 115 }, "geometry": { "type": "Point", "coordinates": [ -73.979935, 40.754783 ] } },
{ "type": "Feature", "properties": { "latitude": 40.76197, "longitude": -73.92539, "collision_count": 115 }, "geometry": { "type": "Point", "coordinates": [ -73.92539, 40.76197 ] } },
{ "type": "Feature", "properties": { "latitude": 40.669712, "longitude": -73.94773, "collision_count": 115 }, "geometry": { "type": "Point", "coordinates": [ -73.94773, 40.669712 ] } },
{ "type": "Feature", "properties": { "latitude": 40.659932, "longitude": -73.891648, "collision_count": 115 }, "geometry": { "type": "Point", "coordinates": [ -73.891648, 40.659932 ] } },
{ "type": "Feature", "properties": { "latitude": 40.88471, "longitude": -73.83131, "collision_count": 115 }, "geometry": { "type": "Point", "coordinates": [ -73.83131, 40.88471 ] } },
{ "type": "Feature", "properties": { "latitude": 40.864463, "longitude": -73.918943, "collision_count": 115 }, "geometry": { "type": "Point", "coordinates": [ -73.918943, 40.864463 ] } },
{ "type": "Feature", "properties": { "latitude": 40.70066, "longitude": -73.98775, "collision_count": 114 }, "geometry": { "type": "Point", "coordinates": [ -73.98775, 40.70066 ] } },
{ "type": "Feature", "properties": { "latitude": 40.72662, "longitude": -73.757324, "collision_count": 114 }, "geometry": { "type": "Point", "coordinates": [ -73.757324, 40.72662 ] } },
{ "type": "Feature", "properties": { "latitude": 40.85429, "longitude": -73.90027, "collision_count": 114 }, "geometry": { "type": "Point", "coordinates": [ -73.90027, 40.85429 ] } },
{ "type": "Feature", "properties": { "latitude": 40.58695, "longitude": -74.16416, "collision_count": 114 }, "geometry": { "type": "Point", "coordinates": [ -74.16416, 40.58695 ] } },
{ "type": "Feature", "properties": { "latitude": 40.718303, "longitude": -73.987396, "collision_count": 114 }, "geometry": { "type": "Point", "coordinates": [ -73.987396, 40.718303 ] } },
{ "type": "Feature", "properties": { "latitude": 40.751522, "longitude": -73.99396, "collision_count": 114 }, "geometry": { "type": "Point", "coordinates": [ -73.99396, 40.751522 ] } },
{ "type": "Feature", "properties": { "latitude": 40.724692, "longitude": -73.754093, "collision_count": 114 }, "geometry": { "type": "Point", "coordinates": [ -73.754093, 40.724692 ] } },
{ "type": "Feature", "properties": { "latitude": 40.65217, "longitude": -73.96141, "collision_count": 114 }, "geometry": { "type": "Point", "coordinates": [ -73.96141, 40.65217 ] } },
{ "type": "Feature", "properties": { "latitude": 40.681686, "longitude": -73.871563, "collision_count": 114 }, "geometry": { "type": "Point", "coordinates": [ -73.871563, 40.681686 ] } },
{ "type": "Feature", "properties": { "latitude": 40.835484, "longitude": -73.9494, "collision_count": 114 }, "geometry": { "type": "Point", "coordinates": [ -73.9494, 40.835484 ] } },
{ "type": "Feature", "properties": { "latitude": 40.744895, "longitude": -73.770204, "collision_count": 114 }, "geometry": { "type": "Point", "coordinates": [ -73.770204, 40.744895 ] } },
{ "type": "Feature", "properties": { "latitude": 40.624763, "longitude": -73.96518, "collision_count": 114 }, "geometry": { "type": "Point", "coordinates": [ -73.96518, 40.624763 ] } },
{ "type": "Feature", "properties": { "latitude": 40.878924, "longitude": -73.904787, "collision_count": 114 }, "geometry": { "type": "Point", "coordinates": [ -73.904787, 40.878924 ] } },
{ "type": "Feature", "properties": { "latitude": 40.759578, "longitude": -73.968026, "collision_count": 114 }, "geometry": { "type": "Point", "coordinates": [ -73.968026, 40.759578 ] } },
{ "type": "Feature", "properties": { "latitude": 40.619132, "longitude": -73.990181, "collision_count": 114 }, "geometry": { "type": "Point", "coordinates": [ -73.990181, 40.619132 ] } },
{ "type": "Feature", "properties": { "latitude": 40.578537, "longitude": -74.169556, "collision_count": 114 }, "geometry": { "type": "Point", "coordinates": [ -74.169556, 40.578537 ] } },
{ "type": "Feature", "properties": { "latitude": 40.666573, "longitude": -73.811775, "collision_count": 114 }, "geometry": { "type": "Point", "coordinates": [ -73.811775, 40.666573 ] } },
{ "type": "Feature", "properties": { "latitude": 40.72277, "longitude": -73.83625, "collision_count": 114 }, "geometry": { "type": "Point", "coordinates": [ -73.83625, 40.72277 ] } },
{ "type": "Feature", "properties": { "latitude": 40.66631, "longitude": -73.791699, "collision_count": 114 }, "geometry": { "type": "Point", "coordinates": [ -73.791699, 40.66631 ] } },
{ "type": "Feature", "properties": { "latitude": 40.58196, "longitude": -73.959946, "collision_count": 114 }, "geometry": { "type": "Point", "coordinates": [ -73.959946, 40.58196 ] } },
{ "type": "Feature", "properties": { "latitude": 40.653856, "longitude": -74.008167, "collision_count": 114 }, "geometry": { "type": "Point", "coordinates": [ -74.008167, 40.653856 ] } },
{ "type": "Feature", "properties": { "latitude": 40.642384, "longitude": -73.925382, "collision_count": 114 }, "geometry": { "type": "Point", "coordinates": [ -73.925382, 40.642384 ] } },
{ "type": "Feature", "properties": { "latitude": 40.838238, "longitude": -73.876686, "collision_count": 114 }, "geometry": { "type": "Point", "coordinates": [ -73.876686, 40.838238 ] } },
{ "type": "Feature", "properties": { "latitude": 40.784942, "longitude": -73.946589, "collision_count": 114 }, "geometry": { "type": "Point", "coordinates": [ -73.946589, 40.784942 ] } },
{ "type": "Feature", "properties": { "latitude": 40.729736, "longitude": -73.833725, "collision_count": 114 }, "geometry": { "type": "Point", "coordinates": [ -73.833725, 40.729736 ] } },
{ "type": "Feature", "properties": { "latitude": 40.73594, "longitude": -73.85887, "collision_count": 114 }, "geometry": { "type": "Point", "coordinates": [ -73.85887, 40.73594 ] } },
{ "type": "Feature", "properties": { "latitude": 40.770313, "longitude": -73.99141, "collision_count": 114 }, "geometry": { "type": "Point", "coordinates": [ -73.99141, 40.770313 ] } },
{ "type": "Feature", "properties": { "latitude": 40.70206, "longitude": -73.99262, "collision_count": 113 }, "geometry": { "type": "Point", "coordinates": [ -73.99262, 40.70206 ] } },
{ "type": "Feature", "properties": { "latitude": 40.849453, "longitude": -73.906, "collision_count": 113 }, "geometry": { "type": "Point", "coordinates": [ -73.906, 40.849453 ] } },
{ "type": "Feature", "properties": { "latitude": 40.75428, "longitude": -73.897501, "collision_count": 113 }, "geometry": { "type": "Point", "coordinates": [ -73.897501, 40.75428 ] } },
{ "type": "Feature", "properties": { "latitude": 40.757698, "longitude": -73.9694, "collision_count": 113 }, "geometry": { "type": "Point", "coordinates": [ -73.9694, 40.757698 ] } },
{ "type": "Feature", "properties": { "latitude": 40.65249, "longitude": -73.95267, "collision_count": 113 }, "geometry": { "type": "Point", "coordinates": [ -73.95267, 40.65249 ] } },
{ "type": "Feature", "properties": { "latitude": 40.67689, "longitude": -73.900055, "collision_count": 113 }, "geometry": { "type": "Point", "coordinates": [ -73.900055, 40.67689 ] } },
{ "type": "Feature", "properties": { "latitude": 40.753998, "longitude": -73.94244, "collision_count": 113 }, "geometry": { "type": "Point", "coordinates": [ -73.94244, 40.753998 ] } },
{ "type": "Feature", "properties": { "latitude": 40.761994, "longitude": -73.758482, "collision_count": 113 }, "geometry": { "type": "Point", "coordinates": [ -73.758482, 40.761994 ] } },
{ "type": "Feature", "properties": { "latitude": 40.804066, "longitude": -73.93267, "collision_count": 113 }, "geometry": { "type": "Point", "coordinates": [ -73.93267, 40.804066 ] } },
{ "type": "Feature", "properties": { "latitude": 40.70983, "longitude": -74.01468, "collision_count": 113 }, "geometry": { "type": "Point", "coordinates": [ -74.01468, 40.70983 ] } },
{ "type": "Feature", "properties": { "latitude": 40.732583, "longitude": -73.868051, "collision_count": 113 }, "geometry": { "type": "Point", "coordinates": [ -73.868051, 40.732583 ] } },
{ "type": "Feature", "properties": { "latitude": 40.845467, "longitude": -73.92813, "collision_count": 113 }, "geometry": { "type": "Point", "coordinates": [ -73.92813, 40.845467 ] } },
{ "type": "Feature", "properties": { "latitude": 40.790417, "longitude": -73.95184, "collision_count": 113 }, "geometry": { "type": "Point", "coordinates": [ -73.95184, 40.790417 ] } },
{ "type": "Feature", "properties": { "latitude": 40.718458, "longitude": -73.994809, "collision_count": 113 }, "geometry": { "type": "Point", "coordinates": [ -73.994809, 40.718458 ] } },
{ "type": "Feature", "properties": { "latitude": 40.764289, "longitude": -73.955616, "collision_count": 113 }, "geometry": { "type": "Point", "coordinates": [ -73.955616, 40.764289 ] } },
{ "type": "Feature", "properties": { "latitude": 40.652927, "longitude": -73.959335, "collision_count": 113 }, "geometry": { "type": "Point", "coordinates": [ -73.959335, 40.652927 ] } },
{ "type": "Feature", "properties": { "latitude": 40.80405, "longitude": -73.91737, "collision_count": 113 }, "geometry": { "type": "Point", "coordinates": [ -73.91737, 40.80405 ] } },
{ "type": "Feature", "properties": { "latitude": 40.711037, "longitude": -73.728097, "collision_count": 113 }, "geometry": { "type": "Point", "coordinates": [ -73.728097, 40.711037 ] } },
{ "type": "Feature", "properties": { "latitude": 40.584366, "longitude": -73.9271, "collision_count": 113 }, "geometry": { "type": "Point", "coordinates": [ -73.9271, 40.584366 ] } },
{ "type": "Feature", "properties": { "latitude": 40.761036, "longitude": -73.987016, "collision_count": 113 }, "geometry": { "type": "Point", "coordinates": [ -73.987016, 40.761036 ] } },
{ "type": "Feature", "properties": { "latitude": 40.75649, "longitude": -73.997765, "collision_count": 113 }, "geometry": { "type": "Point", "coordinates": [ -73.997765, 40.75649 ] } },
{ "type": "Feature", "properties": { "latitude": 40.764347, "longitude": -73.82595, "collision_count": 113 }, "geometry": { "type": "Point", "coordinates": [ -73.82595, 40.764347 ] } },
{ "type": "Feature", "properties": { "latitude": 40.738325, "longitude": -73.885592, "collision_count": 113 }, "geometry": { "type": "Point", "coordinates": [ -73.885592, 40.738325 ] } },
{ "type": "Feature", "properties": { "latitude": 40.88709, "longitude": -73.87803, "collision_count": 112 }, "geometry": { "type": "Point", "coordinates": [ -73.87803, 40.88709 ] } },
{ "type": "Feature", "properties": { "latitude": 40.82751, "longitude": -73.92495, "collision_count": 112 }, "geometry": { "type": "Point", "coordinates": [ -73.92495, 40.82751 ] } },
{ "type": "Feature", "properties": { "latitude": 40.749473, "longitude": -73.756393, "collision_count": 112 }, "geometry": { "type": "Point", "coordinates": [ -73.756393, 40.749473 ] } },
{ "type": "Feature", "properties": { "latitude": 40.754658, "longitude": -73.833115, "collision_count": 112 }, "geometry": { "type": "Point", "coordinates": [ -73.833115, 40.754658 ] } },
{ "type": "Feature", "properties": { "latitude": 40.750218, "longitude": -73.979056, "collision_count": 112 }, "geometry": { "type": "Point", "coordinates": [ -73.979056, 40.750218 ] } },
{ "type": "Feature", "properties": { "latitude": 40.760353, "longitude": -73.991232, "collision_count": 112 }, "geometry": { "type": "Point", "coordinates": [ -73.991232, 40.760353 ] } },
{ "type": "Feature", "properties": { "latitude": 40.755337, "longitude": -73.843254, "collision_count": 112 }, "geometry": { "type": "Point", "coordinates": [ -73.843254, 40.755337 ] } },
{ "type": "Feature", "properties": { "latitude": 40.652644, "longitude": -73.949769, "collision_count": 112 }, "geometry": { "type": "Point", "coordinates": [ -73.949769, 40.652644 ] } },
{ "type": "Feature", "properties": { "latitude": 40.652313, "longitude": -73.95602, "collision_count": 112 }, "geometry": { "type": "Point", "coordinates": [ -73.95602, 40.652313 ] } },
{ "type": "Feature", "properties": { "latitude": 40.767963, "longitude": -73.91169, "collision_count": 112 }, "geometry": { "type": "Point", "coordinates": [ -73.91169, 40.767963 ] } },
{ "type": "Feature", "properties": { "latitude": 40.796003, "longitude": -73.935409, "collision_count": 112 }, "geometry": { "type": "Point", "coordinates": [ -73.935409, 40.796003 ] } },
{ "type": "Feature", "properties": { "latitude": 40.677716, "longitude": -73.935859, "collision_count": 112 }, "geometry": { "type": "Point", "coordinates": [ -73.935859, 40.677716 ] } },
{ "type": "Feature", "properties": { "latitude": 40.798622, "longitude": -73.941619, "collision_count": 112 }, "geometry": { "type": "Point", "coordinates": [ -73.941619, 40.798622 ] } },
{ "type": "Feature", "properties": { "latitude": 40.722496, "longitude": -73.940414, "collision_count": 112 }, "geometry": { "type": "Point", "coordinates": [ -73.940414, 40.722496 ] } },
{ "type": "Feature", "properties": { "latitude": 40.66709, "longitude": -73.76376, "collision_count": 112 }, "geometry": { "type": "Point", "coordinates": [ -73.76376, 40.66709 ] } },
{ "type": "Feature", "properties": { "latitude": 40.664751, "longitude": -73.894041, "collision_count": 112 }, "geometry": { "type": "Point", "coordinates": [ -73.894041, 40.664751 ] } },
{ "type": "Feature", "properties": { "latitude": 40.655495, "longitude": -73.88833, "collision_count": 112 }, "geometry": { "type": "Point", "coordinates": [ -73.88833, 40.655495 ] } },
{ "type": "Feature", "properties": { "latitude": 40.848392, "longitude": -73.937675, "collision_count": 112 }, "geometry": { "type": "Point", "coordinates": [ -73.937675, 40.848392 ] } },
{ "type": "Feature", "properties": { "latitude": 40.736562, "longitude": -73.989016, "collision_count": 112 }, "geometry": { "type": "Point", "coordinates": [ -73.989016, 40.736562 ] } },
{ "type": "Feature", "properties": { "latitude": 40.81417, "longitude": -73.93431, "collision_count": 112 }, "geometry": { "type": "Point", "coordinates": [ -73.93431, 40.81417 ] } },
{ "type": "Feature", "properties": { "latitude": 40.669456, "longitude": -73.86284, "collision_count": 111 }, "geometry": { "type": "Point", "coordinates": [ -73.86284, 40.669456 ] } },
{ "type": "Feature", "properties": { "latitude": 40.709046, "longitude": -73.841453, "collision_count": 111 }, "geometry": { "type": "Point", "coordinates": [ -73.841453, 40.709046 ] } },
{ "type": "Feature", "properties": { "latitude": 40.66255, "longitude": -73.90893, "collision_count": 111 }, "geometry": { "type": "Point", "coordinates": [ -73.90893, 40.66255 ] } },
{ "type": "Feature", "properties": { "latitude": 40.759617, "longitude": -73.961975, "collision_count": 111 }, "geometry": { "type": "Point", "coordinates": [ -73.961975, 40.759617 ] } },
{ "type": "Feature", "properties": { "latitude": 40.752896, "longitude": -73.989244, "collision_count": 111 }, "geometry": { "type": "Point", "coordinates": [ -73.989244, 40.752896 ] } },
{ "type": "Feature", "properties": { "latitude": 40.671585, "longitude": -73.99843, "collision_count": 111 }, "geometry": { "type": "Point", "coordinates": [ -73.99843, 40.671585 ] } },
{ "type": "Feature", "properties": { "latitude": 40.715856, "longitude": -73.994953, "collision_count": 111 }, "geometry": { "type": "Point", "coordinates": [ -73.994953, 40.715856 ] } },
{ "type": "Feature", "properties": { "latitude": 40.82499, "longitude": -73.91662, "collision_count": 111 }, "geometry": { "type": "Point", "coordinates": [ -73.91662, 40.82499 ] } },
{ "type": "Feature", "properties": { "latitude": 40.822838, "longitude": -73.928764, "collision_count": 111 }, "geometry": { "type": "Point", "coordinates": [ -73.928764, 40.822838 ] } },
{ "type": "Feature", "properties": { "latitude": 40.71042, "longitude": -73.85964, "collision_count": 111 }, "geometry": { "type": "Point", "coordinates": [ -73.85964, 40.71042 ] } },
{ "type": "Feature", "properties": { "latitude": 40.840286, "longitude": -73.92147, "collision_count": 111 }, "geometry": { "type": "Point", "coordinates": [ -73.92147, 40.840286 ] } },
{ "type": "Feature", "properties": { "latitude": 40.761148, "longitude": -73.979515, "collision_count": 111 }, "geometry": { "type": "Point", "coordinates": [ -73.979515, 40.761148 ] } },
{ "type": "Feature", "properties": { "latitude": 40.764898, "longitude": -73.972553, "collision_count": 111 }, "geometry": { "type": "Point", "coordinates": [ -73.972553, 40.764898 ] } },
{ "type": "Feature", "properties": { "latitude": 40.866047, "longitude": -73.882744, "collision_count": 111 }, "geometry": { "type": "Point", "coordinates": [ -73.882744, 40.866047 ] } },
{ "type": "Feature", "properties": { "latitude": 40.60195, "longitude": -73.99381, "collision_count": 111 }, "geometry": { "type": "Point", "coordinates": [ -73.99381, 40.60195 ] } },
{ "type": "Feature", "properties": { "latitude": 40.74886, "longitude": -73.93755, "collision_count": 111 }, "geometry": { "type": "Point", "coordinates": [ -73.93755, 40.74886 ] } },
{ "type": "Feature", "properties": { "latitude": 40.671932, "longitude": -73.85165, "collision_count": 111 }, "geometry": { "type": "Point", "coordinates": [ -73.85165, 40.671932 ] } },
{ "type": "Feature", "properties": { "latitude": 40.566497, "longitude": -74.113761, "collision_count": 111 }, "geometry": { "type": "Point", "coordinates": [ -74.113761, 40.566497 ] } },
{ "type": "Feature", "properties": { "latitude": 40.598312, "longitude": -73.961185, "collision_count": 111 }, "geometry": { "type": "Point", "coordinates": [ -73.961185, 40.598312 ] } },
{ "type": "Feature", "properties": { "latitude": 40.714067, "longitude": -73.951624, "collision_count": 111 }, "geometry": { "type": "Point", "coordinates": [ -73.951624, 40.714067 ] } },
{ "type": "Feature", "properties": { "latitude": 40.841843, "longitude": -73.94539, "collision_count": 111 }, "geometry": { "type": "Point", "coordinates": [ -73.94539, 40.841843 ] } },
{ "type": "Feature", "properties": { "latitude": 40.751604, "longitude": -73.933832, "collision_count": 111 }, "geometry": { "type": "Point", "coordinates": [ -73.933832, 40.751604 ] } },
{ "type": "Feature", "properties": { "latitude": 40.732609, "longitude": -73.86859, "collision_count": 111 }, "geometry": { "type": "Point", "coordinates": [ -73.86859, 40.732609 ] } },
{ "type": "Feature", "properties": { "latitude": 40.749172, "longitude": -73.967026, "collision_count": 111 }, "geometry": { "type": "Point", "coordinates": [ -73.967026, 40.749172 ] } },
{ "type": "Feature", "properties": { "latitude": 40.766166, "longitude": -73.954246, "collision_count": 111 }, "geometry": { "type": "Point", "coordinates": [ -73.954246, 40.766166 ] } },
{ "type": "Feature", "properties": { "latitude": 40.713285, "longitude": -73.735792, "collision_count": 111 }, "geometry": { "type": "Point", "coordinates": [ -73.735792, 40.713285 ] } },
{ "type": "Feature", "properties": { "latitude": 40.579197, "longitude": -73.98195, "collision_count": 111 }, "geometry": { "type": "Point", "coordinates": [ -73.98195, 40.579197 ] } },
{ "type": "Feature", "properties": { "latitude": 40.6229, "longitude": -74.14943, "collision_count": 111 }, "geometry": { "type": "Point", "coordinates": [ -74.14943, 40.6229 ] } },
{ "type": "Feature", "properties": { "latitude": 40.72839, "longitude": -73.83302, "collision_count": 111 }, "geometry": { "type": "Point", "coordinates": [ -73.83302, 40.72839 ] } },
{ "type": "Feature", "properties": { "latitude": 40.749102, "longitude": -73.984077, "collision_count": 111 }, "geometry": { "type": "Point", "coordinates": [ -73.984077, 40.749102 ] } },
{ "type": "Feature", "properties": { "latitude": 40.6224, "longitude": -73.936636, "collision_count": 111 }, "geometry": { "type": "Point", "coordinates": [ -73.936636, 40.6224 ] } },
{ "type": "Feature", "properties": { "latitude": 40.797, "longitude": -73.93778, "collision_count": 111 }, "geometry": { "type": "Point", "coordinates": [ -73.93778, 40.797 ] } },
{ "type": "Feature", "properties": { "latitude": 40.713692, "longitude": -74.013754, "collision_count": 110 }, "geometry": { "type": "Point", "coordinates": [ -74.013754, 40.713692 ] } },
{ "type": "Feature", "properties": { "latitude": 40.723022, "longitude": -73.998813, "collision_count": 110 }, "geometry": { "type": "Point", "coordinates": [ -73.998813, 40.723022 ] } },
{ "type": "Feature", "properties": { "latitude": 40.760301, "longitude": -73.994983, "collision_count": 110 }, "geometry": { "type": "Point", "coordinates": [ -73.994983, 40.760301 ] } },
{ "type": "Feature", "properties": { "latitude": 40.65264, "longitude": -73.949776, "collision_count": 110 }, "geometry": { "type": "Point", "coordinates": [ -73.949776, 40.65264 ] } },
{ "type": "Feature", "properties": { "latitude": 40.77067, "longitude": -73.7355, "collision_count": 110 }, "geometry": { "type": "Point", "coordinates": [ -73.7355, 40.77067 ] } },
{ "type": "Feature", "properties": { "latitude": 40.637997, "longitude": -74.02136, "collision_count": 110 }, "geometry": { "type": "Point", "coordinates": [ -74.02136, 40.637997 ] } },
{ "type": "Feature", "properties": { "latitude": 40.74666, "longitude": -73.990068, "collision_count": 110 }, "geometry": { "type": "Point", "coordinates": [ -73.990068, 40.74666 ] } },
{ "type": "Feature", "properties": { "latitude": 40.67043, "longitude": -73.928185, "collision_count": 110 }, "geometry": { "type": "Point", "coordinates": [ -73.928185, 40.67043 ] } },
{ "type": "Feature", "properties": { "latitude": 40.582756, "longitude": -74.13041, "collision_count": 110 }, "geometry": { "type": "Point", "coordinates": [ -74.13041, 40.582756 ] } },
{ "type": "Feature", "properties": { "latitude": 40.809105, "longitude": -73.9229, "collision_count": 110 }, "geometry": { "type": "Point", "coordinates": [ -73.9229, 40.809105 ] } },
{ "type": "Feature", "properties": { "latitude": 40.843822, "longitude": -73.9275, "collision_count": 110 }, "geometry": { "type": "Point", "coordinates": [ -73.9275, 40.843822 ] } },
{ "type": "Feature", "properties": { "latitude": 40.839615, "longitude": -73.88443, "collision_count": 110 }, "geometry": { "type": "Point", "coordinates": [ -73.88443, 40.839615 ] } },
{ "type": "Feature", "properties": { "latitude": 40.703342, "longitude": -73.800203, "collision_count": 110 }, "geometry": { "type": "Point", "coordinates": [ -73.800203, 40.703342 ] } },
{ "type": "Feature", "properties": { "latitude": 40.576503, "longitude": -74.103688, "collision_count": 110 }, "geometry": { "type": "Point", "coordinates": [ -74.103688, 40.576503 ] } },
{ "type": "Feature", "properties": { "latitude": 40.663729, "longitude": -73.953848, "collision_count": 110 }, "geometry": { "type": "Point", "coordinates": [ -73.953848, 40.663729 ] } },
{ "type": "Feature", "properties": { "latitude": 40.712, "longitude": -73.82546, "collision_count": 110 }, "geometry": { "type": "Point", "coordinates": [ -73.82546, 40.712 ] } },
{ "type": "Feature", "properties": { "latitude": 40.729112, "longitude": -74.010673, "collision_count": 110 }, "geometry": { "type": "Point", "coordinates": [ -74.010673, 40.729112 ] } },
{ "type": "Feature", "properties": { "latitude": 40.743767, "longitude": -73.83748, "collision_count": 110 }, "geometry": { "type": "Point", "coordinates": [ -73.83748, 40.743767 ] } },
{ "type": "Feature", "properties": { "latitude": 40.694052, "longitude": -73.828009, "collision_count": 110 }, "geometry": { "type": "Point", "coordinates": [ -73.828009, 40.694052 ] } },
{ "type": "Feature", "properties": { "latitude": 40.679831, "longitude": -73.958293, "collision_count": 110 }, "geometry": { "type": "Point", "coordinates": [ -73.958293, 40.679831 ] } },
{ "type": "Feature", "properties": { "latitude": 40.699512, "longitude": -73.81461, "collision_count": 110 }, "geometry": { "type": "Point", "coordinates": [ -73.81461, 40.699512 ] } },
{ "type": "Feature", "properties": { "latitude": 40.786141, "longitude": -73.93928, "collision_count": 110 }, "geometry": { "type": "Point", "coordinates": [ -73.93928, 40.786141 ] } },
{ "type": "Feature", "properties": { "latitude": 40.720436, "longitude": -74.006696, "collision_count": 110 }, "geometry": { "type": "Point", "coordinates": [ -74.006696, 40.720436 ] } },
{ "type": "Feature", "properties": { "latitude": 40.759899, "longitude": -73.980425, "collision_count": 110 }, "geometry": { "type": "Point", "coordinates": [ -73.980425, 40.759899 ] } },
{ "type": "Feature", "properties": { "latitude": 40.561092, "longitude": -74.169828, "collision_count": 110 }, "geometry": { "type": "Point", "coordinates": [ -74.169828, 40.561092 ] } },
{ "type": "Feature", "properties": { "latitude": 40.676495, "longitude": -73.913704, "collision_count": 110 }, "geometry": { "type": "Point", "coordinates": [ -73.913704, 40.676495 ] } },
{ "type": "Feature", "properties": { "latitude": 40.821415, "longitude": -73.88933, "collision_count": 110 }, "geometry": { "type": "Point", "coordinates": [ -73.88933, 40.821415 ] } },
{ "type": "Feature", "properties": { "latitude": 40.654312, "longitude": -73.91759, "collision_count": 110 }, "geometry": { "type": "Point", "coordinates": [ -73.91759, 40.654312 ] } },
{ "type": "Feature", "properties": { "latitude": 40.7769, "longitude": -73.9413, "collision_count": 110 }, "geometry": { "type": "Point", "coordinates": [ -73.9413, 40.7769 ] } },
{ "type": "Feature", "properties": { "latitude": 40.677174, "longitude": -73.924774, "collision_count": 110 }, "geometry": { "type": "Point", "coordinates": [ -73.924774, 40.677174 ] } },
{ "type": "Feature", "properties": { "latitude": 40.86357, "longitude": -73.92602, "collision_count": 110 }, "geometry": { "type": "Point", "coordinates": [ -73.92602, 40.86357 ] } },
{ "type": "Feature", "properties": { "latitude": 40.613839, "longitude": -73.981436, "collision_count": 110 }, "geometry": { "type": "Point", "coordinates": [ -73.981436, 40.613839 ] } },
{ "type": "Feature", "properties": { "latitude": 40.764053, "longitude": -73.96476, "collision_count": 110 }, "geometry": { "type": "Point", "coordinates": [ -73.96476, 40.764053 ] } },
{ "type": "Feature", "properties": { "latitude": 40.73195, "longitude": -73.863434, "collision_count": 110 }, "geometry": { "type": "Point", "coordinates": [ -73.863434, 40.73195 ] } },
{ "type": "Feature", "properties": { "latitude": 40.865536, "longitude": -73.927268, "collision_count": 109 }, "geometry": { "type": "Point", "coordinates": [ -73.927268, 40.865536 ] } },
{ "type": "Feature", "properties": { "latitude": 40.748986, "longitude": -73.979955, "collision_count": 109 }, "geometry": { "type": "Point", "coordinates": [ -73.979955, 40.748986 ] } },
{ "type": "Feature", "properties": { "latitude": 40.832764, "longitude": -73.94583, "collision_count": 109 }, "geometry": { "type": "Point", "coordinates": [ -73.94583, 40.832764 ] } },
{ "type": "Feature", "properties": { "latitude": 40.767964, "longitude": -73.911682, "collision_count": 109 }, "geometry": { "type": "Point", "coordinates": [ -73.911682, 40.767964 ] } },
{ "type": "Feature", "properties": { "latitude": 40.663519, "longitude": -73.957208, "collision_count": 109 }, "geometry": { "type": "Point", "coordinates": [ -73.957208, 40.663519 ] } },
{ "type": "Feature", "properties": { "latitude": 40.71975, "longitude": -73.992161, "collision_count": 109 }, "geometry": { "type": "Point", "coordinates": [ -73.992161, 40.71975 ] } },
{ "type": "Feature", "properties": { "latitude": 40.833588, "longitude": -73.8615, "collision_count": 109 }, "geometry": { "type": "Point", "coordinates": [ -73.8615, 40.833588 ] } },
{ "type": "Feature", "properties": { "latitude": 40.877476, "longitude": -73.83661, "collision_count": 109 }, "geometry": { "type": "Point", "coordinates": [ -73.83661, 40.877476 ] } },
{ "type": "Feature", "properties": { "latitude": 40.713303, "longitude": -73.73586, "collision_count": 109 }, "geometry": { "type": "Point", "coordinates": [ -73.73586, 40.713303 ] } },
{ "type": "Feature", "properties": { "latitude": 40.62707, "longitude": -74.01865, "collision_count": 109 }, "geometry": { "type": "Point", "coordinates": [ -74.01865, 40.62707 ] } },
{ "type": "Feature", "properties": { "latitude": 40.736534, "longitude": -73.85611, "collision_count": 109 }, "geometry": { "type": "Point", "coordinates": [ -73.85611, 40.736534 ] } },
{ "type": "Feature", "properties": { "latitude": 40.577995, "longitude": -73.95964, "collision_count": 109 }, "geometry": { "type": "Point", "coordinates": [ -73.95964, 40.577995 ] } },
{ "type": "Feature", "properties": { "latitude": 40.669918, "longitude": -73.91889, "collision_count": 109 }, "geometry": { "type": "Point", "coordinates": [ -73.91889, 40.669918 ] } },
{ "type": "Feature", "properties": { "latitude": 40.754748, "longitude": -73.98789, "collision_count": 109 }, "geometry": { "type": "Point", "coordinates": [ -73.98789, 40.754748 ] } },
{ "type": "Feature", "properties": { "latitude": 40.66758, "longitude": -73.737404, "collision_count": 109 }, "geometry": { "type": "Point", "coordinates": [ -73.737404, 40.66758 ] } },
{ "type": "Feature", "properties": { "latitude": 40.632633, "longitude": -74.012534, "collision_count": 109 }, "geometry": { "type": "Point", "coordinates": [ -74.012534, 40.632633 ] } },
{ "type": "Feature", "properties": { "latitude": 40.584774, "longitude": -73.96011, "collision_count": 109 }, "geometry": { "type": "Point", "coordinates": [ -73.96011, 40.584774 ] } },
{ "type": "Feature", "properties": { "latitude": 40.696167, "longitude": -73.8045, "collision_count": 109 }, "geometry": { "type": "Point", "coordinates": [ -73.8045, 40.696167 ] } },
{ "type": "Feature", "properties": { "latitude": 40.804676, "longitude": -73.93223, "collision_count": 109 }, "geometry": { "type": "Point", "coordinates": [ -73.93223, 40.804676 ] } },
{ "type": "Feature", "properties": { "latitude": 40.758533, "longitude": -73.98885, "collision_count": 109 }, "geometry": { "type": "Point", "coordinates": [ -73.98885, 40.758533 ] } },
{ "type": "Feature", "properties": { "latitude": 40.645134, "longitude": -73.90232, "collision_count": 109 }, "geometry": { "type": "Point", "coordinates": [ -73.90232, 40.645134 ] } },
{ "type": "Feature", "properties": { "latitude": 40.67725, "longitude": -73.927539, "collision_count": 109 }, "geometry": { "type": "Point", "coordinates": [ -73.927539, 40.67725 ] } },
{ "type": "Feature", "properties": { "latitude": 40.698463, "longitude": -73.960205, "collision_count": 109 }, "geometry": { "type": "Point", "coordinates": [ -73.960205, 40.698463 ] } },
{ "type": "Feature", "properties": { "latitude": 40.87932, "longitude": -73.869804, "collision_count": 109 }, "geometry": { "type": "Point", "coordinates": [ -73.869804, 40.87932 ] } },
{ "type": "Feature", "properties": { "latitude": 40.758915, "longitude": -73.9997, "collision_count": 109 }, "geometry": { "type": "Point", "coordinates": [ -73.9997, 40.758915 ] } },
{ "type": "Feature", "properties": { "latitude": 40.76177, "longitude": -73.979065, "collision_count": 108 }, "geometry": { "type": "Point", "coordinates": [ -73.979065, 40.76177 ] } },
{ "type": "Feature", "properties": { "latitude": 40.673588, "longitude": -73.73351, "collision_count": 108 }, "geometry": { "type": "Point", "coordinates": [ -73.73351, 40.673588 ] } },
{ "type": "Feature", "properties": { "latitude": 40.83228, "longitude": -73.90963, "collision_count": 108 }, "geometry": { "type": "Point", "coordinates": [ -73.90963, 40.83228 ] } },
{ "type": "Feature", "properties": { "latitude": 40.610511, "longitude": -74.095749, "collision_count": 108 }, "geometry": { "type": "Point", "coordinates": [ -74.095749, 40.610511 ] } },
{ "type": "Feature", "properties": { "latitude": 40.764995, "longitude": -73.976705, "collision_count": 108 }, "geometry": { "type": "Point", "coordinates": [ -73.976705, 40.764995 ] } },
{ "type": "Feature", "properties": { "latitude": 40.579827, "longitude": -73.976211, "collision_count": 108 }, "geometry": { "type": "Point", "coordinates": [ -73.976211, 40.579827 ] } },
{ "type": "Feature", "properties": { "latitude": 40.791405, "longitude": -73.93569, "collision_count": 108 }, "geometry": { "type": "Point", "coordinates": [ -73.93569, 40.791405 ] } },
{ "type": "Feature", "properties": { "latitude": 40.778492, "longitude": -73.92583, "collision_count": 108 }, "geometry": { "type": "Point", "coordinates": [ -73.92583, 40.778492 ] } },
{ "type": "Feature", "properties": { "latitude": 40.746555, "longitude": -73.82621, "collision_count": 108 }, "geometry": { "type": "Point", "coordinates": [ -73.82621, 40.746555 ] } },
{ "type": "Feature", "properties": { "latitude": 40.768803, "longitude": -73.95837, "collision_count": 108 }, "geometry": { "type": "Point", "coordinates": [ -73.95837, 40.768803 ] } },
{ "type": "Feature", "properties": { "latitude": 40.767392, "longitude": -73.982365, "collision_count": 108 }, "geometry": { "type": "Point", "coordinates": [ -73.982365, 40.767392 ] } },
{ "type": "Feature", "properties": { "latitude": 40.747236, "longitude": -73.993359, "collision_count": 108 }, "geometry": { "type": "Point", "coordinates": [ -73.993359, 40.747236 ] } },
{ "type": "Feature", "properties": { "latitude": 40.731779, "longitude": -73.770109, "collision_count": 108 }, "geometry": { "type": "Point", "coordinates": [ -73.770109, 40.731779 ] } },
{ "type": "Feature", "properties": { "latitude": 40.74954, "longitude": -73.977436, "collision_count": 108 }, "geometry": { "type": "Point", "coordinates": [ -73.977436, 40.74954 ] } },
{ "type": "Feature", "properties": { "latitude": 40.820095, "longitude": -73.955086, "collision_count": 108 }, "geometry": { "type": "Point", "coordinates": [ -73.955086, 40.820095 ] } },
{ "type": "Feature", "properties": { "latitude": 40.761547, "longitude": -73.83113, "collision_count": 108 }, "geometry": { "type": "Point", "coordinates": [ -73.83113, 40.761547 ] } },
{ "type": "Feature", "properties": { "latitude": 40.657209, "longitude": -73.900295, "collision_count": 108 }, "geometry": { "type": "Point", "coordinates": [ -73.900295, 40.657209 ] } },
{ "type": "Feature", "properties": { "latitude": 40.763025, "longitude": -73.978139, "collision_count": 108 }, "geometry": { "type": "Point", "coordinates": [ -73.978139, 40.763025 ] } },
{ "type": "Feature", "properties": { "latitude": 40.75219, "longitude": -73.99347, "collision_count": 108 }, "geometry": { "type": "Point", "coordinates": [ -73.99347, 40.75219 ] } },
{ "type": "Feature", "properties": { "latitude": 40.762394, "longitude": -73.97861, "collision_count": 108 }, "geometry": { "type": "Point", "coordinates": [ -73.97861, 40.762394 ] } },
{ "type": "Feature", "properties": { "latitude": 40.71196, "longitude": -73.9407, "collision_count": 108 }, "geometry": { "type": "Point", "coordinates": [ -73.9407, 40.71196 ] } },
{ "type": "Feature", "properties": { "latitude": 40.664375, "longitude": -73.92376, "collision_count": 108 }, "geometry": { "type": "Point", "coordinates": [ -73.92376, 40.664375 ] } },
{ "type": "Feature", "properties": { "latitude": 40.746556, "longitude": -73.826199, "collision_count": 108 }, "geometry": { "type": "Point", "coordinates": [ -73.826199, 40.746556 ] } },
{ "type": "Feature", "properties": { "latitude": 40.755867, "longitude": -73.998215, "collision_count": 108 }, "geometry": { "type": "Point", "coordinates": [ -73.998215, 40.755867 ] } },
{ "type": "Feature", "properties": { "latitude": 40.742375, "longitude": -74.008791, "collision_count": 108 }, "geometry": { "type": "Point", "coordinates": [ -74.008791, 40.742375 ] } },
{ "type": "Feature", "properties": { "latitude": 40.679913, "longitude": -74.00226, "collision_count": 108 }, "geometry": { "type": "Point", "coordinates": [ -74.00226, 40.679913 ] } },
{ "type": "Feature", "properties": { "latitude": 40.699405, "longitude": -73.953369, "collision_count": 108 }, "geometry": { "type": "Point", "coordinates": [ -73.953369, 40.699405 ] } },
{ "type": "Feature", "properties": { "latitude": 40.75667, "longitude": -73.828804, "collision_count": 108 }, "geometry": { "type": "Point", "coordinates": [ -73.828804, 40.75667 ] } },
{ "type": "Feature", "properties": { "latitude": 40.77855, "longitude": -73.925674, "collision_count": 108 }, "geometry": { "type": "Point", "coordinates": [ -73.925674, 40.77855 ] } },
{ "type": "Feature", "properties": { "latitude": 40.732243, "longitude": -73.87013, "collision_count": 108 }, "geometry": { "type": "Point", "coordinates": [ -73.87013, 40.732243 ] } },
{ "type": "Feature", "properties": { "latitude": 40.741055, "longitude": -73.99786, "collision_count": 108 }, "geometry": { "type": "Point", "coordinates": [ -73.99786, 40.741055 ] } },
{ "type": "Feature", "properties": { "latitude": 40.776318, "longitude": -73.962135, "collision_count": 108 }, "geometry": { "type": "Point", "coordinates": [ -73.962135, 40.776318 ] } },
{ "type": "Feature", "properties": { "latitude": 40.700665, "longitude": -74.01542, "collision_count": 108 }, "geometry": { "type": "Point", "coordinates": [ -74.01542, 40.700665 ] } },
{ "type": "Feature", "properties": { "latitude": 40.79801, "longitude": -73.827065, "collision_count": 108 }, "geometry": { "type": "Point", "coordinates": [ -73.827065, 40.79801 ] } },
{ "type": "Feature", "properties": { "latitude": 40.756672, "longitude": -73.828793, "collision_count": 107 }, "geometry": { "type": "Point", "coordinates": [ -73.828793, 40.756672 ] } },
{ "type": "Feature", "properties": { "latitude": 40.71975, "longitude": -73.992165, "collision_count": 107 }, "geometry": { "type": "Point", "coordinates": [ -73.992165, 40.71975 ] } },
{ "type": "Feature", "properties": { "latitude": 40.713289, "longitude": -73.871617, "collision_count": 107 }, "geometry": { "type": "Point", "coordinates": [ -73.871617, 40.713289 ] } },
{ "type": "Feature", "properties": { "latitude": 40.765224, "longitude": -73.931692, "collision_count": 107 }, "geometry": { "type": "Point", "coordinates": [ -73.931692, 40.765224 ] } },
{ "type": "Feature", "properties": { "latitude": 40.678234, "longitude": -73.89753, "collision_count": 107 }, "geometry": { "type": "Point", "coordinates": [ -73.89753, 40.678234 ] } },
{ "type": "Feature", "properties": { "latitude": 40.666397, "longitude": -73.738566, "collision_count": 107 }, "geometry": { "type": "Point", "coordinates": [ -73.738566, 40.666397 ] } },
{ "type": "Feature", "properties": { "latitude": 40.588924, "longitude": -74.167625, "collision_count": 107 }, "geometry": { "type": "Point", "coordinates": [ -74.167625, 40.588924 ] } },
{ "type": "Feature", "properties": { "latitude": 40.79149, "longitude": -73.93577, "collision_count": 107 }, "geometry": { "type": "Point", "coordinates": [ -73.93577, 40.79149 ] } },
{ "type": "Feature", "properties": { "latitude": 40.748891, "longitude": -74.007023, "collision_count": 107 }, "geometry": { "type": "Point", "coordinates": [ -74.007023, 40.748891 ] } },
{ "type": "Feature", "properties": { "latitude": 40.665636, "longitude": -73.75815, "collision_count": 107 }, "geometry": { "type": "Point", "coordinates": [ -73.75815, 40.665636 ] } },
{ "type": "Feature", "properties": { "latitude": 40.757755, "longitude": -73.79303, "collision_count": 107 }, "geometry": { "type": "Point", "coordinates": [ -73.79303, 40.757755 ] } },
{ "type": "Feature", "properties": { "latitude": 40.845642, "longitude": -73.90211, "collision_count": 107 }, "geometry": { "type": "Point", "coordinates": [ -73.90211, 40.845642 ] } },
{ "type": "Feature", "properties": { "latitude": 40.816081, "longitude": -73.917687, "collision_count": 107 }, "geometry": { "type": "Point", "coordinates": [ -73.917687, 40.816081 ] } },
{ "type": "Feature", "properties": { "latitude": 40.74854, "longitude": -73.973141, "collision_count": 107 }, "geometry": { "type": "Point", "coordinates": [ -73.973141, 40.74854 ] } },
{ "type": "Feature", "properties": { "latitude": 40.76285, "longitude": -73.967735, "collision_count": 107 }, "geometry": { "type": "Point", "coordinates": [ -73.967735, 40.76285 ] } },
{ "type": "Feature", "properties": { "latitude": 40.754864, "longitude": -73.85255, "collision_count": 107 }, "geometry": { "type": "Point", "coordinates": [ -73.85255, 40.754864 ] } },
{ "type": "Feature", "properties": { "latitude": 40.70547, "longitude": -73.95024, "collision_count": 107 }, "geometry": { "type": "Point", "coordinates": [ -73.95024, 40.70547 ] } },
{ "type": "Feature", "properties": { "latitude": 40.753407, "longitude": -73.852356, "collision_count": 107 }, "geometry": { "type": "Point", "coordinates": [ -73.852356, 40.753407 ] } },
{ "type": "Feature", "properties": { "latitude": 40.744187, "longitude": -73.991869, "collision_count": 107 }, "geometry": { "type": "Point", "coordinates": [ -73.991869, 40.744187 ] } },
{ "type": "Feature", "properties": { "latitude": 40.752379, "longitude": -73.970343, "collision_count": 107 }, "geometry": { "type": "Point", "coordinates": [ -73.970343, 40.752379 ] } },
{ "type": "Feature", "properties": { "latitude": 40.759786, "longitude": -73.976288, "collision_count": 107 }, "geometry": { "type": "Point", "coordinates": [ -73.976288, 40.759786 ] } },
{ "type": "Feature", "properties": { "latitude": 40.810318, "longitude": -73.943634, "collision_count": 107 }, "geometry": { "type": "Point", "coordinates": [ -73.943634, 40.810318 ] } },
{ "type": "Feature", "properties": { "latitude": 40.71137, "longitude": -74.00862, "collision_count": 107 }, "geometry": { "type": "Point", "coordinates": [ -74.00862, 40.71137 ] } },
{ "type": "Feature", "properties": { "latitude": 40.723308, "longitude": -74.00298, "collision_count": 107 }, "geometry": { "type": "Point", "coordinates": [ -74.00298, 40.723308 ] } },
{ "type": "Feature", "properties": { "latitude": 40.66423, "longitude": -73.919106, "collision_count": 107 }, "geometry": { "type": "Point", "coordinates": [ -73.919106, 40.66423 ] } },
{ "type": "Feature", "properties": { "latitude": 40.857365, "longitude": -73.84657, "collision_count": 107 }, "geometry": { "type": "Point", "coordinates": [ -73.84657, 40.857365 ] } },
{ "type": "Feature", "properties": { "latitude": 40.66919, "longitude": -73.99682, "collision_count": 107 }, "geometry": { "type": "Point", "coordinates": [ -73.99682, 40.66919 ] } },
{ "type": "Feature", "properties": { "latitude": 40.830914, "longitude": -73.92047, "collision_count": 107 }, "geometry": { "type": "Point", "coordinates": [ -73.92047, 40.830914 ] } },
{ "type": "Feature", "properties": { "latitude": 40.635494, "longitude": -74.00957, "collision_count": 107 }, "geometry": { "type": "Point", "coordinates": [ -74.00957, 40.635494 ] } },
{ "type": "Feature", "properties": { "latitude": 40.803947, "longitude": -73.928, "collision_count": 107 }, "geometry": { "type": "Point", "coordinates": [ -73.928, 40.803947 ] } },
{ "type": "Feature", "properties": { "latitude": 40.842503, "longitude": -73.92797, "collision_count": 107 }, "geometry": { "type": "Point", "coordinates": [ -73.92797, 40.842503 ] } },
{ "type": "Feature", "properties": { "latitude": 40.73534, "longitude": -73.916885, "collision_count": 107 }, "geometry": { "type": "Point", "coordinates": [ -73.916885, 40.73534 ] } },
{ "type": "Feature", "properties": { "latitude": 40.74954, "longitude": -73.97744, "collision_count": 107 }, "geometry": { "type": "Point", "coordinates": [ -73.97744, 40.74954 ] } },
{ "type": "Feature", "properties": { "latitude": 40.665559, "longitude": -73.729843, "collision_count": 107 }, "geometry": { "type": "Point", "coordinates": [ -73.729843, 40.665559 ] } },
{ "type": "Feature", "properties": { "latitude": 40.690469, "longitude": -73.987891, "collision_count": 107 }, "geometry": { "type": "Point", "coordinates": [ -73.987891, 40.690469 ] } },
{ "type": "Feature", "properties": { "latitude": 40.69245, "longitude": -73.811005, "collision_count": 107 }, "geometry": { "type": "Point", "coordinates": [ -73.811005, 40.69245 ] } },
{ "type": "Feature", "properties": { "latitude": 40.837864, "longitude": -73.9114, "collision_count": 107 }, "geometry": { "type": "Point", "coordinates": [ -73.9114, 40.837864 ] } },
{ "type": "Feature", "properties": { "latitude": 40.755516, "longitude": -73.983624, "collision_count": 107 }, "geometry": { "type": "Point", "coordinates": [ -73.983624, 40.755516 ] } },
{ "type": "Feature", "properties": { "latitude": 40.708324, "longitude": -73.84314, "collision_count": 106 }, "geometry": { "type": "Point", "coordinates": [ -73.84314, 40.708324 ] } },
{ "type": "Feature", "properties": { "latitude": 40.648254, "longitude": -73.971405, "collision_count": 106 }, "geometry": { "type": "Point", "coordinates": [ -73.971405, 40.648254 ] } },
{ "type": "Feature", "properties": { "latitude": 40.763733, "longitude": -73.962074, "collision_count": 106 }, "geometry": { "type": "Point", "coordinates": [ -73.962074, 40.763733 ] } },
{ "type": "Feature", "properties": { "latitude": 40.762859, "longitude": -73.989402, "collision_count": 106 }, "geometry": { "type": "Point", "coordinates": [ -73.989402, 40.762859 ] } },
{ "type": "Feature", "properties": { "latitude": 40.744646, "longitude": -73.7704, "collision_count": 106 }, "geometry": { "type": "Point", "coordinates": [ -73.7704, 40.744646 ] } },
{ "type": "Feature", "properties": { "latitude": 40.680464, "longitude": -73.961347, "collision_count": 106 }, "geometry": { "type": "Point", "coordinates": [ -73.961347, 40.680464 ] } },
{ "type": "Feature", "properties": { "latitude": 40.82419, "longitude": -73.91385, "collision_count": 106 }, "geometry": { "type": "Point", "coordinates": [ -73.91385, 40.82419 ] } },
{ "type": "Feature", "properties": { "latitude": 40.69024, "longitude": -73.99437, "collision_count": 106 }, "geometry": { "type": "Point", "coordinates": [ -73.99437, 40.69024 ] } },
{ "type": "Feature", "properties": { "latitude": 40.616045, "longitude": -73.944829, "collision_count": 106 }, "geometry": { "type": "Point", "coordinates": [ -73.944829, 40.616045 ] } },
{ "type": "Feature", "properties": { "latitude": 40.66796, "longitude": -73.77155, "collision_count": 106 }, "geometry": { "type": "Point", "coordinates": [ -73.77155, 40.66796 ] } },
{ "type": "Feature", "properties": { "latitude": 40.730933, "longitude": -73.864576, "collision_count": 106 }, "geometry": { "type": "Point", "coordinates": [ -73.864576, 40.730933 ] } },
{ "type": "Feature", "properties": { "latitude": 40.66724, "longitude": -73.769996, "collision_count": 106 }, "geometry": { "type": "Point", "coordinates": [ -73.769996, 40.66724 ] } },
{ "type": "Feature", "properties": { "latitude": 40.67591, "longitude": -73.89492, "collision_count": 106 }, "geometry": { "type": "Point", "coordinates": [ -73.89492, 40.67591 ] } },
{ "type": "Feature", "properties": { "latitude": 40.747153, "longitude": -73.985495, "collision_count": 106 }, "geometry": { "type": "Point", "coordinates": [ -73.985495, 40.747153 ] } },
{ "type": "Feature", "properties": { "latitude": 40.862534, "longitude": -73.89708, "collision_count": 106 }, "geometry": { "type": "Point", "coordinates": [ -73.89708, 40.862534 ] } },
{ "type": "Feature", "properties": { "latitude": 40.753475, "longitude": -73.99254, "collision_count": 106 }, "geometry": { "type": "Point", "coordinates": [ -73.99254, 40.753475 ] } },
{ "type": "Feature", "properties": { "latitude": 40.838241, "longitude": -73.876681, "collision_count": 106 }, "geometry": { "type": "Point", "coordinates": [ -73.876681, 40.838241 ] } },
{ "type": "Feature", "properties": { "latitude": 40.825578, "longitude": -73.91846, "collision_count": 106 }, "geometry": { "type": "Point", "coordinates": [ -73.91846, 40.825578 ] } },
{ "type": "Feature", "properties": { "latitude": 40.725674, "longitude": -74.00578, "collision_count": 106 }, "geometry": { "type": "Point", "coordinates": [ -74.00578, 40.725674 ] } },
{ "type": "Feature", "properties": { "latitude": 40.77564, "longitude": -73.960511, "collision_count": 106 }, "geometry": { "type": "Point", "coordinates": [ -73.960511, 40.77564 ] } },
{ "type": "Feature", "properties": { "latitude": 40.76042, "longitude": -73.975829, "collision_count": 106 }, "geometry": { "type": "Point", "coordinates": [ -73.975829, 40.76042 ] } },
{ "type": "Feature", "properties": { "latitude": 40.7501, "longitude": -73.974945, "collision_count": 106 }, "geometry": { "type": "Point", "coordinates": [ -73.974945, 40.7501 ] } },
{ "type": "Feature", "properties": { "latitude": 40.696559, "longitude": -73.980903, "collision_count": 106 }, "geometry": { "type": "Point", "coordinates": [ -73.980903, 40.696559 ] } },
{ "type": "Feature", "properties": { "latitude": 40.888596, "longitude": -73.89068, "collision_count": 106 }, "geometry": { "type": "Point", "coordinates": [ -73.89068, 40.888596 ] } },
{ "type": "Feature", "properties": { "latitude": 40.65777, "longitude": -73.93962, "collision_count": 106 }, "geometry": { "type": "Point", "coordinates": [ -73.93962, 40.65777 ] } },
{ "type": "Feature", "properties": { "latitude": 40.759165, "longitude": -73.976743, "collision_count": 106 }, "geometry": { "type": "Point", "coordinates": [ -73.976743, 40.759165 ] } },
{ "type": "Feature", "properties": { "latitude": 40.752693, "longitude": -73.97305, "collision_count": 106 }, "geometry": { "type": "Point", "coordinates": [ -73.97305, 40.752693 ] } },
{ "type": "Feature", "properties": { "latitude": 40.753791, "longitude": -73.744278, "collision_count": 106 }, "geometry": { "type": "Point", "coordinates": [ -73.744278, 40.753791 ] } },
{ "type": "Feature", "properties": { "latitude": 40.579803, "longitude": -73.97184, "collision_count": 106 }, "geometry": { "type": "Point", "coordinates": [ -73.97184, 40.579803 ] } },
{ "type": "Feature", "properties": { "latitude": 40.725082, "longitude": -73.99534, "collision_count": 106 }, "geometry": { "type": "Point", "coordinates": [ -73.99534, 40.725082 ] } },
{ "type": "Feature", "properties": { "latitude": 40.70206, "longitude": -73.992614, "collision_count": 106 }, "geometry": { "type": "Point", "coordinates": [ -73.992614, 40.70206 ] } },
{ "type": "Feature", "properties": { "latitude": 40.60855, "longitude": -74.13216, "collision_count": 106 }, "geometry": { "type": "Point", "coordinates": [ -74.13216, 40.60855 ] } },
{ "type": "Feature", "properties": { "latitude": 40.69231, "longitude": -73.88147, "collision_count": 106 }, "geometry": { "type": "Point", "coordinates": [ -73.88147, 40.69231 ] } },
{ "type": "Feature", "properties": { "latitude": 40.8451, "longitude": -73.91878, "collision_count": 106 }, "geometry": { "type": "Point", "coordinates": [ -73.91878, 40.8451 ] } },
{ "type": "Feature", "properties": { "latitude": 40.834681, "longitude": -73.944424, "collision_count": 106 }, "geometry": { "type": "Point", "coordinates": [ -73.944424, 40.834681 ] } },
{ "type": "Feature", "properties": { "latitude": 40.753304, "longitude": -73.912575, "collision_count": 106 }, "geometry": { "type": "Point", "coordinates": [ -73.912575, 40.753304 ] } },
{ "type": "Feature", "properties": { "latitude": 40.71699, "longitude": -73.82402, "collision_count": 106 }, "geometry": { "type": "Point", "coordinates": [ -73.82402, 40.71699 ] } },
{ "type": "Feature", "properties": { "latitude": 40.65461, "longitude": -73.922, "collision_count": 106 }, "geometry": { "type": "Point", "coordinates": [ -73.922, 40.65461 ] } },
{ "type": "Feature", "properties": { "latitude": 40.688995, "longitude": -73.78581, "collision_count": 106 }, "geometry": { "type": "Point", "coordinates": [ -73.78581, 40.688995 ] } },
{ "type": "Feature", "properties": { "latitude": 40.77178, "longitude": -73.9792, "collision_count": 105 }, "geometry": { "type": "Point", "coordinates": [ -73.9792, 40.77178 ] } },
{ "type": "Feature", "properties": { "latitude": 40.830154, "longitude": -73.93964, "collision_count": 105 }, "geometry": { "type": "Point", "coordinates": [ -73.93964, 40.830154 ] } },
{ "type": "Feature", "properties": { "latitude": 40.877033, "longitude": -73.846375, "collision_count": 105 }, "geometry": { "type": "Point", "coordinates": [ -73.846375, 40.877033 ] } },
{ "type": "Feature", "properties": { "latitude": 40.760254, "longitude": -73.76935, "collision_count": 105 }, "geometry": { "type": "Point", "coordinates": [ -73.76935, 40.760254 ] } },
{ "type": "Feature", "properties": { "latitude": 40.76023, "longitude": -73.961525, "collision_count": 105 }, "geometry": { "type": "Point", "coordinates": [ -73.961525, 40.76023 ] } },
{ "type": "Feature", "properties": { "latitude": 40.760153, "longitude": -73.998794, "collision_count": 105 }, "geometry": { "type": "Point", "coordinates": [ -73.998794, 40.760153 ] } },
{ "type": "Feature", "properties": { "latitude": 40.582977, "longitude": -73.98042, "collision_count": 105 }, "geometry": { "type": "Point", "coordinates": [ -73.98042, 40.582977 ] } },
{ "type": "Feature", "properties": { "latitude": 40.75533, "longitude": -73.99119, "collision_count": 105 }, "geometry": { "type": "Point", "coordinates": [ -73.99119, 40.75533 ] } },
{ "type": "Feature", "properties": { "latitude": 40.661835, "longitude": -73.89311, "collision_count": 105 }, "geometry": { "type": "Point", "coordinates": [ -73.89311, 40.661835 ] } },
{ "type": "Feature", "properties": { "latitude": 40.638603, "longitude": -73.94827, "collision_count": 105 }, "geometry": { "type": "Point", "coordinates": [ -73.94827, 40.638603 ] } },
{ "type": "Feature", "properties": { "latitude": 40.681137, "longitude": -73.95567, "collision_count": 105 }, "geometry": { "type": "Point", "coordinates": [ -73.95567, 40.681137 ] } },
{ "type": "Feature", "properties": { "latitude": 40.67983, "longitude": -73.9583, "collision_count": 105 }, "geometry": { "type": "Point", "coordinates": [ -73.9583, 40.67983 ] } },
{ "type": "Feature", "properties": { "latitude": 40.736145, "longitude": -73.92651, "collision_count": 105 }, "geometry": { "type": "Point", "coordinates": [ -73.92651, 40.736145 ] } },
{ "type": "Feature", "properties": { "latitude": 40.738495, "longitude": -73.90274, "collision_count": 105 }, "geometry": { "type": "Point", "coordinates": [ -73.90274, 40.738495 ] } },
{ "type": "Feature", "properties": { "latitude": 40.8733, "longitude": -73.853645, "collision_count": 105 }, "geometry": { "type": "Point", "coordinates": [ -73.853645, 40.8733 ] } },
{ "type": "Feature", "properties": { "latitude": 40.835724, "longitude": -73.92129, "collision_count": 105 }, "geometry": { "type": "Point", "coordinates": [ -73.92129, 40.835724 ] } },
{ "type": "Feature", "properties": { "latitude": 40.8468, "longitude": -73.931854, "collision_count": 105 }, "geometry": { "type": "Point", "coordinates": [ -73.931854, 40.8468 ] } },
{ "type": "Feature", "properties": { "latitude": 40.650807, "longitude": -73.949572, "collision_count": 105 }, "geometry": { "type": "Point", "coordinates": [ -73.949572, 40.650807 ] } },
{ "type": "Feature", "properties": { "latitude": 40.646379, "longitude": -73.97084, "collision_count": 105 }, "geometry": { "type": "Point", "coordinates": [ -73.97084, 40.646379 ] } },
{ "type": "Feature", "properties": { "latitude": 40.8165, "longitude": -73.946556, "collision_count": 105 }, "geometry": { "type": "Point", "coordinates": [ -73.946556, 40.8165 ] } },
{ "type": "Feature", "properties": { "latitude": 40.873302, "longitude": -73.853638, "collision_count": 105 }, "geometry": { "type": "Point", "coordinates": [ -73.853638, 40.873302 ] } },
{ "type": "Feature", "properties": { "latitude": 40.756654, "longitude": -73.978567, "collision_count": 105 }, "geometry": { "type": "Point", "coordinates": [ -73.978567, 40.756654 ] } },
{ "type": "Feature", "properties": { "latitude": 40.690917, "longitude": -73.728179, "collision_count": 105 }, "geometry": { "type": "Point", "coordinates": [ -73.728179, 40.690917 ] } },
{ "type": "Feature", "properties": { "latitude": 40.822533, "longitude": -73.88509, "collision_count": 105 }, "geometry": { "type": "Point", "coordinates": [ -73.88509, 40.822533 ] } },
{ "type": "Feature", "properties": { "latitude": 40.746403, "longitude": -73.97973, "collision_count": 105 }, "geometry": { "type": "Point", "coordinates": [ -73.97973, 40.746403 ] } },
{ "type": "Feature", "properties": { "latitude": 40.6228, "longitude": -74.02836, "collision_count": 105 }, "geometry": { "type": "Point", "coordinates": [ -74.02836, 40.6228 ] } },
{ "type": "Feature", "properties": { "latitude": 40.79356, "longitude": -73.96702, "collision_count": 105 }, "geometry": { "type": "Point", "coordinates": [ -73.96702, 40.79356 ] } },
{ "type": "Feature", "properties": { "latitude": 40.742707, "longitude": -73.984526, "collision_count": 105 }, "geometry": { "type": "Point", "coordinates": [ -73.984526, 40.742707 ] } },
{ "type": "Feature", "properties": { "latitude": 40.6972, "longitude": -73.952934, "collision_count": 105 }, "geometry": { "type": "Point", "coordinates": [ -73.952934, 40.6972 ] } },
{ "type": "Feature", "properties": { "latitude": 40.660594, "longitude": -73.931327, "collision_count": 105 }, "geometry": { "type": "Point", "coordinates": [ -73.931327, 40.660594 ] } },
{ "type": "Feature", "properties": { "latitude": 40.88845, "longitude": -73.841965, "collision_count": 105 }, "geometry": { "type": "Point", "coordinates": [ -73.841965, 40.88845 ] } },
{ "type": "Feature", "properties": { "latitude": 40.741028, "longitude": -73.93432, "collision_count": 105 }, "geometry": { "type": "Point", "coordinates": [ -73.93432, 40.741028 ] } },
{ "type": "Feature", "properties": { "latitude": 40.766286, "longitude": -73.981849, "collision_count": 105 }, "geometry": { "type": "Point", "coordinates": [ -73.981849, 40.766286 ] } },
{ "type": "Feature", "properties": { "latitude": 40.750453, "longitude": -73.987292, "collision_count": 105 }, "geometry": { "type": "Point", "coordinates": [ -73.987292, 40.750453 ] } },
{ "type": "Feature", "properties": { "latitude": 40.752197, "longitude": -73.981824, "collision_count": 105 }, "geometry": { "type": "Point", "coordinates": [ -73.981824, 40.752197 ] } },
{ "type": "Feature", "properties": { "latitude": 40.755234, "longitude": -73.941246, "collision_count": 104 }, "geometry": { "type": "Point", "coordinates": [ -73.941246, 40.755234 ] } },
{ "type": "Feature", "properties": { "latitude": 40.765675, "longitude": -73.97624, "collision_count": 104 }, "geometry": { "type": "Point", "coordinates": [ -73.97624, 40.765675 ] } },
{ "type": "Feature", "properties": { "latitude": 40.806828, "longitude": -73.93432, "collision_count": 104 }, "geometry": { "type": "Point", "coordinates": [ -73.93432, 40.806828 ] } },
{ "type": "Feature", "properties": { "latitude": 40.724552, "longitude": -73.72452, "collision_count": 104 }, "geometry": { "type": "Point", "coordinates": [ -73.72452, 40.724552 ] } },
{ "type": "Feature", "properties": { "latitude": 40.71337, "longitude": -73.934814, "collision_count": 104 }, "geometry": { "type": "Point", "coordinates": [ -73.934814, 40.71337 ] } },
{ "type": "Feature", "properties": { "latitude": 40.654705, "longitude": -74.00731, "collision_count": 104 }, "geometry": { "type": "Point", "coordinates": [ -74.00731, 40.654705 ] } },
{ "type": "Feature", "properties": { "latitude": 40.752976, "longitude": -73.910233, "collision_count": 104 }, "geometry": { "type": "Point", "coordinates": [ -73.910233, 40.752976 ] } },
{ "type": "Feature", "properties": { "latitude": 40.558887, "longitude": -74.197695, "collision_count": 104 }, "geometry": { "type": "Point", "coordinates": [ -74.197695, 40.558887 ] } },
{ "type": "Feature", "properties": { "latitude": 40.848736, "longitude": -73.93234, "collision_count": 104 }, "geometry": { "type": "Point", "coordinates": [ -73.93234, 40.848736 ] } },
{ "type": "Feature", "properties": { "latitude": 40.652314, "longitude": -73.956011, "collision_count": 104 }, "geometry": { "type": "Point", "coordinates": [ -73.956011, 40.652314 ] } },
{ "type": "Feature", "properties": { "latitude": 40.659275, "longitude": -73.889, "collision_count": 104 }, "geometry": { "type": "Point", "coordinates": [ -73.889, 40.659275 ] } },
{ "type": "Feature", "properties": { "latitude": 40.830738, "longitude": -73.9105, "collision_count": 104 }, "geometry": { "type": "Point", "coordinates": [ -73.9105, 40.830738 ] } },
{ "type": "Feature", "properties": { "latitude": 40.690239, "longitude": -73.99436, "collision_count": 104 }, "geometry": { "type": "Point", "coordinates": [ -73.99436, 40.690239 ] } },
{ "type": "Feature", "properties": { "latitude": 40.75591, "longitude": -73.99448, "collision_count": 104 }, "geometry": { "type": "Point", "coordinates": [ -73.99448, 40.75591 ] } },
{ "type": "Feature", "properties": { "latitude": 40.839767, "longitude": -73.905396, "collision_count": 104 }, "geometry": { "type": "Point", "coordinates": [ -73.905396, 40.839767 ] } },
{ "type": "Feature", "properties": { "latitude": 40.72766, "longitude": -73.92938, "collision_count": 104 }, "geometry": { "type": "Point", "coordinates": [ -73.92938, 40.72766 ] } },
{ "type": "Feature", "properties": { "latitude": 40.877799, "longitude": -73.868049, "collision_count": 104 }, "geometry": { "type": "Point", "coordinates": [ -73.868049, 40.877799 ] } },
{ "type": "Feature", "properties": { "latitude": 40.754707, "longitude": -73.99164, "collision_count": 104 }, "geometry": { "type": "Point", "coordinates": [ -73.99164, 40.754707 ] } },
{ "type": "Feature", "properties": { "latitude": 40.706361, "longitude": -73.792526, "collision_count": 104 }, "geometry": { "type": "Point", "coordinates": [ -73.792526, 40.706361 ] } },
{ "type": "Feature", "properties": { "latitude": 40.740185, "longitude": -73.986374, "collision_count": 104 }, "geometry": { "type": "Point", "coordinates": [ -73.986374, 40.740185 ] } },
{ "type": "Feature", "properties": { "latitude": 40.714165, "longitude": -74.00632, "collision_count": 104 }, "geometry": { "type": "Point", "coordinates": [ -74.00632, 40.714165 ] } },
{ "type": "Feature", "properties": { "latitude": 40.70904, "longitude": -73.84146, "collision_count": 104 }, "geometry": { "type": "Point", "coordinates": [ -73.84146, 40.70904 ] } },
{ "type": "Feature", "properties": { "latitude": 40.84497, "longitude": -73.90247, "collision_count": 104 }, "geometry": { "type": "Point", "coordinates": [ -73.90247, 40.84497 ] } },
{ "type": "Feature", "properties": { "latitude": 40.667522, "longitude": -73.780625, "collision_count": 104 }, "geometry": { "type": "Point", "coordinates": [ -73.780625, 40.667522 ] } },
{ "type": "Feature", "properties": { "latitude": 40.745686, "longitude": -73.97213, "collision_count": 104 }, "geometry": { "type": "Point", "coordinates": [ -73.97213, 40.745686 ] } },
{ "type": "Feature", "properties": { "latitude": 40.718456, "longitude": -73.99482, "collision_count": 104 }, "geometry": { "type": "Point", "coordinates": [ -73.99482, 40.718456 ] } },
{ "type": "Feature", "properties": { "latitude": 40.67887, "longitude": -73.92165, "collision_count": 104 }, "geometry": { "type": "Point", "coordinates": [ -73.92165, 40.67887 ] } },
{ "type": "Feature", "properties": { "latitude": 40.6952, "longitude": -73.92844, "collision_count": 104 }, "geometry": { "type": "Point", "coordinates": [ -73.92844, 40.6952 ] } },
{ "type": "Feature", "properties": { "latitude": 40.713816, "longitude": -73.92084, "collision_count": 104 }, "geometry": { "type": "Point", "coordinates": [ -73.92084, 40.713816 ] } },
{ "type": "Feature", "properties": { "latitude": 40.74639, "longitude": -73.977646, "collision_count": 104 }, "geometry": { "type": "Point", "coordinates": [ -73.977646, 40.74639 ] } },
{ "type": "Feature", "properties": { "latitude": 40.707954, "longitude": -73.83715, "collision_count": 104 }, "geometry": { "type": "Point", "coordinates": [ -73.83715, 40.707954 ] } },
{ "type": "Feature", "properties": { "latitude": 40.774612, "longitude": -73.92399, "collision_count": 103 }, "geometry": { "type": "Point", "coordinates": [ -73.92399, 40.774612 ] } },
{ "type": "Feature", "properties": { "latitude": 40.710013, "longitude": -73.794729, "collision_count": 103 }, "geometry": { "type": "Point", "coordinates": [ -73.794729, 40.710013 ] } },
{ "type": "Feature", "properties": { "latitude": 40.745058, "longitude": -73.978607, "collision_count": 103 }, "geometry": { "type": "Point", "coordinates": [ -73.978607, 40.745058 ] } },
{ "type": "Feature", "properties": { "latitude": 40.71407, "longitude": -73.954346, "collision_count": 103 }, "geometry": { "type": "Point", "coordinates": [ -73.954346, 40.71407 ] } },
{ "type": "Feature", "properties": { "latitude": 40.763589, "longitude": -73.97141, "collision_count": 103 }, "geometry": { "type": "Point", "coordinates": [ -73.97141, 40.763589 ] } },
{ "type": "Feature", "properties": { "latitude": 40.760159, "longitude": -74.002639, "collision_count": 103 }, "geometry": { "type": "Point", "coordinates": [ -74.002639, 40.760159 ] } },
{ "type": "Feature", "properties": { "latitude": 40.720557, "longitude": -74.00351, "collision_count": 103 }, "geometry": { "type": "Point", "coordinates": [ -74.00351, 40.720557 ] } },
{ "type": "Feature", "properties": { "latitude": 40.585056, "longitude": -73.928894, "collision_count": 103 }, "geometry": { "type": "Point", "coordinates": [ -73.928894, 40.585056 ] } },
{ "type": "Feature", "properties": { "latitude": 40.69407, "longitude": -73.82802, "collision_count": 103 }, "geometry": { "type": "Point", "coordinates": [ -73.82802, 40.69407 ] } },
{ "type": "Feature", "properties": { "latitude": 40.76104, "longitude": -73.975374, "collision_count": 103 }, "geometry": { "type": "Point", "coordinates": [ -73.975374, 40.76104 ] } },
{ "type": "Feature", "properties": { "latitude": 40.711962, "longitude": -73.940689, "collision_count": 103 }, "geometry": { "type": "Point", "coordinates": [ -73.940689, 40.711962 ] } },
{ "type": "Feature", "properties": { "latitude": 40.745238, "longitude": -73.937696, "collision_count": 103 }, "geometry": { "type": "Point", "coordinates": [ -73.937696, 40.745238 ] } },
{ "type": "Feature", "properties": { "latitude": 40.785866, "longitude": -73.950929, "collision_count": 103 }, "geometry": { "type": "Point", "coordinates": [ -73.950929, 40.785866 ] } },
{ "type": "Feature", "properties": { "latitude": 40.680035, "longitude": -73.9055, "collision_count": 103 }, "geometry": { "type": "Point", "coordinates": [ -73.9055, 40.680035 ] } },
{ "type": "Feature", "properties": { "latitude": 40.60023, "longitude": -73.9956, "collision_count": 103 }, "geometry": { "type": "Point", "coordinates": [ -73.9956, 40.60023 ] } },
{ "type": "Feature", "properties": { "latitude": 40.75428, "longitude": -73.89751, "collision_count": 103 }, "geometry": { "type": "Point", "coordinates": [ -73.89751, 40.75428 ] } },
{ "type": "Feature", "properties": { "latitude": 40.785422, "longitude": -73.983988, "collision_count": 103 }, "geometry": { "type": "Point", "coordinates": [ -73.983988, 40.785422 ] } },
{ "type": "Feature", "properties": { "latitude": 40.79157, "longitude": -73.94469, "collision_count": 103 }, "geometry": { "type": "Point", "coordinates": [ -73.94469, 40.79157 ] } },
{ "type": "Feature", "properties": { "latitude": 40.754491, "longitude": -74.006739, "collision_count": 103 }, "geometry": { "type": "Point", "coordinates": [ -74.006739, 40.754491 ] } },
{ "type": "Feature", "properties": { "latitude": 40.846893, "longitude": -73.92055, "collision_count": 103 }, "geometry": { "type": "Point", "coordinates": [ -73.92055, 40.846893 ] } },
{ "type": "Feature", "properties": { "latitude": 40.680214, "longitude": -73.94628, "collision_count": 103 }, "geometry": { "type": "Point", "coordinates": [ -73.94628, 40.680214 ] } },
{ "type": "Feature", "properties": { "latitude": 40.734566, "longitude": -73.72269, "collision_count": 103 }, "geometry": { "type": "Point", "coordinates": [ -73.72269, 40.734566 ] } },
{ "type": "Feature", "properties": { "latitude": 40.75906, "longitude": -73.972614, "collision_count": 103 }, "geometry": { "type": "Point", "coordinates": [ -73.972614, 40.75906 ] } },
{ "type": "Feature", "properties": { "latitude": 40.75519, "longitude": -73.97122, "collision_count": 103 }, "geometry": { "type": "Point", "coordinates": [ -73.97122, 40.75519 ] } },
{ "type": "Feature", "properties": { "latitude": 40.760285, "longitude": -73.76935, "collision_count": 103 }, "geometry": { "type": "Point", "coordinates": [ -73.76935, 40.760285 ] } },
{ "type": "Feature", "properties": { "latitude": 40.619397, "longitude": -73.969566, "collision_count": 103 }, "geometry": { "type": "Point", "coordinates": [ -73.969566, 40.619397 ] } },
{ "type": "Feature", "properties": { "latitude": 40.762106, "longitude": -73.960137, "collision_count": 103 }, "geometry": { "type": "Point", "coordinates": [ -73.960137, 40.762106 ] } },
{ "type": "Feature", "properties": { "latitude": 40.851936, "longitude": -73.91078, "collision_count": 103 }, "geometry": { "type": "Point", "coordinates": [ -73.91078, 40.851936 ] } },
{ "type": "Feature", "properties": { "latitude": 40.764268, "longitude": -73.722934, "collision_count": 103 }, "geometry": { "type": "Point", "coordinates": [ -73.722934, 40.764268 ] } },
{ "type": "Feature", "properties": { "latitude": 40.824208, "longitude": -73.85879, "collision_count": 103 }, "geometry": { "type": "Point", "coordinates": [ -73.85879, 40.824208 ] } },
{ "type": "Feature", "properties": { "latitude": 40.760993, "longitude": -73.990759, "collision_count": 103 }, "geometry": { "type": "Point", "coordinates": [ -73.990759, 40.760993 ] } },
{ "type": "Feature", "properties": { "latitude": 40.757286, "longitude": -73.97812, "collision_count": 103 }, "geometry": { "type": "Point", "coordinates": [ -73.97812, 40.757286 ] } },
{ "type": "Feature", "properties": { "latitude": 40.65011, "longitude": -73.930214, "collision_count": 103 }, "geometry": { "type": "Point", "coordinates": [ -73.930214, 40.65011 ] } },
{ "type": "Feature", "properties": { "latitude": 40.704201, "longitude": -73.815244, "collision_count": 102 }, "geometry": { "type": "Point", "coordinates": [ -73.815244, 40.704201 ] } },
{ "type": "Feature", "properties": { "latitude": 40.642796, "longitude": -73.97945, "collision_count": 102 }, "geometry": { "type": "Point", "coordinates": [ -73.97945, 40.642796 ] } },
{ "type": "Feature", "properties": { "latitude": 40.809048, "longitude": -73.92856, "collision_count": 102 }, "geometry": { "type": "Point", "coordinates": [ -73.92856, 40.809048 ] } },
{ "type": "Feature", "properties": { "latitude": 40.762294, "longitude": -73.974457, "collision_count": 102 }, "geometry": { "type": "Point", "coordinates": [ -73.974457, 40.762294 ] } },
{ "type": "Feature", "properties": { "latitude": 40.611953, "longitude": -73.968165, "collision_count": 102 }, "geometry": { "type": "Point", "coordinates": [ -73.968165, 40.611953 ] } },
{ "type": "Feature", "properties": { "latitude": 40.861347, "longitude": -73.897736, "collision_count": 102 }, "geometry": { "type": "Point", "coordinates": [ -73.897736, 40.861347 ] } },
{ "type": "Feature", "properties": { "latitude": 40.746902, "longitude": -73.834694, "collision_count": 102 }, "geometry": { "type": "Point", "coordinates": [ -73.834694, 40.746902 ] } },
{ "type": "Feature", "properties": { "latitude": 40.720375, "longitude": -74.003265, "collision_count": 102 }, "geometry": { "type": "Point", "coordinates": [ -74.003265, 40.720375 ] } },
{ "type": "Feature", "properties": { "latitude": 40.820137, "longitude": -73.89029, "collision_count": 102 }, "geometry": { "type": "Point", "coordinates": [ -73.89029, 40.820137 ] } },
{ "type": "Feature", "properties": { "latitude": 40.691652, "longitude": -73.779197, "collision_count": 102 }, "geometry": { "type": "Point", "coordinates": [ -73.779197, 40.691652 ] } },
{ "type": "Feature", "properties": { "latitude": 40.769905, "longitude": -73.916071, "collision_count": 102 }, "geometry": { "type": "Point", "coordinates": [ -73.916071, 40.769905 ] } },
{ "type": "Feature", "properties": { "latitude": 40.627643, "longitude": -73.890216, "collision_count": 102 }, "geometry": { "type": "Point", "coordinates": [ -73.890216, 40.627643 ] } },
{ "type": "Feature", "properties": { "latitude": 40.764347, "longitude": -73.92347, "collision_count": 102 }, "geometry": { "type": "Point", "coordinates": [ -73.92347, 40.764347 ] } },
{ "type": "Feature", "properties": { "latitude": 40.824207, "longitude": -73.858795, "collision_count": 102 }, "geometry": { "type": "Point", "coordinates": [ -73.858795, 40.824207 ] } },
{ "type": "Feature", "properties": { "latitude": 40.67069, "longitude": -73.91703, "collision_count": 102 }, "geometry": { "type": "Point", "coordinates": [ -73.91703, 40.67069 ] } },
{ "type": "Feature", "properties": { "latitude": 40.692135, "longitude": -73.83485, "collision_count": 102 }, "geometry": { "type": "Point", "coordinates": [ -73.83485, 40.692135 ] } },
{ "type": "Feature", "properties": { "latitude": 40.826849, "longitude": -73.922678, "collision_count": 102 }, "geometry": { "type": "Point", "coordinates": [ -73.922678, 40.826849 ] } },
{ "type": "Feature", "properties": { "latitude": 40.758205, "longitude": -73.777405, "collision_count": 102 }, "geometry": { "type": "Point", "coordinates": [ -73.777405, 40.758205 ] } },
{ "type": "Feature", "properties": { "latitude": 40.598552, "longitude": -73.997339, "collision_count": 102 }, "geometry": { "type": "Point", "coordinates": [ -73.997339, 40.598552 ] } },
{ "type": "Feature", "properties": { "latitude": 40.677414, "longitude": -73.93033, "collision_count": 102 }, "geometry": { "type": "Point", "coordinates": [ -73.93033, 40.677414 ] } },
{ "type": "Feature", "properties": { "latitude": 40.86038, "longitude": -73.88889, "collision_count": 102 }, "geometry": { "type": "Point", "coordinates": [ -73.88889, 40.86038 ] } },
{ "type": "Feature", "properties": { "latitude": 40.696297, "longitude": -73.97716, "collision_count": 102 }, "geometry": { "type": "Point", "coordinates": [ -73.97716, 40.696297 ] } },
{ "type": "Feature", "properties": { "latitude": 40.746392, "longitude": -73.977635, "collision_count": 102 }, "geometry": { "type": "Point", "coordinates": [ -73.977635, 40.746392 ] } },
{ "type": "Feature", "properties": { "latitude": 40.8047, "longitude": -73.83141, "collision_count": 102 }, "geometry": { "type": "Point", "coordinates": [ -73.83141, 40.8047 ] } },
{ "type": "Feature", "properties": { "latitude": 40.61701, "longitude": -73.969124, "collision_count": 102 }, "geometry": { "type": "Point", "coordinates": [ -73.969124, 40.61701 ] } },
{ "type": "Feature", "properties": { "latitude": 40.888457, "longitude": -73.841962, "collision_count": 102 }, "geometry": { "type": "Point", "coordinates": [ -73.841962, 40.888457 ] } },
{ "type": "Feature", "properties": { "latitude": 40.732033, "longitude": -73.91893, "collision_count": 102 }, "geometry": { "type": "Point", "coordinates": [ -73.91893, 40.732033 ] } },
{ "type": "Feature", "properties": { "latitude": 40.75326, "longitude": -74.00383, "collision_count": 102 }, "geometry": { "type": "Point", "coordinates": [ -74.00383, 40.75326 ] } },
{ "type": "Feature", "properties": { "latitude": 40.679787, "longitude": -73.93844, "collision_count": 102 }, "geometry": { "type": "Point", "coordinates": [ -73.93844, 40.679787 ] } },
{ "type": "Feature", "properties": { "latitude": 40.750307, "longitude": -74.008366, "collision_count": 102 }, "geometry": { "type": "Point", "coordinates": [ -74.008366, 40.750307 ] } },
{ "type": "Feature", "properties": { "latitude": 40.847898, "longitude": -73.945216, "collision_count": 101 }, "geometry": { "type": "Point", "coordinates": [ -73.945216, 40.847898 ] } },
{ "type": "Feature", "properties": { "latitude": 40.734838, "longitude": -73.990755, "collision_count": 101 }, "geometry": { "type": "Point", "coordinates": [ -73.990755, 40.734838 ] } },
{ "type": "Feature", "properties": { "latitude": 40.78356, "longitude": -73.82449, "collision_count": 101 }, "geometry": { "type": "Point", "coordinates": [ -73.82449, 40.78356 ] } },
{ "type": "Feature", "properties": { "latitude": 40.68668, "longitude": -73.97937, "collision_count": 101 }, "geometry": { "type": "Point", "coordinates": [ -73.97937, 40.68668 ] } },
{ "type": "Feature", "properties": { "latitude": 40.68306, "longitude": -73.973785, "collision_count": 101 }, "geometry": { "type": "Point", "coordinates": [ -73.973785, 40.68306 ] } },
{ "type": "Feature", "properties": { "latitude": 40.657555, "longitude": -73.894196, "collision_count": 101 }, "geometry": { "type": "Point", "coordinates": [ -73.894196, 40.657555 ] } },
{ "type": "Feature", "properties": { "latitude": 40.690907, "longitude": -73.95542, "collision_count": 101 }, "geometry": { "type": "Point", "coordinates": [ -73.95542, 40.690907 ] } },
{ "type": "Feature", "properties": { "latitude": 40.681137, "longitude": -73.955668, "collision_count": 101 }, "geometry": { "type": "Point", "coordinates": [ -73.955668, 40.681137 ] } },
{ "type": "Feature", "properties": { "latitude": 40.802024, "longitude": -73.949682, "collision_count": 101 }, "geometry": { "type": "Point", "coordinates": [ -73.949682, 40.802024 ] } },
{ "type": "Feature", "properties": { "latitude": 40.663906, "longitude": -73.950975, "collision_count": 101 }, "geometry": { "type": "Point", "coordinates": [ -73.950975, 40.663906 ] } },
{ "type": "Feature", "properties": { "latitude": 40.8541, "longitude": -73.919106, "collision_count": 101 }, "geometry": { "type": "Point", "coordinates": [ -73.919106, 40.8541 ] } },
{ "type": "Feature", "properties": { "latitude": 40.84487, "longitude": -73.92068, "collision_count": 101 }, "geometry": { "type": "Point", "coordinates": [ -73.92068, 40.84487 ] } },
{ "type": "Feature", "properties": { "latitude": 40.73635, "longitude": -73.97502, "collision_count": 101 }, "geometry": { "type": "Point", "coordinates": [ -73.97502, 40.73635 ] } },
{ "type": "Feature", "properties": { "latitude": 40.74084, "longitude": -73.72681, "collision_count": 101 }, "geometry": { "type": "Point", "coordinates": [ -73.72681, 40.74084 ] } },
{ "type": "Feature", "properties": { "latitude": 40.709503, "longitude": -74.00167, "collision_count": 101 }, "geometry": { "type": "Point", "coordinates": [ -74.00167, 40.709503 ] } },
{ "type": "Feature", "properties": { "latitude": 40.812739, "longitude": -73.937618, "collision_count": 101 }, "geometry": { "type": "Point", "coordinates": [ -73.937618, 40.812739 ] } },
{ "type": "Feature", "properties": { "latitude": 40.726563, "longitude": -73.838013, "collision_count": 101 }, "geometry": { "type": "Point", "coordinates": [ -73.838013, 40.726563 ] } },
{ "type": "Feature", "properties": { "latitude": 40.665882, "longitude": -73.99642, "collision_count": 101 }, "geometry": { "type": "Point", "coordinates": [ -73.99642, 40.665882 ] } },
{ "type": "Feature", "properties": { "latitude": 40.760464, "longitude": -73.826542, "collision_count": 101 }, "geometry": { "type": "Point", "coordinates": [ -73.826542, 40.760464 ] } },
{ "type": "Feature", "properties": { "latitude": 40.650597, "longitude": -73.97209, "collision_count": 101 }, "geometry": { "type": "Point", "coordinates": [ -73.97209, 40.650597 ] } },
{ "type": "Feature", "properties": { "latitude": 40.646328, "longitude": -73.91276, "collision_count": 101 }, "geometry": { "type": "Point", "coordinates": [ -73.91276, 40.646328 ] } },
{ "type": "Feature", "properties": { "latitude": 40.772261, "longitude": -73.925901, "collision_count": 101 }, "geometry": { "type": "Point", "coordinates": [ -73.925901, 40.772261 ] } },
{ "type": "Feature", "properties": { "latitude": 40.75333, "longitude": -73.70682, "collision_count": 101 }, "geometry": { "type": "Point", "coordinates": [ -73.70682, 40.75333 ] } },
{ "type": "Feature", "properties": { "latitude": 40.740693, "longitude": -73.84417, "collision_count": 101 }, "geometry": { "type": "Point", "coordinates": [ -73.84417, 40.740693 ] } },
{ "type": "Feature", "properties": { "latitude": 40.67172, "longitude": -73.850975, "collision_count": 101 }, "geometry": { "type": "Point", "coordinates": [ -73.850975, 40.67172 ] } },
{ "type": "Feature", "properties": { "latitude": 40.846659, "longitude": -73.896176, "collision_count": 101 }, "geometry": { "type": "Point", "coordinates": [ -73.896176, 40.846659 ] } },
{ "type": "Feature", "properties": { "latitude": 40.666895, "longitude": -73.805453, "collision_count": 101 }, "geometry": { "type": "Point", "coordinates": [ -73.805453, 40.666895 ] } },
{ "type": "Feature", "properties": { "latitude": 40.80534, "longitude": -73.92095, "collision_count": 101 }, "geometry": { "type": "Point", "coordinates": [ -73.92095, 40.80534 ] } },
{ "type": "Feature", "properties": { "latitude": 40.678365, "longitude": -73.779479, "collision_count": 101 }, "geometry": { "type": "Point", "coordinates": [ -73.779479, 40.678365 ] } },
{ "type": "Feature", "properties": { "latitude": 40.747105, "longitude": -73.96709, "collision_count": 101 }, "geometry": { "type": "Point", "coordinates": [ -73.96709, 40.747105 ] } },
{ "type": "Feature", "properties": { "latitude": 40.840836, "longitude": -73.87258, "collision_count": 101 }, "geometry": { "type": "Point", "coordinates": [ -73.87258, 40.840836 ] } },
{ "type": "Feature", "properties": { "latitude": 40.756679, "longitude": -73.920865, "collision_count": 101 }, "geometry": { "type": "Point", "coordinates": [ -73.920865, 40.756679 ] } },
{ "type": "Feature", "properties": { "latitude": 40.773808, "longitude": -73.8929, "collision_count": 101 }, "geometry": { "type": "Point", "coordinates": [ -73.8929, 40.773808 ] } },
{ "type": "Feature", "properties": { "latitude": 40.795456, "longitude": -73.965628, "collision_count": 101 }, "geometry": { "type": "Point", "coordinates": [ -73.965628, 40.795456 ] } },
{ "type": "Feature", "properties": { "latitude": 40.69133, "longitude": -73.95177, "collision_count": 101 }, "geometry": { "type": "Point", "coordinates": [ -73.95177, 40.69133 ] } },
{ "type": "Feature", "properties": { "latitude": 40.8396, "longitude": -73.929474, "collision_count": 101 }, "geometry": { "type": "Point", "coordinates": [ -73.929474, 40.8396 ] } },
{ "type": "Feature", "properties": { "latitude": 40.701077, "longitude": -73.94043, "collision_count": 101 }, "geometry": { "type": "Point", "coordinates": [ -73.94043, 40.701077 ] } },
{ "type": "Feature", "properties": { "latitude": 40.63413, "longitude": -73.928501, "collision_count": 101 }, "geometry": { "type": "Point", "coordinates": [ -73.928501, 40.63413 ] } },
{ "type": "Feature", "properties": { "latitude": 40.677917, "longitude": -73.93861, "collision_count": 100 }, "geometry": { "type": "Point", "coordinates": [ -73.93861, 40.677917 ] } },
{ "type": "Feature", "properties": { "latitude": 40.710175, "longitude": -74.001144, "collision_count": 100 }, "geometry": { "type": "Point", "coordinates": [ -74.001144, 40.710175 ] } },
{ "type": "Feature", "properties": { "latitude": 40.6792, "longitude": -73.9553, "collision_count": 100 }, "geometry": { "type": "Point", "coordinates": [ -73.9553, 40.6792 ] } },
{ "type": "Feature", "properties": { "latitude": 40.624653, "longitude": -73.99933, "collision_count": 100 }, "geometry": { "type": "Point", "coordinates": [ -73.99933, 40.624653 ] } },
{ "type": "Feature", "properties": { "latitude": 40.638786, "longitude": -73.94538, "collision_count": 100 }, "geometry": { "type": "Point", "coordinates": [ -73.94538, 40.638786 ] } },
{ "type": "Feature", "properties": { "latitude": 40.75372, "longitude": -73.83283, "collision_count": 100 }, "geometry": { "type": "Point", "coordinates": [ -73.83283, 40.75372 ] } },
{ "type": "Feature", "properties": { "latitude": 40.75022, "longitude": -73.979065, "collision_count": 100 }, "geometry": { "type": "Point", "coordinates": [ -73.979065, 40.75022 ] } },
{ "type": "Feature", "properties": { "latitude": 40.757388, "longitude": -73.982255, "collision_count": 100 }, "geometry": { "type": "Point", "coordinates": [ -73.982255, 40.757388 ] } },
{ "type": "Feature", "properties": { "latitude": 40.739861, "longitude": -73.995017, "collision_count": 100 }, "geometry": { "type": "Point", "coordinates": [ -73.995017, 40.739861 ] } },
{ "type": "Feature", "properties": { "latitude": 40.714109, "longitude": -73.953205, "collision_count": 100 }, "geometry": { "type": "Point", "coordinates": [ -73.953205, 40.714109 ] } },
{ "type": "Feature", "properties": { "latitude": 40.83918, "longitude": -73.94115, "collision_count": 100 }, "geometry": { "type": "Point", "coordinates": [ -73.94115, 40.83918 ] } },
{ "type": "Feature", "properties": { "latitude": 40.655335, "longitude": -73.930766, "collision_count": 100 }, "geometry": { "type": "Point", "coordinates": [ -73.930766, 40.655335 ] } },
{ "type": "Feature", "properties": { "latitude": 40.73046, "longitude": -73.9515, "collision_count": 100 }, "geometry": { "type": "Point", "coordinates": [ -73.9515, 40.73046 ] } },
{ "type": "Feature", "properties": { "latitude": 40.734768, "longitude": -73.87459, "collision_count": 100 }, "geometry": { "type": "Point", "coordinates": [ -73.87459, 40.734768 ] } },
{ "type": "Feature", "properties": { "latitude": 40.699627, "longitude": -73.923836, "collision_count": 100 }, "geometry": { "type": "Point", "coordinates": [ -73.923836, 40.699627 ] } },
{ "type": "Feature", "properties": { "latitude": 40.762852, "longitude": -73.967728, "collision_count": 100 }, "geometry": { "type": "Point", "coordinates": [ -73.967728, 40.762852 ] } },
{ "type": "Feature", "properties": { "latitude": 40.73632, "longitude": -73.85631, "collision_count": 100 }, "geometry": { "type": "Point", "coordinates": [ -73.85631, 40.73632 ] } },
{ "type": "Feature", "properties": { "latitude": 40.723347, "longitude": -73.939316, "collision_count": 100 }, "geometry": { "type": "Point", "coordinates": [ -73.939316, 40.723347 ] } },
{ "type": "Feature", "properties": { "latitude": 40.731983, "longitude": -73.91912, "collision_count": 100 }, "geometry": { "type": "Point", "coordinates": [ -73.91912, 40.731983 ] } },
{ "type": "Feature", "properties": { "latitude": 40.755869, "longitude": -73.99821, "collision_count": 100 }, "geometry": { "type": "Point", "coordinates": [ -73.99821, 40.755869 ] } },
{ "type": "Feature", "properties": { "latitude": 40.73771, "longitude": -73.974266, "collision_count": 100 }, "geometry": { "type": "Point", "coordinates": [ -73.974266, 40.73771 ] } },
{ "type": "Feature", "properties": { "latitude": 40.749706, "longitude": -73.99157, "collision_count": 100 }, "geometry": { "type": "Point", "coordinates": [ -73.99157, 40.749706 ] } },
{ "type": "Feature", "properties": { "latitude": 40.719025, "longitude": -73.989769, "collision_count": 100 }, "geometry": { "type": "Point", "coordinates": [ -73.989769, 40.719025 ] } },
{ "type": "Feature", "properties": { "latitude": 40.577945, "longitude": -74.102315, "collision_count": 100 }, "geometry": { "type": "Point", "coordinates": [ -74.102315, 40.577945 ] } },
{ "type": "Feature", "properties": { "latitude": 40.695377, "longitude": -73.94921, "collision_count": 100 }, "geometry": { "type": "Point", "coordinates": [ -73.94921, 40.695377 ] } },
{ "type": "Feature", "properties": { "latitude": 40.676132, "longitude": -73.81924, "collision_count": 100 }, "geometry": { "type": "Point", "coordinates": [ -73.81924, 40.676132 ] } },
{ "type": "Feature", "properties": { "latitude": 40.758574, "longitude": -73.985049, "collision_count": 100 }, "geometry": { "type": "Point", "coordinates": [ -73.985049, 40.758574 ] } },
{ "type": "Feature", "properties": { "latitude": 40.762963, "longitude": -73.971868, "collision_count": 100 }, "geometry": { "type": "Point", "coordinates": [ -73.971868, 40.762963 ] } },
{ "type": "Feature", "properties": { "latitude": 40.584755, "longitude": -73.94712, "collision_count": 100 }, "geometry": { "type": "Point", "coordinates": [ -73.94712, 40.584755 ] } },
{ "type": "Feature", "properties": { "latitude": 40.667015, "longitude": -73.9313, "collision_count": 100 }, "geometry": { "type": "Point", "coordinates": [ -73.9313, 40.667015 ] } },
{ "type": "Feature", "properties": { "latitude": 40.755505, "longitude": -73.968067, "collision_count": 100 }, "geometry": { "type": "Point", "coordinates": [ -73.968067, 40.755505 ] } },
{ "type": "Feature", "properties": { "latitude": 40.759884, "longitude": -73.9368, "collision_count": 100 }, "geometry": { "type": "Point", "coordinates": [ -73.9368, 40.759884 ] } },
{ "type": "Feature", "properties": { "latitude": 40.747854, "longitude": -73.992908, "collision_count": 100 }, "geometry": { "type": "Point", "coordinates": [ -73.992908, 40.747854 ] } },
{ "type": "Feature", "properties": { "latitude": 40.783146, "longitude": -73.97833, "collision_count": 100 }, "geometry": { "type": "Point", "coordinates": [ -73.97833, 40.783146 ] } },
{ "type": "Feature", "properties": { "latitude": 40.692055, "longitude": -73.982544, "collision_count": 100 }, "geometry": { "type": "Point", "coordinates": [ -73.982544, 40.692055 ] } },
{ "type": "Feature", "properties": { "latitude": 40.87829, "longitude": -73.87006, "collision_count": 100 }, "geometry": { "type": "Point", "coordinates": [ -73.87006, 40.87829 ] } },
{ "type": "Feature", "properties": { "latitude": 40.71958, "longitude": -73.83978, "collision_count": 100 }, "geometry": { "type": "Point", "coordinates": [ -73.83978, 40.71958 ] } },
{ "type": "Feature", "properties": { "latitude": 40.720939, "longitude": -73.993795, "collision_count": 100 }, "geometry": { "type": "Point", "coordinates": [ -73.993795, 40.720939 ] } },
{ "type": "Feature", "properties": { "latitude": 40.784943, "longitude": -73.946594, "collision_count": 100 }, "geometry": { "type": "Point", "coordinates": [ -73.946594, 40.784943 ] } },
{ "type": "Feature", "properties": { "latitude": 40.607685, "longitude": -74.13892, "collision_count": 100 }, "geometry": { "type": "Point", "coordinates": [ -74.13892, 40.607685 ] } },
{ "type": "Feature", "properties": { "latitude": 40.764736, "longitude": -73.988033, "collision_count": 100 }, "geometry": { "type": "Point", "coordinates": [ -73.988033, 40.764736 ] } },
{ "type": "Feature", "properties": { "latitude": 40.834507, "longitude": -73.91772, "collision_count": 100 }, "geometry": { "type": "Point", "coordinates": [ -73.91772, 40.834507 ] } },
{ "type": "Feature", "properties": { "latitude": 40.866047, "longitude": -73.87207, "collision_count": 100 }, "geometry": { "type": "Point", "coordinates": [ -73.87207, 40.866047 ] } },
{ "type": "Feature", "properties": { "latitude": 40.755871, "longitude": -73.972821, "collision_count": 100 }, "geometry": { "type": "Point", "coordinates": [ -73.972821, 40.755871 ] } },
{ "type": "Feature", "properties": { "latitude": 40.824654, "longitude": -73.89194, "collision_count": 100 }, "geometry": { "type": "Point", "coordinates": [ -73.89194, 40.824654 ] } },
{ "type": "Feature", "properties": { "latitude": 40.762287, "longitude": -73.970259, "collision_count": 100 }, "geometry": { "type": "Point", "coordinates": [ -73.970259, 40.762287 ] } },
{ "type": "Feature", "properties": { "latitude": 40.803025, "longitude": -73.936309, "collision_count": 99 }, "geometry": { "type": "Point", "coordinates": [ -73.936309, 40.803025 ] } },
{ "type": "Feature", "properties": { "latitude": 40.7339, "longitude": -73.9542, "collision_count": 99 }, "geometry": { "type": "Point", "coordinates": [ -73.9542, 40.7339 ] } },
{ "type": "Feature", "properties": { "latitude": 40.698324, "longitude": -73.962253, "collision_count": 99 }, "geometry": { "type": "Point", "coordinates": [ -73.962253, 40.698324 ] } },
{ "type": "Feature", "properties": { "latitude": 40.70052, "longitude": -74.01551, "collision_count": 99 }, "geometry": { "type": "Point", "coordinates": [ -74.01551, 40.70052 ] } },
{ "type": "Feature", "properties": { "latitude": 40.691, "longitude": -73.989334, "collision_count": 99 }, "geometry": { "type": "Point", "coordinates": [ -73.989334, 40.691 ] } },
{ "type": "Feature", "properties": { "latitude": 40.823914, "longitude": -73.87644, "collision_count": 99 }, "geometry": { "type": "Point", "coordinates": [ -73.87644, 40.823914 ] } },
{ "type": "Feature", "properties": { "latitude": 40.7422, "longitude": -73.840965, "collision_count": 99 }, "geometry": { "type": "Point", "coordinates": [ -73.840965, 40.7422 ] } },
{ "type": "Feature", "properties": { "latitude": 40.654313, "longitude": -73.917577, "collision_count": 99 }, "geometry": { "type": "Point", "coordinates": [ -73.917577, 40.654313 ] } },
{ "type": "Feature", "properties": { "latitude": 40.693787, "longitude": -73.81173, "collision_count": 99 }, "geometry": { "type": "Point", "coordinates": [ -73.81173, 40.693787 ] } },
{ "type": "Feature", "properties": { "latitude": 40.798622, "longitude": -73.94163, "collision_count": 99 }, "geometry": { "type": "Point", "coordinates": [ -73.94163, 40.798622 ] } },
{ "type": "Feature", "properties": { "latitude": 40.655312, "longitude": -73.903178, "collision_count": 99 }, "geometry": { "type": "Point", "coordinates": [ -73.903178, 40.655312 ] } },
{ "type": "Feature", "properties": { "latitude": 40.794052, "longitude": -73.970367, "collision_count": 99 }, "geometry": { "type": "Point", "coordinates": [ -73.970367, 40.794052 ] } },
{ "type": "Feature", "properties": { "latitude": 40.834198, "longitude": -73.85169, "collision_count": 99 }, "geometry": { "type": "Point", "coordinates": [ -73.85169, 40.834198 ] } },
{ "type": "Feature", "properties": { "latitude": 40.690468, "longitude": -73.9879, "collision_count": 99 }, "geometry": { "type": "Point", "coordinates": [ -73.9879, 40.690468 ] } },
{ "type": "Feature", "properties": { "latitude": 40.821068, "longitude": -73.89894, "collision_count": 99 }, "geometry": { "type": "Point", "coordinates": [ -73.89894, 40.821068 ] } },
{ "type": "Feature", "properties": { "latitude": 40.847897, "longitude": -73.94523, "collision_count": 99 }, "geometry": { "type": "Point", "coordinates": [ -73.94523, 40.847897 ] } },
{ "type": "Feature", "properties": { "latitude": 40.558887, "longitude": -74.1977, "collision_count": 99 }, "geometry": { "type": "Point", "coordinates": [ -74.1977, 40.558887 ] } },
{ "type": "Feature", "properties": { "latitude": 40.762825, "longitude": -73.93398, "collision_count": 99 }, "geometry": { "type": "Point", "coordinates": [ -73.93398, 40.762825 ] } },
{ "type": "Feature", "properties": { "latitude": 40.692129, "longitude": -73.834833, "collision_count": 99 }, "geometry": { "type": "Point", "coordinates": [ -73.834833, 40.692129 ] } },
{ "type": "Feature", "properties": { "latitude": 40.74091, "longitude": -73.726654, "collision_count": 99 }, "geometry": { "type": "Point", "coordinates": [ -73.726654, 40.74091 ] } },
{ "type": "Feature", "properties": { "latitude": 40.70113, "longitude": -73.96087, "collision_count": 99 }, "geometry": { "type": "Point", "coordinates": [ -73.96087, 40.70113 ] } },
{ "type": "Feature", "properties": { "latitude": 40.58525, "longitude": -73.98728, "collision_count": 99 }, "geometry": { "type": "Point", "coordinates": [ -73.98728, 40.58525 ] } },
{ "type": "Feature", "properties": { "latitude": 40.754252, "longitude": -73.827825, "collision_count": 99 }, "geometry": { "type": "Point", "coordinates": [ -73.827825, 40.754252 ] } },
{ "type": "Feature", "properties": { "latitude": 40.797946, "longitude": -73.940023, "collision_count": 99 }, "geometry": { "type": "Point", "coordinates": [ -73.940023, 40.797946 ] } },
{ "type": "Feature", "properties": { "latitude": 40.74478, "longitude": -73.93262, "collision_count": 99 }, "geometry": { "type": "Point", "coordinates": [ -73.93262, 40.74478 ] } },
{ "type": "Feature", "properties": { "latitude": 40.741394, "longitude": -73.82303, "collision_count": 99 }, "geometry": { "type": "Point", "coordinates": [ -73.82303, 40.741394 ] } },
{ "type": "Feature", "properties": { "latitude": 40.763115, "longitude": -73.99965, "collision_count": 99 }, "geometry": { "type": "Point", "coordinates": [ -73.99965, 40.763115 ] } },
{ "type": "Feature", "properties": { "latitude": 40.768033, "longitude": -73.995848, "collision_count": 99 }, "geometry": { "type": "Point", "coordinates": [ -73.995848, 40.768033 ] } },
{ "type": "Feature", "properties": { "latitude": 40.72416, "longitude": -73.754974, "collision_count": 99 }, "geometry": { "type": "Point", "coordinates": [ -73.754974, 40.72416 ] } },
{ "type": "Feature", "properties": { "latitude": 40.665256, "longitude": -73.735334, "collision_count": 99 }, "geometry": { "type": "Point", "coordinates": [ -73.735334, 40.665256 ] } },
{ "type": "Feature", "properties": { "latitude": 40.78515, "longitude": -73.94063, "collision_count": 99 }, "geometry": { "type": "Point", "coordinates": [ -73.94063, 40.78515 ] } },
{ "type": "Feature", "properties": { "latitude": 40.583485, "longitude": -73.9601, "collision_count": 99 }, "geometry": { "type": "Point", "coordinates": [ -73.9601, 40.583485 ] } },
{ "type": "Feature", "properties": { "latitude": 40.697317, "longitude": -73.93227, "collision_count": 98 }, "geometry": { "type": "Point", "coordinates": [ -73.93227, 40.697317 ] } },
{ "type": "Feature", "properties": { "latitude": 40.771477, "longitude": -73.91824, "collision_count": 98 }, "geometry": { "type": "Point", "coordinates": [ -73.91824, 40.771477 ] } },
{ "type": "Feature", "properties": { "latitude": 40.576304, "longitude": -73.968531, "collision_count": 98 }, "geometry": { "type": "Point", "coordinates": [ -73.968531, 40.576304 ] } },
{ "type": "Feature", "properties": { "latitude": 40.878742, "longitude": -73.87255, "collision_count": 98 }, "geometry": { "type": "Point", "coordinates": [ -73.87255, 40.878742 ] } },
{ "type": "Feature", "properties": { "latitude": 40.757935, "longitude": -73.98557, "collision_count": 98 }, "geometry": { "type": "Point", "coordinates": [ -73.98557, 40.757935 ] } },
{ "type": "Feature", "properties": { "latitude": 40.717278, "longitude": -73.99544, "collision_count": 98 }, "geometry": { "type": "Point", "coordinates": [ -73.99544, 40.717278 ] } },
{ "type": "Feature", "properties": { "latitude": 40.878853, "longitude": -73.87349, "collision_count": 98 }, "geometry": { "type": "Point", "coordinates": [ -73.87349, 40.878853 ] } },
{ "type": "Feature", "properties": { "latitude": 40.85535, "longitude": -73.91836, "collision_count": 98 }, "geometry": { "type": "Point", "coordinates": [ -73.91836, 40.85535 ] } },
{ "type": "Feature", "properties": { "latitude": 40.704422, "longitude": -73.792854, "collision_count": 98 }, "geometry": { "type": "Point", "coordinates": [ -73.792854, 40.704422 ] } },
{ "type": "Feature", "properties": { "latitude": 40.687344, "longitude": -73.97985, "collision_count": 98 }, "geometry": { "type": "Point", "coordinates": [ -73.97985, 40.687344 ] } },
{ "type": "Feature", "properties": { "latitude": 40.662524, "longitude": -73.840702, "collision_count": 98 }, "geometry": { "type": "Point", "coordinates": [ -73.840702, 40.662524 ] } },
{ "type": "Feature", "properties": { "latitude": 40.764988, "longitude": -73.96115, "collision_count": 98 }, "geometry": { "type": "Point", "coordinates": [ -73.96115, 40.764988 ] } },
{ "type": "Feature", "properties": { "latitude": 40.80641, "longitude": -73.94227, "collision_count": 98 }, "geometry": { "type": "Point", "coordinates": [ -73.94227, 40.80641 ] } },
{ "type": "Feature", "properties": { "latitude": 40.74649, "longitude": -74.001335, "collision_count": 98 }, "geometry": { "type": "Point", "coordinates": [ -74.001335, 40.74649 ] } },
{ "type": "Feature", "properties": { "latitude": 40.60957, "longitude": -73.81905, "collision_count": 98 }, "geometry": { "type": "Point", "coordinates": [ -73.81905, 40.60957 ] } },
{ "type": "Feature", "properties": { "latitude": 40.6427, "longitude": -73.87661, "collision_count": 98 }, "geometry": { "type": "Point", "coordinates": [ -73.87661, 40.6427 ] } },
{ "type": "Feature", "properties": { "latitude": 40.771307, "longitude": -73.876631, "collision_count": 98 }, "geometry": { "type": "Point", "coordinates": [ -73.876631, 40.771307 ] } },
{ "type": "Feature", "properties": { "latitude": 40.591755, "longitude": -73.9083, "collision_count": 98 }, "geometry": { "type": "Point", "coordinates": [ -73.9083, 40.591755 ] } },
{ "type": "Feature", "properties": { "latitude": 40.701103, "longitude": -73.92239, "collision_count": 98 }, "geometry": { "type": "Point", "coordinates": [ -73.92239, 40.701103 ] } },
{ "type": "Feature", "properties": { "latitude": 40.690311, "longitude": -73.998801, "collision_count": 98 }, "geometry": { "type": "Point", "coordinates": [ -73.998801, 40.690311 ] } },
{ "type": "Feature", "properties": { "latitude": 40.815697, "longitude": -73.91678, "collision_count": 98 }, "geometry": { "type": "Point", "coordinates": [ -73.91678, 40.815697 ] } },
{ "type": "Feature", "properties": { "latitude": 40.765546, "longitude": -73.954702, "collision_count": 98 }, "geometry": { "type": "Point", "coordinates": [ -73.954702, 40.765546 ] } },
{ "type": "Feature", "properties": { "latitude": 40.862778, "longitude": -73.906166, "collision_count": 98 }, "geometry": { "type": "Point", "coordinates": [ -73.906166, 40.862778 ] } },
{ "type": "Feature", "properties": { "latitude": 40.76435, "longitude": -73.825943, "collision_count": 98 }, "geometry": { "type": "Point", "coordinates": [ -73.825943, 40.76435 ] } },
{ "type": "Feature", "properties": { "latitude": 40.867476, "longitude": -73.897402, "collision_count": 98 }, "geometry": { "type": "Point", "coordinates": [ -73.897402, 40.867476 ] } },
{ "type": "Feature", "properties": { "latitude": 40.712616, "longitude": -73.96951, "collision_count": 98 }, "geometry": { "type": "Point", "coordinates": [ -73.96951, 40.712616 ] } },
{ "type": "Feature", "properties": { "latitude": 40.63932, "longitude": -74.02356, "collision_count": 98 }, "geometry": { "type": "Point", "coordinates": [ -74.02356, 40.63932 ] } },
{ "type": "Feature", "properties": { "latitude": 40.752377, "longitude": -73.97035, "collision_count": 98 }, "geometry": { "type": "Point", "coordinates": [ -73.97035, 40.752377 ] } },
{ "type": "Feature", "properties": { "latitude": 40.71614, "longitude": -73.83357, "collision_count": 98 }, "geometry": { "type": "Point", "coordinates": [ -73.83357, 40.71614 ] } },
{ "type": "Feature", "properties": { "latitude": 40.853815, "longitude": -73.907331, "collision_count": 98 }, "geometry": { "type": "Point", "coordinates": [ -73.907331, 40.853815 ] } },
{ "type": "Feature", "properties": { "latitude": 40.760616, "longitude": -73.83879, "collision_count": 98 }, "geometry": { "type": "Point", "coordinates": [ -73.83879, 40.760616 ] } },
{ "type": "Feature", "properties": { "latitude": 40.829163, "longitude": -73.937267, "collision_count": 98 }, "geometry": { "type": "Point", "coordinates": [ -73.937267, 40.829163 ] } },
{ "type": "Feature", "properties": { "latitude": 40.840225, "longitude": -73.91769, "collision_count": 98 }, "geometry": { "type": "Point", "coordinates": [ -73.91769, 40.840225 ] } },
{ "type": "Feature", "properties": { "latitude": 40.750905, "longitude": -73.980673, "collision_count": 98 }, "geometry": { "type": "Point", "coordinates": [ -73.980673, 40.750905 ] } },
{ "type": "Feature", "properties": { "latitude": 40.726344, "longitude": -73.765072, "collision_count": 98 }, "geometry": { "type": "Point", "coordinates": [ -73.765072, 40.726344 ] } },
{ "type": "Feature", "properties": { "latitude": 40.633995, "longitude": -73.94778, "collision_count": 98 }, "geometry": { "type": "Point", "coordinates": [ -73.94778, 40.633995 ] } },
{ "type": "Feature", "properties": { "latitude": 40.84247, "longitude": -73.85335, "collision_count": 98 }, "geometry": { "type": "Point", "coordinates": [ -73.85335, 40.84247 ] } },
{ "type": "Feature", "properties": { "latitude": 40.71755, "longitude": -73.99932, "collision_count": 98 }, "geometry": { "type": "Point", "coordinates": [ -73.99932, 40.71755 ] } },
{ "type": "Feature", "properties": { "latitude": 40.754251, "longitude": -73.968977, "collision_count": 98 }, "geometry": { "type": "Point", "coordinates": [ -73.968977, 40.754251 ] } },
{ "type": "Feature", "properties": { "latitude": 40.695995, "longitude": -73.96742, "collision_count": 98 }, "geometry": { "type": "Point", "coordinates": [ -73.96742, 40.695995 ] } },
{ "type": "Feature", "properties": { "latitude": 40.755756, "longitude": -73.96479, "collision_count": 97 }, "geometry": { "type": "Point", "coordinates": [ -73.96479, 40.755756 ] } },
{ "type": "Feature", "properties": { "latitude": 40.741645, "longitude": -74.004861, "collision_count": 97 }, "geometry": { "type": "Point", "coordinates": [ -74.004861, 40.741645 ] } },
{ "type": "Feature", "properties": { "latitude": 40.632294, "longitude": -73.96678, "collision_count": 97 }, "geometry": { "type": "Point", "coordinates": [ -73.96678, 40.632294 ] } },
{ "type": "Feature", "properties": { "latitude": 40.755807, "longitude": -73.986403, "collision_count": 97 }, "geometry": { "type": "Point", "coordinates": [ -73.986403, 40.755807 ] } },
{ "type": "Feature", "properties": { "latitude": 40.739512, "longitude": -73.984743, "collision_count": 97 }, "geometry": { "type": "Point", "coordinates": [ -73.984743, 40.739512 ] } },
{ "type": "Feature", "properties": { "latitude": 40.675236, "longitude": -73.97106, "collision_count": 97 }, "geometry": { "type": "Point", "coordinates": [ -73.97106, 40.675236 ] } },
{ "type": "Feature", "properties": { "latitude": 40.86157, "longitude": -73.913185, "collision_count": 97 }, "geometry": { "type": "Point", "coordinates": [ -73.913185, 40.86157 ] } },
{ "type": "Feature", "properties": { "latitude": 40.862444, "longitude": -73.897142, "collision_count": 97 }, "geometry": { "type": "Point", "coordinates": [ -73.897142, 40.862444 ] } },
{ "type": "Feature", "properties": { "latitude": 40.63665, "longitude": -73.96805, "collision_count": 97 }, "geometry": { "type": "Point", "coordinates": [ -73.96805, 40.63665 ] } },
{ "type": "Feature", "properties": { "latitude": 40.712001, "longitude": -73.825456, "collision_count": 97 }, "geometry": { "type": "Point", "coordinates": [ -73.825456, 40.712001 ] } },
{ "type": "Feature", "properties": { "latitude": 40.667835, "longitude": -73.89484, "collision_count": 97 }, "geometry": { "type": "Point", "coordinates": [ -73.89484, 40.667835 ] } },
{ "type": "Feature", "properties": { "latitude": 40.735497, "longitude": -73.869705, "collision_count": 97 }, "geometry": { "type": "Point", "coordinates": [ -73.869705, 40.735497 ] } },
{ "type": "Feature", "properties": { "latitude": 40.757184, "longitude": -73.833957, "collision_count": 97 }, "geometry": { "type": "Point", "coordinates": [ -73.833957, 40.757184 ] } },
{ "type": "Feature", "properties": { "latitude": 40.583057, "longitude": -73.973114, "collision_count": 97 }, "geometry": { "type": "Point", "coordinates": [ -73.973114, 40.583057 ] } },
{ "type": "Feature", "properties": { "latitude": 40.83045, "longitude": -73.8509, "collision_count": 97 }, "geometry": { "type": "Point", "coordinates": [ -73.8509, 40.83045 ] } },
{ "type": "Feature", "properties": { "latitude": 40.754661, "longitude": -73.833104, "collision_count": 97 }, "geometry": { "type": "Point", "coordinates": [ -73.833104, 40.754661 ] } },
{ "type": "Feature", "properties": { "latitude": 40.769318, "longitude": -73.8666, "collision_count": 97 }, "geometry": { "type": "Point", "coordinates": [ -73.8666, 40.769318 ] } },
{ "type": "Feature", "properties": { "latitude": 40.838196, "longitude": -73.901184, "collision_count": 97 }, "geometry": { "type": "Point", "coordinates": [ -73.901184, 40.838196 ] } },
{ "type": "Feature", "properties": { "latitude": 40.771576, "longitude": -73.87616, "collision_count": 97 }, "geometry": { "type": "Point", "coordinates": [ -73.87616, 40.771576 ] } },
{ "type": "Feature", "properties": { "latitude": 40.763588, "longitude": -73.97142, "collision_count": 97 }, "geometry": { "type": "Point", "coordinates": [ -73.97142, 40.763588 ] } },
{ "type": "Feature", "properties": { "latitude": 40.80321, "longitude": -73.91892, "collision_count": 97 }, "geometry": { "type": "Point", "coordinates": [ -73.91892, 40.80321 ] } },
{ "type": "Feature", "properties": { "latitude": 40.66937, "longitude": -73.89523, "collision_count": 97 }, "geometry": { "type": "Point", "coordinates": [ -73.89523, 40.66937 ] } },
{ "type": "Feature", "properties": { "latitude": 40.743477, "longitude": -73.73286, "collision_count": 97 }, "geometry": { "type": "Point", "coordinates": [ -73.73286, 40.743477 ] } },
{ "type": "Feature", "properties": { "latitude": 40.59657, "longitude": -73.90794, "collision_count": 97 }, "geometry": { "type": "Point", "coordinates": [ -73.90794, 40.59657 ] } },
{ "type": "Feature", "properties": { "latitude": 40.895466, "longitude": -73.87713, "collision_count": 97 }, "geometry": { "type": "Point", "coordinates": [ -73.87713, 40.895466 ] } },
{ "type": "Feature", "properties": { "latitude": 40.85819, "longitude": -73.88435, "collision_count": 97 }, "geometry": { "type": "Point", "coordinates": [ -73.88435, 40.85819 ] } },
{ "type": "Feature", "properties": { "latitude": 40.732891, "longitude": -73.920574, "collision_count": 97 }, "geometry": { "type": "Point", "coordinates": [ -73.920574, 40.732891 ] } },
{ "type": "Feature", "properties": { "latitude": 40.605673, "longitude": -74.030936, "collision_count": 97 }, "geometry": { "type": "Point", "coordinates": [ -74.030936, 40.605673 ] } },
{ "type": "Feature", "properties": { "latitude": 40.74689, "longitude": -73.834697, "collision_count": 97 }, "geometry": { "type": "Point", "coordinates": [ -73.834697, 40.74689 ] } },
{ "type": "Feature", "properties": { "latitude": 40.663284, "longitude": -73.96096, "collision_count": 97 }, "geometry": { "type": "Point", "coordinates": [ -73.96096, 40.663284 ] } },
{ "type": "Feature", "properties": { "latitude": 40.663556, "longitude": -73.931609, "collision_count": 97 }, "geometry": { "type": "Point", "coordinates": [ -73.931609, 40.663556 ] } },
{ "type": "Feature", "properties": { "latitude": 40.740454, "longitude": -73.844363, "collision_count": 97 }, "geometry": { "type": "Point", "coordinates": [ -73.844363, 40.740454 ] } },
{ "type": "Feature", "properties": { "latitude": 40.719935, "longitude": -73.978752, "collision_count": 97 }, "geometry": { "type": "Point", "coordinates": [ -73.978752, 40.719935 ] } },
{ "type": "Feature", "properties": { "latitude": 40.635258, "longitude": -73.92745, "collision_count": 97 }, "geometry": { "type": "Point", "coordinates": [ -73.92745, 40.635258 ] } },
{ "type": "Feature", "properties": { "latitude": 40.760403, "longitude": -73.98748, "collision_count": 97 }, "geometry": { "type": "Point", "coordinates": [ -73.98748, 40.760403 ] } },
{ "type": "Feature", "properties": { "latitude": 40.70975, "longitude": -73.820567, "collision_count": 97 }, "geometry": { "type": "Point", "coordinates": [ -73.820567, 40.70975 ] } },
{ "type": "Feature", "properties": { "latitude": 40.609152, "longitude": -74.149867, "collision_count": 97 }, "geometry": { "type": "Point", "coordinates": [ -74.149867, 40.609152 ] } },
{ "type": "Feature", "properties": { "latitude": 40.68231, "longitude": -73.84495, "collision_count": 96 }, "geometry": { "type": "Point", "coordinates": [ -73.84495, 40.68231 ] } },
{ "type": "Feature", "properties": { "latitude": 40.608309, "longitude": -74.131306, "collision_count": 96 }, "geometry": { "type": "Point", "coordinates": [ -74.131306, 40.608309 ] } },
{ "type": "Feature", "properties": { "latitude": 40.741028, "longitude": -73.934308, "collision_count": 96 }, "geometry": { "type": "Point", "coordinates": [ -73.934308, 40.741028 ] } },
{ "type": "Feature", "properties": { "latitude": 40.752693, "longitude": -73.973046, "collision_count": 96 }, "geometry": { "type": "Point", "coordinates": [ -73.973046, 40.752693 ] } },
{ "type": "Feature", "properties": { "latitude": 40.754057, "longitude": -73.995817, "collision_count": 96 }, "geometry": { "type": "Point", "coordinates": [ -73.995817, 40.754057 ] } },
{ "type": "Feature", "properties": { "latitude": 40.678387, "longitude": -74.00247, "collision_count": 96 }, "geometry": { "type": "Point", "coordinates": [ -74.00247, 40.678387 ] } },
{ "type": "Feature", "properties": { "latitude": 40.82193, "longitude": -73.88844, "collision_count": 96 }, "geometry": { "type": "Point", "coordinates": [ -73.88844, 40.82193 ] } },
{ "type": "Feature", "properties": { "latitude": 40.746004, "longitude": -73.994262, "collision_count": 96 }, "geometry": { "type": "Point", "coordinates": [ -73.994262, 40.746004 ] } },
{ "type": "Feature", "properties": { "latitude": 40.62685, "longitude": -73.97643, "collision_count": 96 }, "geometry": { "type": "Point", "coordinates": [ -73.97643, 40.62685 ] } },
{ "type": "Feature", "properties": { "latitude": 40.755337, "longitude": -73.843245, "collision_count": 96 }, "geometry": { "type": "Point", "coordinates": [ -73.843245, 40.755337 ] } },
{ "type": "Feature", "properties": { "latitude": 40.87892, "longitude": -73.90479, "collision_count": 96 }, "geometry": { "type": "Point", "coordinates": [ -73.90479, 40.87892 ] } },
{ "type": "Feature", "properties": { "latitude": 40.736035, "longitude": -73.997806, "collision_count": 96 }, "geometry": { "type": "Point", "coordinates": [ -73.997806, 40.736035 ] } },
{ "type": "Feature", "properties": { "latitude": 40.75927, "longitude": -73.980896, "collision_count": 96 }, "geometry": { "type": "Point", "coordinates": [ -73.980896, 40.75927 ] } },
{ "type": "Feature", "properties": { "latitude": 40.696198, "longitude": -73.98877, "collision_count": 96 }, "geometry": { "type": "Point", "coordinates": [ -73.98877, 40.696198 ] } },
{ "type": "Feature", "properties": { "latitude": 40.748245, "longitude": -73.976295, "collision_count": 96 }, "geometry": { "type": "Point", "coordinates": [ -73.976295, 40.748245 ] } },
{ "type": "Feature", "properties": { "latitude": 40.64213, "longitude": -73.92936, "collision_count": 96 }, "geometry": { "type": "Point", "coordinates": [ -73.92936, 40.64213 ] } },
{ "type": "Feature", "properties": { "latitude": 40.684753, "longitude": -73.860765, "collision_count": 96 }, "geometry": { "type": "Point", "coordinates": [ -73.860765, 40.684753 ] } },
{ "type": "Feature", "properties": { "latitude": 40.85713, "longitude": -73.8808, "collision_count": 96 }, "geometry": { "type": "Point", "coordinates": [ -73.8808, 40.85713 ] } },
{ "type": "Feature", "properties": { "latitude": 40.674936, "longitude": -73.801844, "collision_count": 96 }, "geometry": { "type": "Point", "coordinates": [ -73.801844, 40.674936 ] } },
{ "type": "Feature", "properties": { "latitude": 40.703293, "longitude": -73.796092, "collision_count": 96 }, "geometry": { "type": "Point", "coordinates": [ -73.796092, 40.703293 ] } },
{ "type": "Feature", "properties": { "latitude": 40.601734, "longitude": -73.935036, "collision_count": 96 }, "geometry": { "type": "Point", "coordinates": [ -73.935036, 40.601734 ] } },
{ "type": "Feature", "properties": { "latitude": 40.68708, "longitude": -73.913895, "collision_count": 96 }, "geometry": { "type": "Point", "coordinates": [ -73.913895, 40.68708 ] } },
{ "type": "Feature", "properties": { "latitude": 40.684857, "longitude": -73.978042, "collision_count": 96 }, "geometry": { "type": "Point", "coordinates": [ -73.978042, 40.684857 ] } },
{ "type": "Feature", "properties": { "latitude": 40.61847, "longitude": -74.021225, "collision_count": 96 }, "geometry": { "type": "Point", "coordinates": [ -74.021225, 40.61847 ] } },
{ "type": "Feature", "properties": { "latitude": 40.71512, "longitude": -73.77358, "collision_count": 96 }, "geometry": { "type": "Point", "coordinates": [ -73.77358, 40.71512 ] } },
{ "type": "Feature", "properties": { "latitude": 40.722355, "longitude": -73.993261, "collision_count": 96 }, "geometry": { "type": "Point", "coordinates": [ -73.993261, 40.722355 ] } },
{ "type": "Feature", "properties": { "latitude": 40.903481, "longitude": -73.850341, "collision_count": 96 }, "geometry": { "type": "Point", "coordinates": [ -73.850341, 40.903481 ] } },
{ "type": "Feature", "properties": { "latitude": 40.764436, "longitude": -73.722679, "collision_count": 96 }, "geometry": { "type": "Point", "coordinates": [ -73.722679, 40.764436 ] } },
{ "type": "Feature", "properties": { "latitude": 40.71001, "longitude": -73.79474, "collision_count": 96 }, "geometry": { "type": "Point", "coordinates": [ -73.79474, 40.71001 ] } },
{ "type": "Feature", "properties": { "latitude": 40.748302, "longitude": -73.978338, "collision_count": 96 }, "geometry": { "type": "Point", "coordinates": [ -73.978338, 40.748302 ] } },
{ "type": "Feature", "properties": { "latitude": 40.735633, "longitude": -73.876016, "collision_count": 96 }, "geometry": { "type": "Point", "coordinates": [ -73.876016, 40.735633 ] } },
{ "type": "Feature", "properties": { "latitude": 40.8115, "longitude": -73.93481, "collision_count": 96 }, "geometry": { "type": "Point", "coordinates": [ -73.93481, 40.8115 ] } },
{ "type": "Feature", "properties": { "latitude": 40.621216, "longitude": -73.93539, "collision_count": 96 }, "geometry": { "type": "Point", "coordinates": [ -73.93539, 40.621216 ] } },
{ "type": "Feature", "properties": { "latitude": 40.753928, "longitude": -73.997603, "collision_count": 96 }, "geometry": { "type": "Point", "coordinates": [ -73.997603, 40.753928 ] } },
{ "type": "Feature", "properties": { "latitude": 40.699848, "longitude": -73.991031, "collision_count": 96 }, "geometry": { "type": "Point", "coordinates": [ -73.991031, 40.699848 ] } },
{ "type": "Feature", "properties": { "latitude": 40.82842, "longitude": -73.86068, "collision_count": 96 }, "geometry": { "type": "Point", "coordinates": [ -73.86068, 40.82842 ] } },
{ "type": "Feature", "properties": { "latitude": 40.72227, "longitude": -73.9411, "collision_count": 96 }, "geometry": { "type": "Point", "coordinates": [ -73.9411, 40.72227 ] } },
{ "type": "Feature", "properties": { "latitude": 40.742065, "longitude": -73.824521, "collision_count": 96 }, "geometry": { "type": "Point", "coordinates": [ -73.824521, 40.742065 ] } },
{ "type": "Feature", "properties": { "latitude": 40.690308, "longitude": -73.99881, "collision_count": 96 }, "geometry": { "type": "Point", "coordinates": [ -73.99881, 40.690308 ] } },
{ "type": "Feature", "properties": { "latitude": 40.726437, "longitude": -74.005657, "collision_count": 96 }, "geometry": { "type": "Point", "coordinates": [ -74.005657, 40.726437 ] } },
{ "type": "Feature", "properties": { "latitude": 40.741642, "longitude": -74.00487, "collision_count": 96 }, "geometry": { "type": "Point", "coordinates": [ -74.00487, 40.741642 ] } },
{ "type": "Feature", "properties": { "latitude": 40.869495, "longitude": -73.82619, "collision_count": 96 }, "geometry": { "type": "Point", "coordinates": [ -73.82619, 40.869495 ] } },
{ "type": "Feature", "properties": { "latitude": 40.637455, "longitude": -73.92886, "collision_count": 96 }, "geometry": { "type": "Point", "coordinates": [ -73.92886, 40.637455 ] } },
{ "type": "Feature", "properties": { "latitude": 40.61146, "longitude": -73.92437, "collision_count": 96 }, "geometry": { "type": "Point", "coordinates": [ -73.92437, 40.61146 ] } },
{ "type": "Feature", "properties": { "latitude": 40.690993, "longitude": -73.989308, "collision_count": 96 }, "geometry": { "type": "Point", "coordinates": [ -73.989308, 40.690993 ] } },
{ "type": "Feature", "properties": { "latitude": 40.671085, "longitude": -73.736275, "collision_count": 96 }, "geometry": { "type": "Point", "coordinates": [ -73.736275, 40.671085 ] } },
{ "type": "Feature", "properties": { "latitude": 40.583725, "longitude": -73.89372, "collision_count": 96 }, "geometry": { "type": "Point", "coordinates": [ -73.89372, 40.583725 ] } },
{ "type": "Feature", "properties": { "latitude": 40.87262, "longitude": -73.904676, "collision_count": 95 }, "geometry": { "type": "Point", "coordinates": [ -73.904676, 40.87262 ] } },
{ "type": "Feature", "properties": { "latitude": 40.814934, "longitude": -73.91496, "collision_count": 95 }, "geometry": { "type": "Point", "coordinates": [ -73.91496, 40.814934 ] } },
{ "type": "Feature", "properties": { "latitude": 40.74121, "longitude": -73.84277, "collision_count": 95 }, "geometry": { "type": "Point", "coordinates": [ -73.84277, 40.74121 ] } },
{ "type": "Feature", "properties": { "latitude": 40.739966, "longitude": -73.894232, "collision_count": 95 }, "geometry": { "type": "Point", "coordinates": [ -73.894232, 40.739966 ] } },
{ "type": "Feature", "properties": { "latitude": 40.894315, "longitude": -73.860261, "collision_count": 95 }, "geometry": { "type": "Point", "coordinates": [ -73.860261, 40.894315 ] } },
{ "type": "Feature", "properties": { "latitude": 40.593163, "longitude": -73.9086, "collision_count": 95 }, "geometry": { "type": "Point", "coordinates": [ -73.9086, 40.593163 ] } },
{ "type": "Feature", "properties": { "latitude": 40.62149, "longitude": -74.02622, "collision_count": 95 }, "geometry": { "type": "Point", "coordinates": [ -74.02622, 40.62149 ] } },
{ "type": "Feature", "properties": { "latitude": 40.566494, "longitude": -74.11377, "collision_count": 95 }, "geometry": { "type": "Point", "coordinates": [ -74.11377, 40.566494 ] } },
{ "type": "Feature", "properties": { "latitude": 40.88473, "longitude": -73.81571, "collision_count": 95 }, "geometry": { "type": "Point", "coordinates": [ -73.81571, 40.88473 ] } },
{ "type": "Feature", "properties": { "latitude": 40.613078, "longitude": -74.122557, "collision_count": 95 }, "geometry": { "type": "Point", "coordinates": [ -74.122557, 40.613078 ] } },
{ "type": "Feature", "properties": { "latitude": 40.794735, "longitude": -73.96988, "collision_count": 95 }, "geometry": { "type": "Point", "coordinates": [ -73.96988, 40.794735 ] } },
{ "type": "Feature", "properties": { "latitude": 40.57925, "longitude": -74.07781, "collision_count": 95 }, "geometry": { "type": "Point", "coordinates": [ -74.07781, 40.57925 ] } },
{ "type": "Feature", "properties": { "latitude": 40.701527, "longitude": -73.98957, "collision_count": 95 }, "geometry": { "type": "Point", "coordinates": [ -73.98957, 40.701527 ] } },
{ "type": "Feature", "properties": { "latitude": 40.67538, "longitude": -73.9082, "collision_count": 95 }, "geometry": { "type": "Point", "coordinates": [ -73.9082, 40.67538 ] } },
{ "type": "Feature", "properties": { "latitude": 40.64606, "longitude": -74.01648, "collision_count": 95 }, "geometry": { "type": "Point", "coordinates": [ -74.01648, 40.64606 ] } },
{ "type": "Feature", "properties": { "latitude": 40.730442, "longitude": -73.91367, "collision_count": 95 }, "geometry": { "type": "Point", "coordinates": [ -73.91367, 40.730442 ] } },
{ "type": "Feature", "properties": { "latitude": 40.717015, "longitude": -73.8297, "collision_count": 95 }, "geometry": { "type": "Point", "coordinates": [ -73.8297, 40.717015 ] } },
{ "type": "Feature", "properties": { "latitude": 40.778607, "longitude": -73.981622, "collision_count": 95 }, "geometry": { "type": "Point", "coordinates": [ -73.981622, 40.778607 ] } },
{ "type": "Feature", "properties": { "latitude": 40.764113, "longitude": -73.988495, "collision_count": 95 }, "geometry": { "type": "Point", "coordinates": [ -73.988495, 40.764113 ] } },
{ "type": "Feature", "properties": { "latitude": 40.724638, "longitude": -73.948171, "collision_count": 95 }, "geometry": { "type": "Point", "coordinates": [ -73.948171, 40.724638 ] } },
{ "type": "Feature", "properties": { "latitude": 40.747833, "longitude": -73.83301, "collision_count": 95 }, "geometry": { "type": "Point", "coordinates": [ -73.83301, 40.747833 ] } },
{ "type": "Feature", "properties": { "latitude": 40.592817, "longitude": -73.908068, "collision_count": 95 }, "geometry": { "type": "Point", "coordinates": [ -73.908068, 40.592817 ] } },
{ "type": "Feature", "properties": { "latitude": 40.617004, "longitude": -73.96911, "collision_count": 95 }, "geometry": { "type": "Point", "coordinates": [ -73.96911, 40.617004 ] } },
{ "type": "Feature", "properties": { "latitude": 40.823647, "longitude": -73.943844, "collision_count": 95 }, "geometry": { "type": "Point", "coordinates": [ -73.943844, 40.823647 ] } },
{ "type": "Feature", "properties": { "latitude": 40.608776, "longitude": -74.09113, "collision_count": 95 }, "geometry": { "type": "Point", "coordinates": [ -74.09113, 40.608776 ] } },
{ "type": "Feature", "properties": { "latitude": 40.740443, "longitude": -73.994594, "collision_count": 95 }, "geometry": { "type": "Point", "coordinates": [ -73.994594, 40.740443 ] } },
{ "type": "Feature", "properties": { "latitude": 40.861831, "longitude": -73.892852, "collision_count": 95 }, "geometry": { "type": "Point", "coordinates": [ -73.892852, 40.861831 ] } },
{ "type": "Feature", "properties": { "latitude": 40.6022, "longitude": -74.06312, "collision_count": 95 }, "geometry": { "type": "Point", "coordinates": [ -74.06312, 40.6022 ] } },
{ "type": "Feature", "properties": { "latitude": 40.665348, "longitude": -73.72986, "collision_count": 95 }, "geometry": { "type": "Point", "coordinates": [ -73.72986, 40.665348 ] } },
{ "type": "Feature", "properties": { "latitude": 40.747277, "longitude": -73.989617, "collision_count": 95 }, "geometry": { "type": "Point", "coordinates": [ -73.989617, 40.747277 ] } },
{ "type": "Feature", "properties": { "latitude": 40.792362, "longitude": -73.96418, "collision_count": 95 }, "geometry": { "type": "Point", "coordinates": [ -73.96418, 40.792362 ] } },
{ "type": "Feature", "properties": { "latitude": 40.74769, "longitude": -74.00417, "collision_count": 95 }, "geometry": { "type": "Point", "coordinates": [ -74.00417, 40.74769 ] } },
{ "type": "Feature", "properties": { "latitude": 40.83829, "longitude": -73.930016, "collision_count": 95 }, "geometry": { "type": "Point", "coordinates": [ -73.930016, 40.83829 ] } },
{ "type": "Feature", "properties": { "latitude": 40.7879, "longitude": -73.95368, "collision_count": 95 }, "geometry": { "type": "Point", "coordinates": [ -73.95368, 40.7879 ] } },
{ "type": "Feature", "properties": { "latitude": 40.80417, "longitude": -73.966705, "collision_count": 95 }, "geometry": { "type": "Point", "coordinates": [ -73.966705, 40.80417 ] } },
{ "type": "Feature", "properties": { "latitude": 40.760994, "longitude": -73.82443, "collision_count": 95 }, "geometry": { "type": "Point", "coordinates": [ -73.82443, 40.760994 ] } },
{ "type": "Feature", "properties": { "latitude": 40.670358, "longitude": -73.988713, "collision_count": 95 }, "geometry": { "type": "Point", "coordinates": [ -73.988713, 40.670358 ] } },
{ "type": "Feature", "properties": { "latitude": 40.757672, "longitude": -73.994824, "collision_count": 95 }, "geometry": { "type": "Point", "coordinates": [ -73.994824, 40.757672 ] } },
{ "type": "Feature", "properties": { "latitude": 40.713468, "longitude": -73.998582, "collision_count": 95 }, "geometry": { "type": "Point", "coordinates": [ -73.998582, 40.713468 ] } },
{ "type": "Feature", "properties": { "latitude": 40.70022, "longitude": -73.96219, "collision_count": 95 }, "geometry": { "type": "Point", "coordinates": [ -73.96219, 40.70022 ] } },
{ "type": "Feature", "properties": { "latitude": 40.66796, "longitude": -73.87009, "collision_count": 95 }, "geometry": { "type": "Point", "coordinates": [ -73.87009, 40.66796 ] } },
{ "type": "Feature", "properties": { "latitude": 40.724273, "longitude": -73.990818, "collision_count": 95 }, "geometry": { "type": "Point", "coordinates": [ -73.990818, 40.724273 ] } },
{ "type": "Feature", "properties": { "latitude": 40.703293, "longitude": -73.7961, "collision_count": 95 }, "geometry": { "type": "Point", "coordinates": [ -73.7961, 40.703293 ] } },
{ "type": "Feature", "properties": { "latitude": 40.65067, "longitude": -73.95248, "collision_count": 95 }, "geometry": { "type": "Point", "coordinates": [ -73.95248, 40.65067 ] } },
{ "type": "Feature", "properties": { "latitude": 40.758329, "longitude": -73.968936, "collision_count": 95 }, "geometry": { "type": "Point", "coordinates": [ -73.968936, 40.758329 ] } },
{ "type": "Feature", "properties": { "latitude": 40.62051, "longitude": -73.99248, "collision_count": 95 }, "geometry": { "type": "Point", "coordinates": [ -73.99248, 40.62051 ] } },
{ "type": "Feature", "properties": { "latitude": 40.757668, "longitude": -73.99483, "collision_count": 95 }, "geometry": { "type": "Point", "coordinates": [ -73.99483, 40.757668 ] } },
{ "type": "Feature", "properties": { "latitude": 40.773335, "longitude": -73.95506, "collision_count": 95 }, "geometry": { "type": "Point", "coordinates": [ -73.95506, 40.773335 ] } },
{ "type": "Feature", "properties": { "latitude": 40.746002, "longitude": -73.99427, "collision_count": 95 }, "geometry": { "type": "Point", "coordinates": [ -73.99427, 40.746002 ] } },
{ "type": "Feature", "properties": { "latitude": 40.760229, "longitude": -73.961521, "collision_count": 95 }, "geometry": { "type": "Point", "coordinates": [ -73.961521, 40.760229 ] } },
{ "type": "Feature", "properties": { "latitude": 40.809284, "longitude": -73.92927, "collision_count": 95 }, "geometry": { "type": "Point", "coordinates": [ -73.92927, 40.809284 ] } },
{ "type": "Feature", "properties": { "latitude": 40.72579, "longitude": -73.791744, "collision_count": 95 }, "geometry": { "type": "Point", "coordinates": [ -73.791744, 40.72579 ] } },
{ "type": "Feature", "properties": { "latitude": 40.783844, "longitude": -73.979988, "collision_count": 95 }, "geometry": { "type": "Point", "coordinates": [ -73.979988, 40.783844 ] } },
{ "type": "Feature", "properties": { "latitude": 40.736496, "longitude": -73.909225, "collision_count": 95 }, "geometry": { "type": "Point", "coordinates": [ -73.909225, 40.736496 ] } },
{ "type": "Feature", "properties": { "latitude": 40.655273, "longitude": -74.0105, "collision_count": 95 }, "geometry": { "type": "Point", "coordinates": [ -74.0105, 40.655273 ] } },
{ "type": "Feature", "properties": { "latitude": 40.74708, "longitude": -73.98135, "collision_count": 94 }, "geometry": { "type": "Point", "coordinates": [ -73.98135, 40.74708 ] } },
{ "type": "Feature", "properties": { "latitude": 40.639256, "longitude": -73.968796, "collision_count": 94 }, "geometry": { "type": "Point", "coordinates": [ -73.968796, 40.639256 ] } },
{ "type": "Feature", "properties": { "latitude": 40.54653, "longitude": -74.180435, "collision_count": 94 }, "geometry": { "type": "Point", "coordinates": [ -74.180435, 40.54653 ] } },
{ "type": "Feature", "properties": { "latitude": 40.842564, "longitude": -73.83842, "collision_count": 94 }, "geometry": { "type": "Point", "coordinates": [ -73.83842, 40.842564 ] } },
{ "type": "Feature", "properties": { "latitude": 40.71512, "longitude": -73.773571, "collision_count": 94 }, "geometry": { "type": "Point", "coordinates": [ -73.773571, 40.71512 ] } },
{ "type": "Feature", "properties": { "latitude": 40.764996, "longitude": -73.976715, "collision_count": 94 }, "geometry": { "type": "Point", "coordinates": [ -73.976715, 40.764996 ] } },
{ "type": "Feature", "properties": { "latitude": 40.825935, "longitude": -73.85913, "collision_count": 94 }, "geometry": { "type": "Point", "coordinates": [ -73.85913, 40.825935 ] } },
{ "type": "Feature", "properties": { "latitude": 40.762287, "longitude": -73.972374, "collision_count": 94 }, "geometry": { "type": "Point", "coordinates": [ -73.972374, 40.762287 ] } },
{ "type": "Feature", "properties": { "latitude": 40.596325, "longitude": -73.76673, "collision_count": 94 }, "geometry": { "type": "Point", "coordinates": [ -73.76673, 40.596325 ] } },
{ "type": "Feature", "properties": { "latitude": 40.643661, "longitude": -73.900669, "collision_count": 94 }, "geometry": { "type": "Point", "coordinates": [ -73.900669, 40.643661 ] } },
{ "type": "Feature", "properties": { "latitude": 40.819057, "longitude": -73.92923, "collision_count": 94 }, "geometry": { "type": "Point", "coordinates": [ -73.92923, 40.819057 ] } },
{ "type": "Feature", "properties": { "latitude": 40.756676, "longitude": -73.920876, "collision_count": 94 }, "geometry": { "type": "Point", "coordinates": [ -73.920876, 40.756676 ] } },
{ "type": "Feature", "properties": { "latitude": 40.746536, "longitude": -73.98595, "collision_count": 94 }, "geometry": { "type": "Point", "coordinates": [ -73.98595, 40.746536 ] } },
{ "type": "Feature", "properties": { "latitude": 40.680473, "longitude": -73.9614, "collision_count": 94 }, "geometry": { "type": "Point", "coordinates": [ -73.9614, 40.680473 ] } },
{ "type": "Feature", "properties": { "latitude": 40.806797, "longitude": -73.92458, "collision_count": 94 }, "geometry": { "type": "Point", "coordinates": [ -73.92458, 40.806797 ] } },
{ "type": "Feature", "properties": { "latitude": 40.76275, "longitude": -73.996914, "collision_count": 94 }, "geometry": { "type": "Point", "coordinates": [ -73.996914, 40.76275 ] } },
{ "type": "Feature", "properties": { "latitude": 40.789623, "longitude": -73.94007, "collision_count": 94 }, "geometry": { "type": "Point", "coordinates": [ -73.94007, 40.789623 ] } },
{ "type": "Feature", "properties": { "latitude": 40.709827, "longitude": -73.83983, "collision_count": 94 }, "geometry": { "type": "Point", "coordinates": [ -73.83983, 40.709827 ] } },
{ "type": "Feature", "properties": { "latitude": 40.656063, "longitude": -73.93957, "collision_count": 94 }, "geometry": { "type": "Point", "coordinates": [ -73.93957, 40.656063 ] } },
{ "type": "Feature", "properties": { "latitude": 40.598392, "longitude": -73.90629, "collision_count": 94 }, "geometry": { "type": "Point", "coordinates": [ -73.90629, 40.598392 ] } },
{ "type": "Feature", "properties": { "latitude": 40.61196, "longitude": -73.96816, "collision_count": 94 }, "geometry": { "type": "Point", "coordinates": [ -73.96816, 40.61196 ] } },
{ "type": "Feature", "properties": { "latitude": 40.645032, "longitude": -73.919978, "collision_count": 94 }, "geometry": { "type": "Point", "coordinates": [ -73.919978, 40.645032 ] } },
{ "type": "Feature", "properties": { "latitude": 40.831566, "longitude": -73.942986, "collision_count": 94 }, "geometry": { "type": "Point", "coordinates": [ -73.942986, 40.831566 ] } },
{ "type": "Feature", "properties": { "latitude": 40.758965, "longitude": -73.95819, "collision_count": 94 }, "geometry": { "type": "Point", "coordinates": [ -73.95819, 40.758965 ] } },
{ "type": "Feature", "properties": { "latitude": 40.651975, "longitude": -73.865409, "collision_count": 94 }, "geometry": { "type": "Point", "coordinates": [ -73.865409, 40.651975 ] } },
{ "type": "Feature", "properties": { "latitude": 40.773033, "longitude": -73.982197, "collision_count": 94 }, "geometry": { "type": "Point", "coordinates": [ -73.982197, 40.773033 ] } },
{ "type": "Feature", "properties": { "latitude": 40.820098, "longitude": -73.955076, "collision_count": 94 }, "geometry": { "type": "Point", "coordinates": [ -73.955076, 40.820098 ] } },
{ "type": "Feature", "properties": { "latitude": 40.74233, "longitude": -73.83764, "collision_count": 94 }, "geometry": { "type": "Point", "coordinates": [ -73.83764, 40.74233 ] } },
{ "type": "Feature", "properties": { "latitude": 40.732822, "longitude": -73.8684, "collision_count": 94 }, "geometry": { "type": "Point", "coordinates": [ -73.8684, 40.732822 ] } },
{ "type": "Feature", "properties": { "latitude": 40.810173, "longitude": -73.937416, "collision_count": 94 }, "geometry": { "type": "Point", "coordinates": [ -73.937416, 40.810173 ] } },
{ "type": "Feature", "properties": { "latitude": 40.561522, "longitude": -74.171851, "collision_count": 94 }, "geometry": { "type": "Point", "coordinates": [ -74.171851, 40.561522 ] } },
{ "type": "Feature", "properties": { "latitude": 40.750206, "longitude": -74.00234, "collision_count": 94 }, "geometry": { "type": "Point", "coordinates": [ -74.00234, 40.750206 ] } },
{ "type": "Feature", "properties": { "latitude": 40.834425, "longitude": -73.879254, "collision_count": 94 }, "geometry": { "type": "Point", "coordinates": [ -73.879254, 40.834425 ] } },
{ "type": "Feature", "properties": { "latitude": 40.76099, "longitude": -73.99077, "collision_count": 94 }, "geometry": { "type": "Point", "coordinates": [ -73.99077, 40.76099 ] } },
{ "type": "Feature", "properties": { "latitude": 40.763901, "longitude": -73.953224, "collision_count": 94 }, "geometry": { "type": "Point", "coordinates": [ -73.953224, 40.763901 ] } },
{ "type": "Feature", "properties": { "latitude": 40.867257, "longitude": -73.883624, "collision_count": 94 }, "geometry": { "type": "Point", "coordinates": [ -73.883624, 40.867257 ] } },
{ "type": "Feature", "properties": { "latitude": 40.829155, "longitude": -73.93728, "collision_count": 94 }, "geometry": { "type": "Point", "coordinates": [ -73.93728, 40.829155 ] } },
{ "type": "Feature", "properties": { "latitude": 40.75747, "longitude": -73.95583, "collision_count": 94 }, "geometry": { "type": "Point", "coordinates": [ -73.95583, 40.75747 ] } },
{ "type": "Feature", "properties": { "latitude": 40.752229, "longitude": -73.939101, "collision_count": 94 }, "geometry": { "type": "Point", "coordinates": [ -73.939101, 40.752229 ] } },
{ "type": "Feature", "properties": { "latitude": 40.690926, "longitude": -73.92066, "collision_count": 94 }, "geometry": { "type": "Point", "coordinates": [ -73.92066, 40.690926 ] } },
{ "type": "Feature", "properties": { "latitude": 40.749844, "longitude": -73.938995, "collision_count": 93 }, "geometry": { "type": "Point", "coordinates": [ -73.938995, 40.749844 ] } },
{ "type": "Feature", "properties": { "latitude": 40.770054, "longitude": -73.914406, "collision_count": 93 }, "geometry": { "type": "Point", "coordinates": [ -73.914406, 40.770054 ] } },
{ "type": "Feature", "properties": { "latitude": 40.7431, "longitude": -73.97401, "collision_count": 93 }, "geometry": { "type": "Point", "coordinates": [ -73.97401, 40.7431 ] } },
{ "type": "Feature", "properties": { "latitude": 40.736275, "longitude": -73.772865, "collision_count": 93 }, "geometry": { "type": "Point", "coordinates": [ -73.772865, 40.736275 ] } },
{ "type": "Feature", "properties": { "latitude": 40.714384, "longitude": -73.933443, "collision_count": 93 }, "geometry": { "type": "Point", "coordinates": [ -73.933443, 40.714384 ] } },
{ "type": "Feature", "properties": { "latitude": 40.703667, "longitude": -73.9269, "collision_count": 93 }, "geometry": { "type": "Point", "coordinates": [ -73.9269, 40.703667 ] } },
{ "type": "Feature", "properties": { "latitude": 40.685361, "longitude": -73.882203, "collision_count": 93 }, "geometry": { "type": "Point", "coordinates": [ -73.882203, 40.685361 ] } },
{ "type": "Feature", "properties": { "latitude": 40.620914, "longitude": -73.975296, "collision_count": 93 }, "geometry": { "type": "Point", "coordinates": [ -73.975296, 40.620914 ] } },
{ "type": "Feature", "properties": { "latitude": 40.750492, "longitude": -73.97172, "collision_count": 93 }, "geometry": { "type": "Point", "coordinates": [ -73.97172, 40.750492 ] } },
{ "type": "Feature", "properties": { "latitude": 40.739574, "longitude": -73.79167, "collision_count": 93 }, "geometry": { "type": "Point", "coordinates": [ -73.79167, 40.739574 ] } },
{ "type": "Feature", "properties": { "latitude": 40.699715, "longitude": -73.96182, "collision_count": 93 }, "geometry": { "type": "Point", "coordinates": [ -73.96182, 40.699715 ] } },
{ "type": "Feature", "properties": { "latitude": 40.757523, "longitude": -73.829134, "collision_count": 93 }, "geometry": { "type": "Point", "coordinates": [ -73.829134, 40.757523 ] } },
{ "type": "Feature", "properties": { "latitude": 40.769848, "longitude": -73.98432, "collision_count": 93 }, "geometry": { "type": "Point", "coordinates": [ -73.98432, 40.769848 ] } },
{ "type": "Feature", "properties": { "latitude": 40.720554, "longitude": -74.00352, "collision_count": 93 }, "geometry": { "type": "Point", "coordinates": [ -74.00352, 40.720554 ] } },
{ "type": "Feature", "properties": { "latitude": 40.738903, "longitude": -73.987302, "collision_count": 93 }, "geometry": { "type": "Point", "coordinates": [ -73.987302, 40.738903 ] } },
{ "type": "Feature", "properties": { "latitude": 40.714436, "longitude": -73.974754, "collision_count": 93 }, "geometry": { "type": "Point", "coordinates": [ -73.974754, 40.714436 ] } },
{ "type": "Feature", "properties": { "latitude": 40.629505, "longitude": -73.94416, "collision_count": 93 }, "geometry": { "type": "Point", "coordinates": [ -73.94416, 40.629505 ] } },
{ "type": "Feature", "properties": { "latitude": 40.703342, "longitude": -73.80021, "collision_count": 93 }, "geometry": { "type": "Point", "coordinates": [ -73.80021, 40.703342 ] } },
{ "type": "Feature", "properties": { "latitude": 40.702293, "longitude": -73.79117, "collision_count": 93 }, "geometry": { "type": "Point", "coordinates": [ -73.79117, 40.702293 ] } },
{ "type": "Feature", "properties": { "latitude": 40.78393, "longitude": -73.94423, "collision_count": 93 }, "geometry": { "type": "Point", "coordinates": [ -73.94423, 40.78393 ] } },
{ "type": "Feature", "properties": { "latitude": 40.73338, "longitude": -73.86665, "collision_count": 93 }, "geometry": { "type": "Point", "coordinates": [ -73.86665, 40.73338 ] } },
{ "type": "Feature", "properties": { "latitude": 40.765354, "longitude": -73.81733, "collision_count": 93 }, "geometry": { "type": "Point", "coordinates": [ -73.81733, 40.765354 ] } },
{ "type": "Feature", "properties": { "latitude": 40.832766, "longitude": -73.945824, "collision_count": 93 }, "geometry": { "type": "Point", "coordinates": [ -73.945824, 40.832766 ] } },
{ "type": "Feature", "properties": { "latitude": 40.84603, "longitude": -73.93034, "collision_count": 93 }, "geometry": { "type": "Point", "coordinates": [ -73.93034, 40.84603 ] } },
{ "type": "Feature", "properties": { "latitude": 40.83089, "longitude": -73.941376, "collision_count": 93 }, "geometry": { "type": "Point", "coordinates": [ -73.941376, 40.83089 ] } },
{ "type": "Feature", "properties": { "latitude": 40.757358, "longitude": -73.738859, "collision_count": 93 }, "geometry": { "type": "Point", "coordinates": [ -73.738859, 40.757358 ] } },
{ "type": "Feature", "properties": { "latitude": 40.766895, "longitude": -73.921391, "collision_count": 93 }, "geometry": { "type": "Point", "coordinates": [ -73.921391, 40.766895 ] } },
{ "type": "Feature", "properties": { "latitude": 40.764988, "longitude": -73.96116, "collision_count": 93 }, "geometry": { "type": "Point", "coordinates": [ -73.96116, 40.764988 ] } },
{ "type": "Feature", "properties": { "latitude": 40.681473, "longitude": -73.72776, "collision_count": 93 }, "geometry": { "type": "Point", "coordinates": [ -73.72776, 40.681473 ] } },
{ "type": "Feature", "properties": { "latitude": 40.89711, "longitude": -73.88008, "collision_count": 93 }, "geometry": { "type": "Point", "coordinates": [ -73.88008, 40.89711 ] } },
{ "type": "Feature", "properties": { "latitude": 40.751122, "longitude": -73.971263, "collision_count": 93 }, "geometry": { "type": "Point", "coordinates": [ -73.971263, 40.751122 ] } },
{ "type": "Feature", "properties": { "latitude": 40.779498, "longitude": -73.955584, "collision_count": 93 }, "geometry": { "type": "Point", "coordinates": [ -73.955584, 40.779498 ] } },
{ "type": "Feature", "properties": { "latitude": 40.683778, "longitude": -73.769744, "collision_count": 93 }, "geometry": { "type": "Point", "coordinates": [ -73.769744, 40.683778 ] } },
{ "type": "Feature", "properties": { "latitude": 40.826153, "longitude": -73.920265, "collision_count": 93 }, "geometry": { "type": "Point", "coordinates": [ -73.920265, 40.826153 ] } },
{ "type": "Feature", "properties": { "latitude": 40.67801, "longitude": -73.941378, "collision_count": 93 }, "geometry": { "type": "Point", "coordinates": [ -73.941378, 40.67801 ] } },
{ "type": "Feature", "properties": { "latitude": 40.742831, "longitude": -74.007698, "collision_count": 93 }, "geometry": { "type": "Point", "coordinates": [ -74.007698, 40.742831 ] } },
{ "type": "Feature", "properties": { "latitude": 40.788906, "longitude": -73.93765, "collision_count": 93 }, "geometry": { "type": "Point", "coordinates": [ -73.93765, 40.788906 ] } },
{ "type": "Feature", "properties": { "latitude": 40.803217, "longitude": -73.952531, "collision_count": 93 }, "geometry": { "type": "Point", "coordinates": [ -73.952531, 40.803217 ] } },
{ "type": "Feature", "properties": { "latitude": 40.699482, "longitude": -73.96104, "collision_count": 93 }, "geometry": { "type": "Point", "coordinates": [ -73.96104, 40.699482 ] } },
{ "type": "Feature", "properties": { "latitude": 40.778822, "longitude": -73.953985, "collision_count": 93 }, "geometry": { "type": "Point", "coordinates": [ -73.953985, 40.778822 ] } },
{ "type": "Feature", "properties": { "latitude": 40.694578, "longitude": -73.956142, "collision_count": 93 }, "geometry": { "type": "Point", "coordinates": [ -73.956142, 40.694578 ] } },
{ "type": "Feature", "properties": { "latitude": 40.70537, "longitude": -73.775826, "collision_count": 93 }, "geometry": { "type": "Point", "coordinates": [ -73.775826, 40.70537 ] } },
{ "type": "Feature", "properties": { "latitude": 40.844982, "longitude": -73.92067, "collision_count": 93 }, "geometry": { "type": "Point", "coordinates": [ -73.92067, 40.844982 ] } },
{ "type": "Feature", "properties": { "latitude": 40.696217, "longitude": -73.7436, "collision_count": 93 }, "geometry": { "type": "Point", "coordinates": [ -73.7436, 40.696217 ] } },
{ "type": "Feature", "properties": { "latitude": 40.76615, "longitude": -73.919785, "collision_count": 93 }, "geometry": { "type": "Point", "coordinates": [ -73.919785, 40.76615 ] } },
{ "type": "Feature", "properties": { "latitude": 40.71991, "longitude": -73.809039, "collision_count": 93 }, "geometry": { "type": "Point", "coordinates": [ -73.809039, 40.71991 ] } },
{ "type": "Feature", "properties": { "latitude": 40.748863, "longitude": -73.97584, "collision_count": 93 }, "geometry": { "type": "Point", "coordinates": [ -73.97584, 40.748863 ] } },
{ "type": "Feature", "properties": { "latitude": 40.68693, "longitude": -73.984831, "collision_count": 93 }, "geometry": { "type": "Point", "coordinates": [ -73.984831, 40.68693 ] } },
{ "type": "Feature", "properties": { "latitude": 40.835396, "longitude": -73.92031, "collision_count": 92 }, "geometry": { "type": "Point", "coordinates": [ -73.92031, 40.835396 ] } },
{ "type": "Feature", "properties": { "latitude": 40.654629, "longitude": -73.922006, "collision_count": 92 }, "geometry": { "type": "Point", "coordinates": [ -73.922006, 40.654629 ] } },
{ "type": "Feature", "properties": { "latitude": 40.856358, "longitude": -73.826515, "collision_count": 92 }, "geometry": { "type": "Point", "coordinates": [ -73.826515, 40.856358 ] } },
{ "type": "Feature", "properties": { "latitude": 40.74613, "longitude": -73.83605, "collision_count": 92 }, "geometry": { "type": "Point", "coordinates": [ -73.83605, 40.74613 ] } },
{ "type": "Feature", "properties": { "latitude": 40.666294, "longitude": -73.89445, "collision_count": 92 }, "geometry": { "type": "Point", "coordinates": [ -73.89445, 40.666294 ] } },
{ "type": "Feature", "properties": { "latitude": 40.746619, "longitude": -73.993814, "collision_count": 92 }, "geometry": { "type": "Point", "coordinates": [ -73.993814, 40.746619 ] } },
{ "type": "Feature", "properties": { "latitude": 40.76501, "longitude": -73.8871, "collision_count": 92 }, "geometry": { "type": "Point", "coordinates": [ -73.8871, 40.76501 ] } },
{ "type": "Feature", "properties": { "latitude": 40.677845, "longitude": -73.95282, "collision_count": 92 }, "geometry": { "type": "Point", "coordinates": [ -73.95282, 40.677845 ] } },
{ "type": "Feature", "properties": { "latitude": 40.663605, "longitude": -73.934395, "collision_count": 92 }, "geometry": { "type": "Point", "coordinates": [ -73.934395, 40.663605 ] } },
{ "type": "Feature", "properties": { "latitude": 40.742864, "longitude": -74.00397, "collision_count": 92 }, "geometry": { "type": "Point", "coordinates": [ -74.00397, 40.742864 ] } },
{ "type": "Feature", "properties": { "latitude": 40.660847, "longitude": -73.8403, "collision_count": 92 }, "geometry": { "type": "Point", "coordinates": [ -73.8403, 40.660847 ] } },
{ "type": "Feature", "properties": { "latitude": 40.588562, "longitude": -74.14584, "collision_count": 92 }, "geometry": { "type": "Point", "coordinates": [ -74.14584, 40.588562 ] } },
{ "type": "Feature", "properties": { "latitude": 40.75112, "longitude": -73.97127, "collision_count": 92 }, "geometry": { "type": "Point", "coordinates": [ -73.97127, 40.75112 ] } },
{ "type": "Feature", "properties": { "latitude": 40.691668, "longitude": -73.762386, "collision_count": 92 }, "geometry": { "type": "Point", "coordinates": [ -73.762386, 40.691668 ] } },
{ "type": "Feature", "properties": { "latitude": 40.783844, "longitude": -73.979996, "collision_count": 92 }, "geometry": { "type": "Point", "coordinates": [ -73.979996, 40.783844 ] } },
{ "type": "Feature", "properties": { "latitude": 40.69349, "longitude": -73.97917, "collision_count": 92 }, "geometry": { "type": "Point", "coordinates": [ -73.97917, 40.69349 ] } },
{ "type": "Feature", "properties": { "latitude": 40.784992, "longitude": -73.98261, "collision_count": 92 }, "geometry": { "type": "Point", "coordinates": [ -73.98261, 40.784992 ] } },
{ "type": "Feature", "properties": { "latitude": 40.68662, "longitude": -73.82319, "collision_count": 92 }, "geometry": { "type": "Point", "coordinates": [ -73.82319, 40.68662 ] } },
{ "type": "Feature", "properties": { "latitude": 40.763657, "longitude": -73.97347, "collision_count": 92 }, "geometry": { "type": "Point", "coordinates": [ -73.97347, 40.763657 ] } },
{ "type": "Feature", "properties": { "latitude": 40.54243, "longitude": -74.145904, "collision_count": 92 }, "geometry": { "type": "Point", "coordinates": [ -74.145904, 40.54243 ] } },
{ "type": "Feature", "properties": { "latitude": 40.726447, "longitude": -73.765784, "collision_count": 92 }, "geometry": { "type": "Point", "coordinates": [ -73.765784, 40.726447 ] } },
{ "type": "Feature", "properties": { "latitude": 40.69603, "longitude": -73.943535, "collision_count": 92 }, "geometry": { "type": "Point", "coordinates": [ -73.943535, 40.69603 ] } },
{ "type": "Feature", "properties": { "latitude": 40.719482, "longitude": -73.991295, "collision_count": 92 }, "geometry": { "type": "Point", "coordinates": [ -73.991295, 40.719482 ] } },
{ "type": "Feature", "properties": { "latitude": 40.609536, "longitude": -73.753718, "collision_count": 92 }, "geometry": { "type": "Point", "coordinates": [ -73.753718, 40.609536 ] } },
{ "type": "Feature", "properties": { "latitude": 40.686928, "longitude": -73.98484, "collision_count": 92 }, "geometry": { "type": "Point", "coordinates": [ -73.98484, 40.686928 ] } },
{ "type": "Feature", "properties": { "latitude": 40.879055, "longitude": -73.87439, "collision_count": 92 }, "geometry": { "type": "Point", "coordinates": [ -73.87439, 40.879055 ] } },
{ "type": "Feature", "properties": { "latitude": 40.700593, "longitude": -73.854565, "collision_count": 92 }, "geometry": { "type": "Point", "coordinates": [ -73.854565, 40.700593 ] } },
{ "type": "Feature", "properties": { "latitude": 40.667432, "longitude": -73.766755, "collision_count": 92 }, "geometry": { "type": "Point", "coordinates": [ -73.766755, 40.667432 ] } },
{ "type": "Feature", "properties": { "latitude": 40.753284, "longitude": -73.906908, "collision_count": 92 }, "geometry": { "type": "Point", "coordinates": [ -73.906908, 40.753284 ] } },
{ "type": "Feature", "properties": { "latitude": 40.701661, "longitude": -73.961453, "collision_count": 92 }, "geometry": { "type": "Point", "coordinates": [ -73.961453, 40.701661 ] } },
{ "type": "Feature", "properties": { "latitude": 40.824032, "longitude": -73.944758, "collision_count": 92 }, "geometry": { "type": "Point", "coordinates": [ -73.944758, 40.824032 ] } },
{ "type": "Feature", "properties": { "latitude": 40.750828, "longitude": -74.00189, "collision_count": 92 }, "geometry": { "type": "Point", "coordinates": [ -74.00189, 40.750828 ] } },
{ "type": "Feature", "properties": { "latitude": 40.724235, "longitude": -73.997785, "collision_count": 92 }, "geometry": { "type": "Point", "coordinates": [ -73.997785, 40.724235 ] } },
{ "type": "Feature", "properties": { "latitude": 40.839867, "longitude": -73.94064, "collision_count": 92 }, "geometry": { "type": "Point", "coordinates": [ -73.94064, 40.839867 ] } },
{ "type": "Feature", "properties": { "latitude": 40.756763, "longitude": -73.96716, "collision_count": 92 }, "geometry": { "type": "Point", "coordinates": [ -73.96716, 40.756763 ] } },
{ "type": "Feature", "properties": { "latitude": 40.672558, "longitude": -73.99883, "collision_count": 92 }, "geometry": { "type": "Point", "coordinates": [ -73.99883, 40.672558 ] } },
{ "type": "Feature", "properties": { "latitude": 40.714066, "longitude": -73.95163, "collision_count": 92 }, "geometry": { "type": "Point", "coordinates": [ -73.95163, 40.714066 ] } },
{ "type": "Feature", "properties": { "latitude": 40.82378, "longitude": -73.836426, "collision_count": 92 }, "geometry": { "type": "Point", "coordinates": [ -73.836426, 40.82378 ] } },
{ "type": "Feature", "properties": { "latitude": 40.757125, "longitude": -73.971907, "collision_count": 92 }, "geometry": { "type": "Point", "coordinates": [ -73.971907, 40.757125 ] } },
{ "type": "Feature", "properties": { "latitude": 40.669735, "longitude": -73.93104, "collision_count": 92 }, "geometry": { "type": "Point", "coordinates": [ -73.93104, 40.669735 ] } },
{ "type": "Feature", "properties": { "latitude": 40.774283, "longitude": -73.957295, "collision_count": 92 }, "geometry": { "type": "Point", "coordinates": [ -73.957295, 40.774283 ] } },
{ "type": "Feature", "properties": { "latitude": 40.67308, "longitude": -73.911231, "collision_count": 92 }, "geometry": { "type": "Point", "coordinates": [ -73.911231, 40.67308 ] } },
{ "type": "Feature", "properties": { "latitude": 40.763734, "longitude": -73.962064, "collision_count": 92 }, "geometry": { "type": "Point", "coordinates": [ -73.962064, 40.763734 ] } },
{ "type": "Feature", "properties": { "latitude": 40.684937, "longitude": -73.91014, "collision_count": 92 }, "geometry": { "type": "Point", "coordinates": [ -73.91014, 40.684937 ] } },
{ "type": "Feature", "properties": { "latitude": 40.65621, "longitude": -73.914665, "collision_count": 92 }, "geometry": { "type": "Point", "coordinates": [ -73.914665, 40.65621 ] } },
{ "type": "Feature", "properties": { "latitude": 40.74163, "longitude": -73.95306, "collision_count": 91 }, "geometry": { "type": "Point", "coordinates": [ -73.95306, 40.74163 ] } },
{ "type": "Feature", "properties": { "latitude": 40.749053, "longitude": -73.995749, "collision_count": 91 }, "geometry": { "type": "Point", "coordinates": [ -73.995749, 40.749053 ] } },
{ "type": "Feature", "properties": { "latitude": 40.752999, "longitude": -73.969887, "collision_count": 91 }, "geometry": { "type": "Point", "coordinates": [ -73.969887, 40.752999 ] } },
{ "type": "Feature", "properties": { "latitude": 40.821262, "longitude": -73.94608, "collision_count": 91 }, "geometry": { "type": "Point", "coordinates": [ -73.94608, 40.821262 ] } },
{ "type": "Feature", "properties": { "latitude": 40.737797, "longitude": -73.8507, "collision_count": 91 }, "geometry": { "type": "Point", "coordinates": [ -73.8507, 40.737797 ] } },
{ "type": "Feature", "properties": { "latitude": 40.742658, "longitude": -73.846205, "collision_count": 91 }, "geometry": { "type": "Point", "coordinates": [ -73.846205, 40.742658 ] } },
{ "type": "Feature", "properties": { "latitude": 40.752853, "longitude": -73.99299, "collision_count": 91 }, "geometry": { "type": "Point", "coordinates": [ -73.99299, 40.752853 ] } },
{ "type": "Feature", "properties": { "latitude": 40.742235, "longitude": -73.993291, "collision_count": 91 }, "geometry": { "type": "Point", "coordinates": [ -73.993291, 40.742235 ] } },
{ "type": "Feature", "properties": { "latitude": 40.717342, "longitude": -73.99118, "collision_count": 91 }, "geometry": { "type": "Point", "coordinates": [ -73.99118, 40.717342 ] } },
{ "type": "Feature", "properties": { "latitude": 40.80907, "longitude": -73.94455, "collision_count": 91 }, "geometry": { "type": "Point", "coordinates": [ -73.94455, 40.80907 ] } },
{ "type": "Feature", "properties": { "latitude": 40.696666, "longitude": -73.980841, "collision_count": 91 }, "geometry": { "type": "Point", "coordinates": [ -73.980841, 40.696666 ] } },
{ "type": "Feature", "properties": { "latitude": 40.681805, "longitude": -73.94987, "collision_count": 91 }, "geometry": { "type": "Point", "coordinates": [ -73.94987, 40.681805 ] } },
{ "type": "Feature", "properties": { "latitude": 40.846863, "longitude": -73.90142, "collision_count": 91 }, "geometry": { "type": "Point", "coordinates": [ -73.90142, 40.846863 ] } },
{ "type": "Feature", "properties": { "latitude": 40.763366, "longitude": -73.959241, "collision_count": 91 }, "geometry": { "type": "Point", "coordinates": [ -73.959241, 40.763366 ] } },
{ "type": "Feature", "properties": { "latitude": 40.64488, "longitude": -74.017491, "collision_count": 91 }, "geometry": { "type": "Point", "coordinates": [ -74.017491, 40.64488 ] } },
{ "type": "Feature", "properties": { "latitude": 40.586098, "longitude": -73.93237, "collision_count": 91 }, "geometry": { "type": "Point", "coordinates": [ -73.93237, 40.586098 ] } },
{ "type": "Feature", "properties": { "latitude": 40.717549, "longitude": -73.999311, "collision_count": 91 }, "geometry": { "type": "Point", "coordinates": [ -73.999311, 40.717549 ] } },
{ "type": "Feature", "properties": { "latitude": 40.771038, "longitude": -73.83413, "collision_count": 91 }, "geometry": { "type": "Point", "coordinates": [ -73.83413, 40.771038 ] } },
{ "type": "Feature", "properties": { "latitude": 40.754154, "longitude": -73.980394, "collision_count": 91 }, "geometry": { "type": "Point", "coordinates": [ -73.980394, 40.754154 ] } },
{ "type": "Feature", "properties": { "latitude": 40.726933, "longitude": -73.99992, "collision_count": 91 }, "geometry": { "type": "Point", "coordinates": [ -73.99992, 40.726933 ] } },
{ "type": "Feature", "properties": { "latitude": 40.806346, "longitude": -73.933172, "collision_count": 91 }, "geometry": { "type": "Point", "coordinates": [ -73.933172, 40.806346 ] } },
{ "type": "Feature", "properties": { "latitude": 40.66322, "longitude": -73.893654, "collision_count": 91 }, "geometry": { "type": "Point", "coordinates": [ -73.893654, 40.66322 ] } },
{ "type": "Feature", "properties": { "latitude": 40.680496, "longitude": -73.821365, "collision_count": 91 }, "geometry": { "type": "Point", "coordinates": [ -73.821365, 40.680496 ] } },
{ "type": "Feature", "properties": { "latitude": 40.82256, "longitude": -73.87101, "collision_count": 91 }, "geometry": { "type": "Point", "coordinates": [ -73.87101, 40.82256 ] } },
{ "type": "Feature", "properties": { "latitude": 40.776875, "longitude": -73.94938, "collision_count": 91 }, "geometry": { "type": "Point", "coordinates": [ -73.94938, 40.776875 ] } },
{ "type": "Feature", "properties": { "latitude": 40.744061, "longitude": -74.00681, "collision_count": 91 }, "geometry": { "type": "Point", "coordinates": [ -74.00681, 40.744061 ] } },
{ "type": "Feature", "properties": { "latitude": 40.60307, "longitude": -74.01667, "collision_count": 91 }, "geometry": { "type": "Point", "coordinates": [ -74.01667, 40.60307 ] } },
{ "type": "Feature", "properties": { "latitude": 40.58036, "longitude": -73.96761, "collision_count": 91 }, "geometry": { "type": "Point", "coordinates": [ -73.96761, 40.58036 ] } },
{ "type": "Feature", "properties": { "latitude": 40.76229, "longitude": -73.986106, "collision_count": 91 }, "geometry": { "type": "Point", "coordinates": [ -73.986106, 40.76229 ] } },
{ "type": "Feature", "properties": { "latitude": 40.730117, "longitude": -73.862312, "collision_count": 91 }, "geometry": { "type": "Point", "coordinates": [ -73.862312, 40.730117 ] } },
{ "type": "Feature", "properties": { "latitude": 40.757106, "longitude": -73.9973, "collision_count": 91 }, "geometry": { "type": "Point", "coordinates": [ -73.9973, 40.757106 ] } },
{ "type": "Feature", "properties": { "latitude": 40.769737, "longitude": -73.91244, "collision_count": 91 }, "geometry": { "type": "Point", "coordinates": [ -73.91244, 40.769737 ] } },
{ "type": "Feature", "properties": { "latitude": 40.73136, "longitude": -73.98257, "collision_count": 91 }, "geometry": { "type": "Point", "coordinates": [ -73.98257, 40.73136 ] } },
{ "type": "Feature", "properties": { "latitude": 40.560394, "longitude": -74.120056, "collision_count": 91 }, "geometry": { "type": "Point", "coordinates": [ -74.120056, 40.560394 ] } },
{ "type": "Feature", "properties": { "latitude": 40.80297, "longitude": -73.96387, "collision_count": 91 }, "geometry": { "type": "Point", "coordinates": [ -73.96387, 40.80297 ] } },
{ "type": "Feature", "properties": { "latitude": 40.698039, "longitude": -73.96284, "collision_count": 91 }, "geometry": { "type": "Point", "coordinates": [ -73.96284, 40.698039 ] } },
{ "type": "Feature", "properties": { "latitude": 40.78781, "longitude": -73.82341, "collision_count": 91 }, "geometry": { "type": "Point", "coordinates": [ -73.82341, 40.78781 ] } },
{ "type": "Feature", "properties": { "latitude": 40.758976, "longitude": -73.964503, "collision_count": 91 }, "geometry": { "type": "Point", "coordinates": [ -73.964503, 40.758976 ] } },
{ "type": "Feature", "properties": { "latitude": 40.767803, "longitude": -73.95601, "collision_count": 91 }, "geometry": { "type": "Point", "coordinates": [ -73.95601, 40.767803 ] } },
{ "type": "Feature", "properties": { "latitude": 40.668373, "longitude": -73.922631, "collision_count": 91 }, "geometry": { "type": "Point", "coordinates": [ -73.922631, 40.668373 ] } },
{ "type": "Feature", "properties": { "latitude": 40.667027, "longitude": -73.9952, "collision_count": 91 }, "geometry": { "type": "Point", "coordinates": [ -73.9952, 40.667027 ] } },
{ "type": "Feature", "properties": { "latitude": 40.7528, "longitude": -73.979294, "collision_count": 91 }, "geometry": { "type": "Point", "coordinates": [ -73.979294, 40.7528 ] } },
{ "type": "Feature", "properties": { "latitude": 40.796, "longitude": -73.93542, "collision_count": 91 }, "geometry": { "type": "Point", "coordinates": [ -73.93542, 40.796 ] } },
{ "type": "Feature", "properties": { "latitude": 40.77719, "longitude": -73.95225, "collision_count": 91 }, "geometry": { "type": "Point", "coordinates": [ -73.95225, 40.77719 ] } },
{ "type": "Feature", "properties": { "latitude": 40.726933, "longitude": -73.999917, "collision_count": 91 }, "geometry": { "type": "Point", "coordinates": [ -73.999917, 40.726933 ] } },
{ "type": "Feature", "properties": { "latitude": 40.66495, "longitude": -73.993355, "collision_count": 91 }, "geometry": { "type": "Point", "coordinates": [ -73.993355, 40.66495 ] } },
{ "type": "Feature", "properties": { "latitude": 40.79859, "longitude": -73.933525, "collision_count": 91 }, "geometry": { "type": "Point", "coordinates": [ -73.933525, 40.79859 ] } },
{ "type": "Feature", "properties": { "latitude": 40.59783, "longitude": -73.965485, "collision_count": 91 }, "geometry": { "type": "Point", "coordinates": [ -73.965485, 40.59783 ] } },
{ "type": "Feature", "properties": { "latitude": 40.65749, "longitude": -73.893074, "collision_count": 91 }, "geometry": { "type": "Point", "coordinates": [ -73.893074, 40.65749 ] } },
{ "type": "Feature", "properties": { "latitude": 40.757183, "longitude": -73.83396, "collision_count": 91 }, "geometry": { "type": "Point", "coordinates": [ -73.83396, 40.757183 ] } },
{ "type": "Feature", "properties": { "latitude": 40.850478, "longitude": -73.915425, "collision_count": 91 }, "geometry": { "type": "Point", "coordinates": [ -73.915425, 40.850478 ] } },
{ "type": "Feature", "properties": { "latitude": 40.741135, "longitude": -73.8986, "collision_count": 91 }, "geometry": { "type": "Point", "coordinates": [ -73.8986, 40.741135 ] } },
{ "type": "Feature", "properties": { "latitude": 40.750494, "longitude": -73.971711, "collision_count": 91 }, "geometry": { "type": "Point", "coordinates": [ -73.971711, 40.750494 ] } },
{ "type": "Feature", "properties": { "latitude": 40.76189, "longitude": -73.82967, "collision_count": 90 }, "geometry": { "type": "Point", "coordinates": [ -73.82967, 40.76189 ] } },
{ "type": "Feature", "properties": { "latitude": 40.85214, "longitude": -73.92071, "collision_count": 90 }, "geometry": { "type": "Point", "coordinates": [ -73.92071, 40.85214 ] } },
{ "type": "Feature", "properties": { "latitude": 40.897144, "longitude": -73.88029, "collision_count": 90 }, "geometry": { "type": "Point", "coordinates": [ -73.88029, 40.897144 ] } },
{ "type": "Feature", "properties": { "latitude": 40.700424, "longitude": -73.9444, "collision_count": 90 }, "geometry": { "type": "Point", "coordinates": [ -73.9444, 40.700424 ] } },
{ "type": "Feature", "properties": { "latitude": 40.882217, "longitude": -73.88046, "collision_count": 90 }, "geometry": { "type": "Point", "coordinates": [ -73.88046, 40.882217 ] } },
{ "type": "Feature", "properties": { "latitude": 40.640237, "longitude": -73.905974, "collision_count": 90 }, "geometry": { "type": "Point", "coordinates": [ -73.905974, 40.640237 ] } },
{ "type": "Feature", "properties": { "latitude": 40.816025, "longitude": -73.93947, "collision_count": 90 }, "geometry": { "type": "Point", "coordinates": [ -73.93947, 40.816025 ] } },
{ "type": "Feature", "properties": { "latitude": 40.761147, "longitude": -73.97952, "collision_count": 90 }, "geometry": { "type": "Point", "coordinates": [ -73.97952, 40.761147 ] } },
{ "type": "Feature", "properties": { "latitude": 40.77162, "longitude": -73.87477, "collision_count": 90 }, "geometry": { "type": "Point", "coordinates": [ -73.87477, 40.77162 ] } },
{ "type": "Feature", "properties": { "latitude": 40.632847, "longitude": -73.928375, "collision_count": 90 }, "geometry": { "type": "Point", "coordinates": [ -73.928375, 40.632847 ] } },
{ "type": "Feature", "properties": { "latitude": 40.762807, "longitude": -73.993156, "collision_count": 90 }, "geometry": { "type": "Point", "coordinates": [ -73.993156, 40.762807 ] } },
{ "type": "Feature", "properties": { "latitude": 40.756804, "longitude": -73.873656, "collision_count": 90 }, "geometry": { "type": "Point", "coordinates": [ -73.873656, 40.756804 ] } },
{ "type": "Feature", "properties": { "latitude": 40.807095, "longitude": -73.945984, "collision_count": 90 }, "geometry": { "type": "Point", "coordinates": [ -73.945984, 40.807095 ] } },
{ "type": "Feature", "properties": { "latitude": 40.73477, "longitude": -73.874582, "collision_count": 90 }, "geometry": { "type": "Point", "coordinates": [ -73.874582, 40.73477 ] } },
{ "type": "Feature", "properties": { "latitude": 40.669704, "longitude": -73.94774, "collision_count": 90 }, "geometry": { "type": "Point", "coordinates": [ -73.94774, 40.669704 ] } },
{ "type": "Feature", "properties": { "latitude": 40.789206, "longitude": -73.954816, "collision_count": 90 }, "geometry": { "type": "Point", "coordinates": [ -73.954816, 40.789206 ] } },
{ "type": "Feature", "properties": { "latitude": 40.650082, "longitude": -73.961007, "collision_count": 90 }, "geometry": { "type": "Point", "coordinates": [ -73.961007, 40.650082 ] } },
{ "type": "Feature", "properties": { "latitude": 40.747773, "longitude": -73.985044, "collision_count": 90 }, "geometry": { "type": "Point", "coordinates": [ -73.985044, 40.747773 ] } },
{ "type": "Feature", "properties": { "latitude": 40.596745, "longitude": -73.985275, "collision_count": 90 }, "geometry": { "type": "Point", "coordinates": [ -73.985275, 40.596745 ] } },
{ "type": "Feature", "properties": { "latitude": 40.703934, "longitude": -73.959854, "collision_count": 90 }, "geometry": { "type": "Point", "coordinates": [ -73.959854, 40.703934 ] } },
{ "type": "Feature", "properties": { "latitude": 40.727878, "longitude": -74.005426, "collision_count": 90 }, "geometry": { "type": "Point", "coordinates": [ -74.005426, 40.727878 ] } },
{ "type": "Feature", "properties": { "latitude": 40.705425, "longitude": -73.78258, "collision_count": 90 }, "geometry": { "type": "Point", "coordinates": [ -73.78258, 40.705425 ] } },
{ "type": "Feature", "properties": { "latitude": 40.755505, "longitude": -73.96807, "collision_count": 90 }, "geometry": { "type": "Point", "coordinates": [ -73.96807, 40.755505 ] } },
{ "type": "Feature", "properties": { "latitude": 40.798534, "longitude": -73.923035, "collision_count": 90 }, "geometry": { "type": "Point", "coordinates": [ -73.923035, 40.798534 ] } },
{ "type": "Feature", "properties": { "latitude": 40.77012, "longitude": -73.95741, "collision_count": 90 }, "geometry": { "type": "Point", "coordinates": [ -73.95741, 40.77012 ] } },
{ "type": "Feature", "properties": { "latitude": 40.64485, "longitude": -73.96002, "collision_count": 90 }, "geometry": { "type": "Point", "coordinates": [ -73.96002, 40.64485 ] } },
{ "type": "Feature", "properties": { "latitude": 40.762342, "longitude": -73.982352, "collision_count": 90 }, "geometry": { "type": "Point", "coordinates": [ -73.982352, 40.762342 ] } },
{ "type": "Feature", "properties": { "latitude": 40.584255, "longitude": -73.963787, "collision_count": 90 }, "geometry": { "type": "Point", "coordinates": [ -73.963787, 40.584255 ] } },
{ "type": "Feature", "properties": { "latitude": 40.62573, "longitude": -73.9564, "collision_count": 90 }, "geometry": { "type": "Point", "coordinates": [ -73.9564, 40.62573 ] } },
{ "type": "Feature", "properties": { "latitude": 40.867878, "longitude": -73.893005, "collision_count": 90 }, "geometry": { "type": "Point", "coordinates": [ -73.893005, 40.867878 ] } },
{ "type": "Feature", "properties": { "latitude": 40.673485, "longitude": -73.97296, "collision_count": 90 }, "geometry": { "type": "Point", "coordinates": [ -73.97296, 40.673485 ] } },
{ "type": "Feature", "properties": { "latitude": 40.670555, "longitude": -73.85634, "collision_count": 90 }, "geometry": { "type": "Point", "coordinates": [ -73.85634, 40.670555 ] } },
{ "type": "Feature", "properties": { "latitude": 40.809107, "longitude": -73.922887, "collision_count": 90 }, "geometry": { "type": "Point", "coordinates": [ -73.922887, 40.809107 ] } },
{ "type": "Feature", "properties": { "latitude": 40.755301, "longitude": -73.975344, "collision_count": 90 }, "geometry": { "type": "Point", "coordinates": [ -73.975344, 40.755301 ] } },
{ "type": "Feature", "properties": { "latitude": 40.87314, "longitude": -73.90572, "collision_count": 90 }, "geometry": { "type": "Point", "coordinates": [ -73.90572, 40.87314 ] } },
{ "type": "Feature", "properties": { "latitude": 40.753996, "longitude": -73.942431, "collision_count": 90 }, "geometry": { "type": "Point", "coordinates": [ -73.942431, 40.753996 ] } },
{ "type": "Feature", "properties": { "latitude": 40.766153, "longitude": -73.919778, "collision_count": 90 }, "geometry": { "type": "Point", "coordinates": [ -73.919778, 40.766153 ] } },
{ "type": "Feature", "properties": { "latitude": 40.67736, "longitude": -73.886861, "collision_count": 90 }, "geometry": { "type": "Point", "coordinates": [ -73.886861, 40.67736 ] } },
{ "type": "Feature", "properties": { "latitude": 40.737158, "longitude": -73.879405, "collision_count": 90 }, "geometry": { "type": "Point", "coordinates": [ -73.879405, 40.737158 ] } },
{ "type": "Feature", "properties": { "latitude": 40.767373, "longitude": -73.950057, "collision_count": 90 }, "geometry": { "type": "Point", "coordinates": [ -73.950057, 40.767373 ] } },
{ "type": "Feature", "properties": { "latitude": 40.683094, "longitude": -73.80596, "collision_count": 90 }, "geometry": { "type": "Point", "coordinates": [ -73.80596, 40.683094 ] } },
{ "type": "Feature", "properties": { "latitude": 40.804669, "longitude": -73.932182, "collision_count": 90 }, "geometry": { "type": "Point", "coordinates": [ -73.932182, 40.804669 ] } },
{ "type": "Feature", "properties": { "latitude": 40.707306, "longitude": -73.751214, "collision_count": 90 }, "geometry": { "type": "Point", "coordinates": [ -73.751214, 40.707306 ] } },
{ "type": "Feature", "properties": { "latitude": 40.520916, "longitude": -74.235115, "collision_count": 90 }, "geometry": { "type": "Point", "coordinates": [ -74.235115, 40.520916 ] } },
{ "type": "Feature", "properties": { "latitude": 40.757107, "longitude": -73.997314, "collision_count": 90 }, "geometry": { "type": "Point", "coordinates": [ -73.997314, 40.757107 ] } },
{ "type": "Feature", "properties": { "latitude": 40.65726, "longitude": -73.90031, "collision_count": 89 }, "geometry": { "type": "Point", "coordinates": [ -73.90031, 40.65726 ] } },
{ "type": "Feature", "properties": { "latitude": 40.754875, "longitude": -73.96853, "collision_count": 89 }, "geometry": { "type": "Point", "coordinates": [ -73.96853, 40.754875 ] } },
{ "type": "Feature", "properties": { "latitude": 40.734473, "longitude": -73.863154, "collision_count": 89 }, "geometry": { "type": "Point", "coordinates": [ -73.863154, 40.734473 ] } },
{ "type": "Feature", "properties": { "latitude": 40.682568, "longitude": -73.79266, "collision_count": 89 }, "geometry": { "type": "Point", "coordinates": [ -73.79266, 40.682568 ] } },
{ "type": "Feature", "properties": { "latitude": 40.704403, "longitude": -73.814445, "collision_count": 89 }, "geometry": { "type": "Point", "coordinates": [ -73.814445, 40.704403 ] } },
{ "type": "Feature", "properties": { "latitude": 40.710197, "longitude": -73.95843, "collision_count": 89 }, "geometry": { "type": "Point", "coordinates": [ -73.95843, 40.710197 ] } },
{ "type": "Feature", "properties": { "latitude": 40.816555, "longitude": -73.91677, "collision_count": 89 }, "geometry": { "type": "Point", "coordinates": [ -73.91677, 40.816555 ] } },
{ "type": "Feature", "properties": { "latitude": 40.62877, "longitude": -73.91825, "collision_count": 89 }, "geometry": { "type": "Point", "coordinates": [ -73.91825, 40.62877 ] } },
{ "type": "Feature", "properties": { "latitude": 40.84299, "longitude": -73.82625, "collision_count": 89 }, "geometry": { "type": "Point", "coordinates": [ -73.82625, 40.84299 ] } },
{ "type": "Feature", "properties": { "latitude": 40.848682, "longitude": -73.939224, "collision_count": 89 }, "geometry": { "type": "Point", "coordinates": [ -73.939224, 40.848682 ] } },
{ "type": "Feature", "properties": { "latitude": 40.761501, "longitude": -73.99782, "collision_count": 89 }, "geometry": { "type": "Point", "coordinates": [ -73.99782, 40.761501 ] } },
{ "type": "Feature", "properties": { "latitude": 40.845985, "longitude": -73.884476, "collision_count": 89 }, "geometry": { "type": "Point", "coordinates": [ -73.884476, 40.845985 ] } },
{ "type": "Feature", "properties": { "latitude": 40.783147, "longitude": -73.978327, "collision_count": 89 }, "geometry": { "type": "Point", "coordinates": [ -73.978327, 40.783147 ] } },
{ "type": "Feature", "properties": { "latitude": 40.826523, "longitude": -73.93116, "collision_count": 89 }, "geometry": { "type": "Point", "coordinates": [ -73.93116, 40.826523 ] } },
{ "type": "Feature", "properties": { "latitude": 40.83648, "longitude": -73.897736, "collision_count": 89 }, "geometry": { "type": "Point", "coordinates": [ -73.897736, 40.83648 ] } },
{ "type": "Feature", "properties": { "latitude": 40.684277, "longitude": -73.78302, "collision_count": 89 }, "geometry": { "type": "Point", "coordinates": [ -73.78302, 40.684277 ] } },
{ "type": "Feature", "properties": { "latitude": 40.747765, "longitude": -73.982958, "collision_count": 89 }, "geometry": { "type": "Point", "coordinates": [ -73.982958, 40.747765 ] } },
{ "type": "Feature", "properties": { "latitude": 40.652488, "longitude": -73.952663, "collision_count": 89 }, "geometry": { "type": "Point", "coordinates": [ -73.952663, 40.652488 ] } },
{ "type": "Feature", "properties": { "latitude": 40.846577, "longitude": -73.913155, "collision_count": 89 }, "geometry": { "type": "Point", "coordinates": [ -73.913155, 40.846577 ] } },
{ "type": "Feature", "properties": { "latitude": 40.824656, "longitude": -73.891929, "collision_count": 89 }, "geometry": { "type": "Point", "coordinates": [ -73.891929, 40.824656 ] } },
{ "type": "Feature", "properties": { "latitude": 40.704534, "longitude": -73.817236, "collision_count": 89 }, "geometry": { "type": "Point", "coordinates": [ -73.817236, 40.704534 ] } },
{ "type": "Feature", "properties": { "latitude": 40.850906, "longitude": -73.93829, "collision_count": 89 }, "geometry": { "type": "Point", "coordinates": [ -73.93829, 40.850906 ] } },
{ "type": "Feature", "properties": { "latitude": 40.7201, "longitude": -73.79038, "collision_count": 89 }, "geometry": { "type": "Point", "coordinates": [ -73.79038, 40.7201 ] } },
{ "type": "Feature", "properties": { "latitude": 40.610745, "longitude": -74.095829, "collision_count": 89 }, "geometry": { "type": "Point", "coordinates": [ -74.095829, 40.610745 ] } },
{ "type": "Feature", "properties": { "latitude": 40.651264, "longitude": -74.003914, "collision_count": 89 }, "geometry": { "type": "Point", "coordinates": [ -74.003914, 40.651264 ] } },
{ "type": "Feature", "properties": { "latitude": 40.654954, "longitude": -74.007017, "collision_count": 89 }, "geometry": { "type": "Point", "coordinates": [ -74.007017, 40.654954 ] } },
{ "type": "Feature", "properties": { "latitude": 40.695005, "longitude": -73.952489, "collision_count": 89 }, "geometry": { "type": "Point", "coordinates": [ -73.952489, 40.695005 ] } },
{ "type": "Feature", "properties": { "latitude": 40.727156, "longitude": -74.005545, "collision_count": 89 }, "geometry": { "type": "Point", "coordinates": [ -74.005545, 40.727156 ] } },
{ "type": "Feature", "properties": { "latitude": 40.817795, "longitude": -73.89319, "collision_count": 89 }, "geometry": { "type": "Point", "coordinates": [ -73.89319, 40.817795 ] } },
{ "type": "Feature", "properties": { "latitude": 40.713877, "longitude": -73.754046, "collision_count": 89 }, "geometry": { "type": "Point", "coordinates": [ -73.754046, 40.713877 ] } },
{ "type": "Feature", "properties": { "latitude": 40.58327, "longitude": -73.960049, "collision_count": 89 }, "geometry": { "type": "Point", "coordinates": [ -73.960049, 40.58327 ] } },
{ "type": "Feature", "properties": { "latitude": 40.72787, "longitude": -73.92913, "collision_count": 89 }, "geometry": { "type": "Point", "coordinates": [ -73.92913, 40.72787 ] } },
{ "type": "Feature", "properties": { "latitude": 40.86543, "longitude": -73.867361, "collision_count": 89 }, "geometry": { "type": "Point", "coordinates": [ -73.867361, 40.86543 ] } },
{ "type": "Feature", "properties": { "latitude": 40.772992, "longitude": -73.982078, "collision_count": 89 }, "geometry": { "type": "Point", "coordinates": [ -73.982078, 40.772992 ] } },
{ "type": "Feature", "properties": { "latitude": 40.718776, "longitude": -73.9957, "collision_count": 89 }, "geometry": { "type": "Point", "coordinates": [ -73.9957, 40.718776 ] } },
{ "type": "Feature", "properties": { "latitude": 40.769296, "longitude": -73.994939, "collision_count": 89 }, "geometry": { "type": "Point", "coordinates": [ -73.994939, 40.769296 ] } },
{ "type": "Feature", "properties": { "latitude": 40.763382, "longitude": -73.830296, "collision_count": 89 }, "geometry": { "type": "Point", "coordinates": [ -73.830296, 40.763382 ] } },
{ "type": "Feature", "properties": { "latitude": 40.714478, "longitude": -74.01354, "collision_count": 89 }, "geometry": { "type": "Point", "coordinates": [ -74.01354, 40.714478 ] } },
{ "type": "Feature", "properties": { "latitude": 40.62356, "longitude": -73.927376, "collision_count": 89 }, "geometry": { "type": "Point", "coordinates": [ -73.927376, 40.62356 ] } },
{ "type": "Feature", "properties": { "latitude": 40.754678, "longitude": -73.975806, "collision_count": 88 }, "geometry": { "type": "Point", "coordinates": [ -73.975806, 40.754678 ] } },
{ "type": "Feature", "properties": { "latitude": 40.650108, "longitude": -73.930206, "collision_count": 88 }, "geometry": { "type": "Point", "coordinates": [ -73.930206, 40.650108 ] } },
{ "type": "Feature", "properties": { "latitude": 40.817734, "longitude": -73.8047, "collision_count": 88 }, "geometry": { "type": "Point", "coordinates": [ -73.8047, 40.817734 ] } },
{ "type": "Feature", "properties": { "latitude": 40.796533, "longitude": -73.975955, "collision_count": 88 }, "geometry": { "type": "Point", "coordinates": [ -73.975955, 40.796533 ] } },
{ "type": "Feature", "properties": { "latitude": 40.636826, "longitude": -74.011765, "collision_count": 88 }, "geometry": { "type": "Point", "coordinates": [ -74.011765, 40.636826 ] } },
{ "type": "Feature", "properties": { "latitude": 40.674664, "longitude": -73.97025, "collision_count": 88 }, "geometry": { "type": "Point", "coordinates": [ -73.97025, 40.674664 ] } },
{ "type": "Feature", "properties": { "latitude": 40.752117, "longitude": -73.977684, "collision_count": 88 }, "geometry": { "type": "Point", "coordinates": [ -73.977684, 40.752117 ] } },
{ "type": "Feature", "properties": { "latitude": 40.860577, "longitude": -73.90255, "collision_count": 88 }, "geometry": { "type": "Point", "coordinates": [ -73.90255, 40.860577 ] } },
{ "type": "Feature", "properties": { "latitude": 40.844753, "longitude": -73.90539, "collision_count": 88 }, "geometry": { "type": "Point", "coordinates": [ -73.90539, 40.844753 ] } },
{ "type": "Feature", "properties": { "latitude": 40.759842, "longitude": -73.984184, "collision_count": 88 }, "geometry": { "type": "Point", "coordinates": [ -73.984184, 40.759842 ] } },
{ "type": "Feature", "properties": { "latitude": 40.71369, "longitude": -74.01376, "collision_count": 88 }, "geometry": { "type": "Point", "coordinates": [ -74.01376, 40.71369 ] } },
{ "type": "Feature", "properties": { "latitude": 40.764214, "longitude": -73.970958, "collision_count": 88 }, "geometry": { "type": "Point", "coordinates": [ -73.970958, 40.764214 ] } },
{ "type": "Feature", "properties": { "latitude": 40.713287, "longitude": -73.87163, "collision_count": 88 }, "geometry": { "type": "Point", "coordinates": [ -73.87163, 40.713287 ] } },
{ "type": "Feature", "properties": { "latitude": 40.747234, "longitude": -73.99337, "collision_count": 88 }, "geometry": { "type": "Point", "coordinates": [ -73.99337, 40.747234 ] } },
{ "type": "Feature", "properties": { "latitude": 40.585842, "longitude": -73.937875, "collision_count": 88 }, "geometry": { "type": "Point", "coordinates": [ -73.937875, 40.585842 ] } },
{ "type": "Feature", "properties": { "latitude": 40.724702, "longitude": -74.009319, "collision_count": 88 }, "geometry": { "type": "Point", "coordinates": [ -74.009319, 40.724702 ] } },
{ "type": "Feature", "properties": { "latitude": 40.680642, "longitude": -73.953371, "collision_count": 88 }, "geometry": { "type": "Point", "coordinates": [ -73.953371, 40.680642 ] } },
{ "type": "Feature", "properties": { "latitude": 40.751441, "longitude": -73.973959, "collision_count": 88 }, "geometry": { "type": "Point", "coordinates": [ -73.973959, 40.751441 ] } },
{ "type": "Feature", "properties": { "latitude": 40.645997, "longitude": -74.016338, "collision_count": 88 }, "geometry": { "type": "Point", "coordinates": [ -74.016338, 40.645997 ] } },
{ "type": "Feature", "properties": { "latitude": 40.779495, "longitude": -73.95559, "collision_count": 88 }, "geometry": { "type": "Point", "coordinates": [ -73.95559, 40.779495 ] } },
{ "type": "Feature", "properties": { "latitude": 40.764896, "longitude": -73.97256, "collision_count": 88 }, "geometry": { "type": "Point", "coordinates": [ -73.97256, 40.764896 ] } },
{ "type": "Feature", "properties": { "latitude": 40.715954, "longitude": -73.986725, "collision_count": 88 }, "geometry": { "type": "Point", "coordinates": [ -73.986725, 40.715954 ] } },
{ "type": "Feature", "properties": { "latitude": 40.797004, "longitude": -73.937774, "collision_count": 88 }, "geometry": { "type": "Point", "coordinates": [ -73.937774, 40.797004 ] } },
{ "type": "Feature", "properties": { "latitude": 40.843002, "longitude": -73.90359, "collision_count": 88 }, "geometry": { "type": "Point", "coordinates": [ -73.90359, 40.843002 ] } },
{ "type": "Feature", "properties": { "latitude": 40.857421, "longitude": -73.899955, "collision_count": 88 }, "geometry": { "type": "Point", "coordinates": [ -73.899955, 40.857421 ] } },
{ "type": "Feature", "properties": { "latitude": 40.73251, "longitude": -73.86827, "collision_count": 88 }, "geometry": { "type": "Point", "coordinates": [ -73.86827, 40.73251 ] } },
{ "type": "Feature", "properties": { "latitude": 40.753305, "longitude": -73.912571, "collision_count": 88 }, "geometry": { "type": "Point", "coordinates": [ -73.912571, 40.753305 ] } },
{ "type": "Feature", "properties": { "latitude": 40.805637, "longitude": -73.9344, "collision_count": 88 }, "geometry": { "type": "Point", "coordinates": [ -73.9344, 40.805637 ] } },
{ "type": "Feature", "properties": { "latitude": 40.747272, "longitude": -73.96673, "collision_count": 88 }, "geometry": { "type": "Point", "coordinates": [ -73.96673, 40.747272 ] } },
{ "type": "Feature", "properties": { "latitude": 40.665142, "longitude": -73.99669, "collision_count": 88 }, "geometry": { "type": "Point", "coordinates": [ -73.99669, 40.665142 ] } },
{ "type": "Feature", "properties": { "latitude": 40.692234, "longitude": -73.987305, "collision_count": 88 }, "geometry": { "type": "Point", "coordinates": [ -73.987305, 40.692234 ] } },
{ "type": "Feature", "properties": { "latitude": 40.7488, "longitude": -73.969846, "collision_count": 88 }, "geometry": { "type": "Point", "coordinates": [ -73.969846, 40.7488 ] } },
{ "type": "Feature", "properties": { "latitude": 40.750317, "longitude": -73.99112, "collision_count": 88 }, "geometry": { "type": "Point", "coordinates": [ -73.99112, 40.750317 ] } },
{ "type": "Feature", "properties": { "latitude": 40.748964, "longitude": -73.891752, "collision_count": 88 }, "geometry": { "type": "Point", "coordinates": [ -73.891752, 40.748964 ] } },
{ "type": "Feature", "properties": { "latitude": 40.6553, "longitude": -73.90318, "collision_count": 88 }, "geometry": { "type": "Point", "coordinates": [ -73.90318, 40.6553 ] } },
{ "type": "Feature", "properties": { "latitude": 40.759575, "longitude": -73.96803, "collision_count": 88 }, "geometry": { "type": "Point", "coordinates": [ -73.96803, 40.759575 ] } },
{ "type": "Feature", "properties": { "latitude": 40.748247, "longitude": -73.976289, "collision_count": 88 }, "geometry": { "type": "Point", "coordinates": [ -73.976289, 40.748247 ] } },
{ "type": "Feature", "properties": { "latitude": 40.751973, "longitude": -73.931958, "collision_count": 88 }, "geometry": { "type": "Point", "coordinates": [ -73.931958, 40.751973 ] } },
{ "type": "Feature", "properties": { "latitude": 40.751439, "longitude": -73.997679, "collision_count": 88 }, "geometry": { "type": "Point", "coordinates": [ -73.997679, 40.751439 ] } },
{ "type": "Feature", "properties": { "latitude": 40.764988, "longitude": -73.82067, "collision_count": 88 }, "geometry": { "type": "Point", "coordinates": [ -73.82067, 40.764988 ] } },
{ "type": "Feature", "properties": { "latitude": 40.776131, "longitude": -73.9107, "collision_count": 88 }, "geometry": { "type": "Point", "coordinates": [ -73.9107, 40.776131 ] } },
{ "type": "Feature", "properties": { "latitude": 40.755193, "longitude": -73.971218, "collision_count": 88 }, "geometry": { "type": "Point", "coordinates": [ -73.971218, 40.755193 ] } },
{ "type": "Feature", "properties": { "latitude": 40.748994, "longitude": -73.89687, "collision_count": 88 }, "geometry": { "type": "Point", "coordinates": [ -73.89687, 40.748994 ] } },
{ "type": "Feature", "properties": { "latitude": 40.627156, "longitude": -73.965625, "collision_count": 88 }, "geometry": { "type": "Point", "coordinates": [ -73.965625, 40.627156 ] } },
{ "type": "Feature", "properties": { "latitude": 40.753944, "longitude": -73.972136, "collision_count": 88 }, "geometry": { "type": "Point", "coordinates": [ -73.972136, 40.753944 ] } },
{ "type": "Feature", "properties": { "latitude": 40.65318, "longitude": -74.00561, "collision_count": 88 }, "geometry": { "type": "Point", "coordinates": [ -74.00561, 40.65318 ] } },
{ "type": "Feature", "properties": { "latitude": 40.704082, "longitude": -73.81641, "collision_count": 88 }, "geometry": { "type": "Point", "coordinates": [ -73.81641, 40.704082 ] } },
{ "type": "Feature", "properties": { "latitude": 40.76479, "longitude": -73.98429, "collision_count": 88 }, "geometry": { "type": "Point", "coordinates": [ -73.98429, 40.76479 ] } },
{ "type": "Feature", "properties": { "latitude": 40.75727, "longitude": -73.74765, "collision_count": 88 }, "geometry": { "type": "Point", "coordinates": [ -73.74765, 40.75727 ] } },
{ "type": "Feature", "properties": { "latitude": 40.80684, "longitude": -73.9275, "collision_count": 88 }, "geometry": { "type": "Point", "coordinates": [ -73.9275, 40.80684 ] } },
{ "type": "Feature", "properties": { "latitude": 40.749484, "longitude": -73.975382, "collision_count": 88 }, "geometry": { "type": "Point", "coordinates": [ -73.975382, 40.749484 ] } },
{ "type": "Feature", "properties": { "latitude": 40.823135, "longitude": -73.88225, "collision_count": 88 }, "geometry": { "type": "Point", "coordinates": [ -73.88225, 40.823135 ] } },
{ "type": "Feature", "properties": { "latitude": 40.762942, "longitude": -73.860661, "collision_count": 88 }, "geometry": { "type": "Point", "coordinates": [ -73.860661, 40.762942 ] } },
{ "type": "Feature", "properties": { "latitude": 40.619984, "longitude": -73.96427, "collision_count": 88 }, "geometry": { "type": "Point", "coordinates": [ -73.96427, 40.619984 ] } },
{ "type": "Feature", "properties": { "latitude": 40.742863, "longitude": -74.003975, "collision_count": 88 }, "geometry": { "type": "Point", "coordinates": [ -74.003975, 40.742863 ] } },
{ "type": "Feature", "properties": { "latitude": 40.867474, "longitude": -73.89741, "collision_count": 88 }, "geometry": { "type": "Point", "coordinates": [ -73.89741, 40.867474 ] } },
{ "type": "Feature", "properties": { "latitude": 40.61957, "longitude": -73.93355, "collision_count": 87 }, "geometry": { "type": "Point", "coordinates": [ -73.93355, 40.61957 ] } },
{ "type": "Feature", "properties": { "latitude": 40.761204, "longitude": -73.75539, "collision_count": 87 }, "geometry": { "type": "Point", "coordinates": [ -73.75539, 40.761204 ] } },
{ "type": "Feature", "properties": { "latitude": 40.796741, "longitude": -73.929243, "collision_count": 87 }, "geometry": { "type": "Point", "coordinates": [ -73.929243, 40.796741 ] } },
{ "type": "Feature", "properties": { "latitude": 40.825233, "longitude": -73.947604, "collision_count": 87 }, "geometry": { "type": "Point", "coordinates": [ -73.947604, 40.825233 ] } },
{ "type": "Feature", "properties": { "latitude": 40.756565, "longitude": -73.99028, "collision_count": 87 }, "geometry": { "type": "Point", "coordinates": [ -73.99028, 40.756565 ] } },
{ "type": "Feature", "properties": { "latitude": 40.700767, "longitude": -73.990933, "collision_count": 87 }, "geometry": { "type": "Point", "coordinates": [ -73.990933, 40.700767 ] } },
{ "type": "Feature", "properties": { "latitude": 40.691227, "longitude": -73.98214, "collision_count": 87 }, "geometry": { "type": "Point", "coordinates": [ -73.98214, 40.691227 ] } },
{ "type": "Feature", "properties": { "latitude": 40.847027, "longitude": -73.89807, "collision_count": 87 }, "geometry": { "type": "Point", "coordinates": [ -73.89807, 40.847027 ] } },
{ "type": "Feature", "properties": { "latitude": 40.87911, "longitude": -73.84325, "collision_count": 87 }, "geometry": { "type": "Point", "coordinates": [ -73.84325, 40.87911 ] } },
{ "type": "Feature", "properties": { "latitude": 40.757824, "longitude": -73.86101, "collision_count": 87 }, "geometry": { "type": "Point", "coordinates": [ -73.86101, 40.757824 ] } },
{ "type": "Feature", "properties": { "latitude": 40.71445, "longitude": -73.9306, "collision_count": 87 }, "geometry": { "type": "Point", "coordinates": [ -73.9306, 40.71445 ] } },
{ "type": "Feature", "properties": { "latitude": 40.719864, "longitude": -73.944849, "collision_count": 87 }, "geometry": { "type": "Point", "coordinates": [ -73.944849, 40.719864 ] } },
{ "type": "Feature", "properties": { "latitude": 40.742973, "longitude": -73.814316, "collision_count": 87 }, "geometry": { "type": "Point", "coordinates": [ -73.814316, 40.742973 ] } },
{ "type": "Feature", "properties": { "latitude": 40.781952, "longitude": -73.975482, "collision_count": 87 }, "geometry": { "type": "Point", "coordinates": [ -73.975482, 40.781952 ] } },
{ "type": "Feature", "properties": { "latitude": 40.84647, "longitude": -73.92633, "collision_count": 87 }, "geometry": { "type": "Point", "coordinates": [ -73.92633, 40.84647 ] } },
{ "type": "Feature", "properties": { "latitude": 40.858192, "longitude": -73.884344, "collision_count": 87 }, "geometry": { "type": "Point", "coordinates": [ -73.884344, 40.858192 ] } },
{ "type": "Feature", "properties": { "latitude": 40.757755, "longitude": -73.79304, "collision_count": 87 }, "geometry": { "type": "Point", "coordinates": [ -73.79304, 40.757755 ] } },
{ "type": "Feature", "properties": { "latitude": 40.82802, "longitude": -73.93122, "collision_count": 87 }, "geometry": { "type": "Point", "coordinates": [ -73.93122, 40.82802 ] } },
{ "type": "Feature", "properties": { "latitude": 40.734497, "longitude": -73.72287, "collision_count": 87 }, "geometry": { "type": "Point", "coordinates": [ -73.72287, 40.734497 ] } },
{ "type": "Feature", "properties": { "latitude": 40.750099, "longitude": -73.974934, "collision_count": 87 }, "geometry": { "type": "Point", "coordinates": [ -73.974934, 40.750099 ] } },
{ "type": "Feature", "properties": { "latitude": 40.804344, "longitude": -73.92157, "collision_count": 87 }, "geometry": { "type": "Point", "coordinates": [ -73.92157, 40.804344 ] } },
{ "type": "Feature", "properties": { "latitude": 40.744091, "longitude": -73.976348, "collision_count": 87 }, "geometry": { "type": "Point", "coordinates": [ -73.976348, 40.744091 ] } },
{ "type": "Feature", "properties": { "latitude": 40.699017, "longitude": -73.80696, "collision_count": 87 }, "geometry": { "type": "Point", "coordinates": [ -73.80696, 40.699017 ] } },
{ "type": "Feature", "properties": { "latitude": 40.721249, "longitude": -73.992236, "collision_count": 87 }, "geometry": { "type": "Point", "coordinates": [ -73.992236, 40.721249 ] } },
{ "type": "Feature", "properties": { "latitude": 40.8262, "longitude": -73.821686, "collision_count": 87 }, "geometry": { "type": "Point", "coordinates": [ -73.821686, 40.8262 ] } },
{ "type": "Feature", "properties": { "latitude": 40.714928, "longitude": -74.00795, "collision_count": 87 }, "geometry": { "type": "Point", "coordinates": [ -74.00795, 40.714928 ] } },
{ "type": "Feature", "properties": { "latitude": 40.748466, "longitude": -73.99247, "collision_count": 87 }, "geometry": { "type": "Point", "coordinates": [ -73.99247, 40.748466 ] } },
{ "type": "Feature", "properties": { "latitude": 40.764286, "longitude": -73.95562, "collision_count": 87 }, "geometry": { "type": "Point", "coordinates": [ -73.95562, 40.764286 ] } },
{ "type": "Feature", "properties": { "latitude": 40.739956, "longitude": -73.89421, "collision_count": 87 }, "geometry": { "type": "Point", "coordinates": [ -73.89421, 40.739956 ] } },
{ "type": "Feature", "properties": { "latitude": 40.665522, "longitude": -73.744657, "collision_count": 87 }, "geometry": { "type": "Point", "coordinates": [ -73.744657, 40.665522 ] } },
{ "type": "Feature", "properties": { "latitude": 40.761665, "longitude": -73.97492, "collision_count": 87 }, "geometry": { "type": "Point", "coordinates": [ -73.97492, 40.761665 ] } },
{ "type": "Feature", "properties": { "latitude": 40.747917, "longitude": -73.9736, "collision_count": 87 }, "geometry": { "type": "Point", "coordinates": [ -73.9736, 40.747917 ] } },
{ "type": "Feature", "properties": { "latitude": 40.644, "longitude": -73.87584, "collision_count": 87 }, "geometry": { "type": "Point", "coordinates": [ -73.87584, 40.644 ] } },
{ "type": "Feature", "properties": { "latitude": 40.669369, "longitude": -73.895223, "collision_count": 87 }, "geometry": { "type": "Point", "coordinates": [ -73.895223, 40.669369 ] } },
{ "type": "Feature", "properties": { "latitude": 40.759163, "longitude": -73.988396, "collision_count": 87 }, "geometry": { "type": "Point", "coordinates": [ -73.988396, 40.759163 ] } },
{ "type": "Feature", "properties": { "latitude": 40.728233, "longitude": -73.833119, "collision_count": 87 }, "geometry": { "type": "Point", "coordinates": [ -73.833119, 40.728233 ] } },
{ "type": "Feature", "properties": { "latitude": 40.88953, "longitude": -73.86565, "collision_count": 87 }, "geometry": { "type": "Point", "coordinates": [ -73.86565, 40.88953 ] } },
{ "type": "Feature", "properties": { "latitude": 40.712442, "longitude": -73.894019, "collision_count": 87 }, "geometry": { "type": "Point", "coordinates": [ -73.894019, 40.712442 ] } },
{ "type": "Feature", "properties": { "latitude": 40.758327, "longitude": -73.96894, "collision_count": 87 }, "geometry": { "type": "Point", "coordinates": [ -73.96894, 40.758327 ] } },
{ "type": "Feature", "properties": { "latitude": 40.75218, "longitude": -73.85201, "collision_count": 87 }, "geometry": { "type": "Point", "coordinates": [ -73.85201, 40.75218 ] } },
{ "type": "Feature", "properties": { "latitude": 40.841087, "longitude": -73.86447, "collision_count": 87 }, "geometry": { "type": "Point", "coordinates": [ -73.86447, 40.841087 ] } },
{ "type": "Feature", "properties": { "latitude": 40.743212, "longitude": -74.008614, "collision_count": 87 }, "geometry": { "type": "Point", "coordinates": [ -74.008614, 40.743212 ] } },
{ "type": "Feature", "properties": { "latitude": 40.659276, "longitude": -73.888996, "collision_count": 87 }, "geometry": { "type": "Point", "coordinates": [ -73.888996, 40.659276 ] } },
{ "type": "Feature", "properties": { "latitude": 40.582272, "longitude": -73.986118, "collision_count": 87 }, "geometry": { "type": "Point", "coordinates": [ -73.986118, 40.582272 ] } },
{ "type": "Feature", "properties": { "latitude": 40.737537, "longitude": -73.929945, "collision_count": 87 }, "geometry": { "type": "Point", "coordinates": [ -73.929945, 40.737537 ] } },
{ "type": "Feature", "properties": { "latitude": 40.751545, "longitude": -73.870843, "collision_count": 87 }, "geometry": { "type": "Point", "coordinates": [ -73.870843, 40.751545 ] } },
{ "type": "Feature", "properties": { "latitude": 40.815403, "longitude": -73.93992, "collision_count": 87 }, "geometry": { "type": "Point", "coordinates": [ -73.93992, 40.815403 ] } },
{ "type": "Feature", "properties": { "latitude": 40.786486, "longitude": -73.972173, "collision_count": 87 }, "geometry": { "type": "Point", "coordinates": [ -73.972173, 40.786486 ] } },
{ "type": "Feature", "properties": { "latitude": 40.680088, "longitude": -73.94398, "collision_count": 86 }, "geometry": { "type": "Point", "coordinates": [ -73.94398, 40.680088 ] } },
{ "type": "Feature", "properties": { "latitude": 40.590342, "longitude": -74.066624, "collision_count": 86 }, "geometry": { "type": "Point", "coordinates": [ -74.066624, 40.590342 ] } },
{ "type": "Feature", "properties": { "latitude": 40.748363, "longitude": -73.98041, "collision_count": 86 }, "geometry": { "type": "Point", "coordinates": [ -73.98041, 40.748363 ] } },
{ "type": "Feature", "properties": { "latitude": 40.753, "longitude": -73.969894, "collision_count": 86 }, "geometry": { "type": "Point", "coordinates": [ -73.969894, 40.753 ] } },
{ "type": "Feature", "properties": { "latitude": 40.759205, "longitude": -73.98464, "collision_count": 86 }, "geometry": { "type": "Point", "coordinates": [ -73.98464, 40.759205 ] } },
{ "type": "Feature", "properties": { "latitude": 40.745384, "longitude": -73.994709, "collision_count": 86 }, "geometry": { "type": "Point", "coordinates": [ -73.994709, 40.745384 ] } },
{ "type": "Feature", "properties": { "latitude": 40.742163, "longitude": -73.804432, "collision_count": 86 }, "geometry": { "type": "Point", "coordinates": [ -73.804432, 40.742163 ] } },
{ "type": "Feature", "properties": { "latitude": 40.64891, "longitude": -73.89256, "collision_count": 86 }, "geometry": { "type": "Point", "coordinates": [ -73.89256, 40.64891 ] } },
{ "type": "Feature", "properties": { "latitude": 40.752541, "longitude": -73.852604, "collision_count": 86 }, "geometry": { "type": "Point", "coordinates": [ -73.852604, 40.752541 ] } },
{ "type": "Feature", "properties": { "latitude": 40.746883, "longitude": -73.76348, "collision_count": 86 }, "geometry": { "type": "Point", "coordinates": [ -73.76348, 40.746883 ] } },
{ "type": "Feature", "properties": { "latitude": 40.827512, "longitude": -73.924943, "collision_count": 86 }, "geometry": { "type": "Point", "coordinates": [ -73.924943, 40.827512 ] } },
{ "type": "Feature", "properties": { "latitude": 40.845177, "longitude": -73.91417, "collision_count": 86 }, "geometry": { "type": "Point", "coordinates": [ -73.91417, 40.845177 ] } },
{ "type": "Feature", "properties": { "latitude": 40.635508, "longitude": -73.913277, "collision_count": 86 }, "geometry": { "type": "Point", "coordinates": [ -73.913277, 40.635508 ] } },
{ "type": "Feature", "properties": { "latitude": 40.664083, "longitude": -73.948167, "collision_count": 86 }, "geometry": { "type": "Point", "coordinates": [ -73.948167, 40.664083 ] } },
{ "type": "Feature", "properties": { "latitude": 40.716957, "longitude": -73.82655, "collision_count": 86 }, "geometry": { "type": "Point", "coordinates": [ -73.82655, 40.716957 ] } },
{ "type": "Feature", "properties": { "latitude": 40.764214, "longitude": -73.97096, "collision_count": 86 }, "geometry": { "type": "Point", "coordinates": [ -73.97096, 40.764214 ] } },
{ "type": "Feature", "properties": { "latitude": 40.835968, "longitude": -73.87, "collision_count": 86 }, "geometry": { "type": "Point", "coordinates": [ -73.87, 40.835968 ] } },
{ "type": "Feature", "properties": { "latitude": 40.681686, "longitude": -73.871574, "collision_count": 86 }, "geometry": { "type": "Point", "coordinates": [ -73.871574, 40.681686 ] } },
{ "type": "Feature", "properties": { "latitude": 40.657665, "longitude": -73.89705, "collision_count": 86 }, "geometry": { "type": "Point", "coordinates": [ -73.89705, 40.657665 ] } },
{ "type": "Feature", "properties": { "latitude": 40.762127, "longitude": -73.99739, "collision_count": 86 }, "geometry": { "type": "Point", "coordinates": [ -73.99739, 40.762127 ] } },
{ "type": "Feature", "properties": { "latitude": 40.67818, "longitude": -73.870705, "collision_count": 86 }, "geometry": { "type": "Point", "coordinates": [ -73.870705, 40.67818 ] } },
{ "type": "Feature", "properties": { "latitude": 40.5953, "longitude": -74.1619, "collision_count": 86 }, "geometry": { "type": "Point", "coordinates": [ -74.1619, 40.5953 ] } },
{ "type": "Feature", "properties": { "latitude": 40.833557, "longitude": -73.85774, "collision_count": 86 }, "geometry": { "type": "Point", "coordinates": [ -73.85774, 40.833557 ] } },
{ "type": "Feature", "properties": { "latitude": 40.676598, "longitude": -73.93039, "collision_count": 86 }, "geometry": { "type": "Point", "coordinates": [ -73.93039, 40.676598 ] } },
{ "type": "Feature", "properties": { "latitude": 40.767532, "longitude": -73.953255, "collision_count": 86 }, "geometry": { "type": "Point", "coordinates": [ -73.953255, 40.767532 ] } },
{ "type": "Feature", "properties": { "latitude": 40.692124, "longitude": -73.989031, "collision_count": 86 }, "geometry": { "type": "Point", "coordinates": [ -73.989031, 40.692124 ] } },
{ "type": "Feature", "properties": { "latitude": 40.862732, "longitude": -73.90333, "collision_count": 86 }, "geometry": { "type": "Point", "coordinates": [ -73.90333, 40.862732 ] } },
{ "type": "Feature", "properties": { "latitude": 40.69979, "longitude": -73.950096, "collision_count": 86 }, "geometry": { "type": "Point", "coordinates": [ -73.950096, 40.69979 ] } },
{ "type": "Feature", "properties": { "latitude": 40.626457, "longitude": -73.918, "collision_count": 86 }, "geometry": { "type": "Point", "coordinates": [ -73.918, 40.626457 ] } },
{ "type": "Feature", "properties": { "latitude": 40.818013, "longitude": -73.925185, "collision_count": 86 }, "geometry": { "type": "Point", "coordinates": [ -73.925185, 40.818013 ] } },
{ "type": "Feature", "properties": { "latitude": 40.856045, "longitude": -73.90079, "collision_count": 86 }, "geometry": { "type": "Point", "coordinates": [ -73.90079, 40.856045 ] } },
{ "type": "Feature", "properties": { "latitude": 40.698677, "longitude": -73.95886, "collision_count": 86 }, "geometry": { "type": "Point", "coordinates": [ -73.95886, 40.698677 ] } },
{ "type": "Feature", "properties": { "latitude": 40.750195, "longitude": -73.939835, "collision_count": 86 }, "geometry": { "type": "Point", "coordinates": [ -73.939835, 40.750195 ] } },
{ "type": "Feature", "properties": { "latitude": 40.646515, "longitude": -73.974655, "collision_count": 86 }, "geometry": { "type": "Point", "coordinates": [ -73.974655, 40.646515 ] } },
{ "type": "Feature", "properties": { "latitude": 40.666962, "longitude": -73.770775, "collision_count": 86 }, "geometry": { "type": "Point", "coordinates": [ -73.770775, 40.666962 ] } },
{ "type": "Feature", "properties": { "latitude": 40.736523, "longitude": -73.928329, "collision_count": 86 }, "geometry": { "type": "Point", "coordinates": [ -73.928329, 40.736523 ] } },
{ "type": "Feature", "properties": { "latitude": 40.755516, "longitude": -73.961105, "collision_count": 86 }, "geometry": { "type": "Point", "coordinates": [ -73.961105, 40.755516 ] } },
{ "type": "Feature", "properties": { "latitude": 40.858707, "longitude": -73.9037, "collision_count": 86 }, "geometry": { "type": "Point", "coordinates": [ -73.9037, 40.858707 ] } },
{ "type": "Feature", "properties": { "latitude": 40.61467, "longitude": -73.92809, "collision_count": 86 }, "geometry": { "type": "Point", "coordinates": [ -73.92809, 40.61467 ] } },
{ "type": "Feature", "properties": { "latitude": 40.675507, "longitude": -74.00075, "collision_count": 86 }, "geometry": { "type": "Point", "coordinates": [ -74.00075, 40.675507 ] } },
{ "type": "Feature", "properties": { "latitude": 40.75957, "longitude": -73.830139, "collision_count": 86 }, "geometry": { "type": "Point", "coordinates": [ -73.830139, 40.75957 ] } },
{ "type": "Feature", "properties": { "latitude": 40.664954, "longitude": -73.99335, "collision_count": 86 }, "geometry": { "type": "Point", "coordinates": [ -73.99335, 40.664954 ] } },
{ "type": "Feature", "properties": { "latitude": 40.669684, "longitude": -73.910741, "collision_count": 86 }, "geometry": { "type": "Point", "coordinates": [ -73.910741, 40.669684 ] } },
{ "type": "Feature", "properties": { "latitude": 40.73706, "longitude": -73.85266, "collision_count": 86 }, "geometry": { "type": "Point", "coordinates": [ -73.85266, 40.73706 ] } },
{ "type": "Feature", "properties": { "latitude": 40.758644, "longitude": -73.981346, "collision_count": 86 }, "geometry": { "type": "Point", "coordinates": [ -73.981346, 40.758644 ] } },
{ "type": "Feature", "properties": { "latitude": 40.841076, "longitude": -73.93977, "collision_count": 86 }, "geometry": { "type": "Point", "coordinates": [ -73.93977, 40.841076 ] } },
{ "type": "Feature", "properties": { "latitude": 40.599382, "longitude": -73.951404, "collision_count": 86 }, "geometry": { "type": "Point", "coordinates": [ -73.951404, 40.599382 ] } },
{ "type": "Feature", "properties": { "latitude": 40.7138, "longitude": -73.93318, "collision_count": 86 }, "geometry": { "type": "Point", "coordinates": [ -73.93318, 40.7138 ] } },
{ "type": "Feature", "properties": { "latitude": 40.8018, "longitude": -73.96108, "collision_count": 86 }, "geometry": { "type": "Point", "coordinates": [ -73.96108, 40.8018 ] } },
{ "type": "Feature", "properties": { "latitude": 40.844177, "longitude": -73.90292, "collision_count": 86 }, "geometry": { "type": "Point", "coordinates": [ -73.90292, 40.844177 ] } },
{ "type": "Feature", "properties": { "latitude": 40.75337, "longitude": -73.974655, "collision_count": 86 }, "geometry": { "type": "Point", "coordinates": [ -73.974655, 40.75337 ] } },
{ "type": "Feature", "properties": { "latitude": 40.742523, "longitude": -73.94924, "collision_count": 86 }, "geometry": { "type": "Point", "coordinates": [ -73.94924, 40.742523 ] } },
{ "type": "Feature", "properties": { "latitude": 40.58584, "longitude": -73.93788, "collision_count": 86 }, "geometry": { "type": "Point", "coordinates": [ -73.93788, 40.58584 ] } },
{ "type": "Feature", "properties": { "latitude": 40.585163, "longitude": -73.95641, "collision_count": 86 }, "geometry": { "type": "Point", "coordinates": [ -73.95641, 40.585163 ] } },
{ "type": "Feature", "properties": { "latitude": 40.625546, "longitude": -73.93998, "collision_count": 86 }, "geometry": { "type": "Point", "coordinates": [ -73.93998, 40.625546 ] } },
{ "type": "Feature", "properties": { "latitude": 40.590112, "longitude": -73.974217, "collision_count": 86 }, "geometry": { "type": "Point", "coordinates": [ -73.974217, 40.590112 ] } },
{ "type": "Feature", "properties": { "latitude": 40.83955, "longitude": -73.91595, "collision_count": 86 }, "geometry": { "type": "Point", "coordinates": [ -73.91595, 40.83955 ] } },
{ "type": "Feature", "properties": { "latitude": 40.796799, "longitude": -73.929369, "collision_count": 86 }, "geometry": { "type": "Point", "coordinates": [ -73.929369, 40.796799 ] } },
{ "type": "Feature", "properties": { "latitude": 40.87835, "longitude": -73.870346, "collision_count": 85 }, "geometry": { "type": "Point", "coordinates": [ -73.870346, 40.87835 ] } },
{ "type": "Feature", "properties": { "latitude": 40.778137, "longitude": -73.95449, "collision_count": 85 }, "geometry": { "type": "Point", "coordinates": [ -73.95449, 40.778137 ] } },
{ "type": "Feature", "properties": { "latitude": 40.583728, "longitude": -73.893712, "collision_count": 85 }, "geometry": { "type": "Point", "coordinates": [ -73.893712, 40.583728 ] } },
{ "type": "Feature", "properties": { "latitude": 40.66653, "longitude": -73.806274, "collision_count": 85 }, "geometry": { "type": "Point", "coordinates": [ -73.806274, 40.66653 ] } },
{ "type": "Feature", "properties": { "latitude": 40.71507, "longitude": -73.91327, "collision_count": 85 }, "geometry": { "type": "Point", "coordinates": [ -73.91327, 40.71507 ] } },
{ "type": "Feature", "properties": { "latitude": 40.855785, "longitude": -73.90558, "collision_count": 85 }, "geometry": { "type": "Point", "coordinates": [ -73.90558, 40.855785 ] } },
{ "type": "Feature", "properties": { "latitude": 40.576965, "longitude": -74.16974, "collision_count": 85 }, "geometry": { "type": "Point", "coordinates": [ -74.16974, 40.576965 ] } },
{ "type": "Feature", "properties": { "latitude": 40.72071, "longitude": -73.981309, "collision_count": 85 }, "geometry": { "type": "Point", "coordinates": [ -73.981309, 40.72071 ] } },
{ "type": "Feature", "properties": { "latitude": 40.77929, "longitude": -73.98114, "collision_count": 85 }, "geometry": { "type": "Point", "coordinates": [ -73.98114, 40.77929 ] } },
{ "type": "Feature", "properties": { "latitude": 40.758007, "longitude": -73.96624, "collision_count": 85 }, "geometry": { "type": "Point", "coordinates": [ -73.96624, 40.758007 ] } },
{ "type": "Feature", "properties": { "latitude": 40.747751, "longitude": -73.98085, "collision_count": 85 }, "geometry": { "type": "Point", "coordinates": [ -73.98085, 40.747751 ] } },
{ "type": "Feature", "properties": { "latitude": 40.736004, "longitude": -73.99362, "collision_count": 85 }, "geometry": { "type": "Point", "coordinates": [ -73.99362, 40.736004 ] } },
{ "type": "Feature", "properties": { "latitude": 40.873139, "longitude": -73.905713, "collision_count": 85 }, "geometry": { "type": "Point", "coordinates": [ -73.905713, 40.873139 ] } },
{ "type": "Feature", "properties": { "latitude": 40.754105, "longitude": -73.72321, "collision_count": 85 }, "geometry": { "type": "Point", "coordinates": [ -73.72321, 40.754105 ] } },
{ "type": "Feature", "properties": { "latitude": 40.712284, "longitude": -73.78536, "collision_count": 85 }, "geometry": { "type": "Point", "coordinates": [ -73.78536, 40.712284 ] } },
{ "type": "Feature", "properties": { "latitude": 40.803844, "longitude": -73.91444, "collision_count": 85 }, "geometry": { "type": "Point", "coordinates": [ -73.91444, 40.803844 ] } },
{ "type": "Feature", "properties": { "latitude": 40.767803, "longitude": -73.956, "collision_count": 85 }, "geometry": { "type": "Point", "coordinates": [ -73.956, 40.767803 ] } },
{ "type": "Feature", "properties": { "latitude": 40.704308, "longitude": -73.91924, "collision_count": 85 }, "geometry": { "type": "Point", "coordinates": [ -73.91924, 40.704308 ] } },
{ "type": "Feature", "properties": { "latitude": 40.671196, "longitude": -73.84296, "collision_count": 85 }, "geometry": { "type": "Point", "coordinates": [ -73.84296, 40.671196 ] } },
{ "type": "Feature", "properties": { "latitude": 40.794736, "longitude": -73.969872, "collision_count": 85 }, "geometry": { "type": "Point", "coordinates": [ -73.969872, 40.794736 ] } },
{ "type": "Feature", "properties": { "latitude": 40.84636, "longitude": -73.84463, "collision_count": 85 }, "geometry": { "type": "Point", "coordinates": [ -73.84463, 40.84636 ] } },
{ "type": "Feature", "properties": { "latitude": 40.757859, "longitude": -73.975592, "collision_count": 85 }, "geometry": { "type": "Point", "coordinates": [ -73.975592, 40.757859 ] } },
{ "type": "Feature", "properties": { "latitude": 40.642134, "longitude": -73.929353, "collision_count": 85 }, "geometry": { "type": "Point", "coordinates": [ -73.929353, 40.642134 ] } },
{ "type": "Feature", "properties": { "latitude": 40.77656, "longitude": -73.95271, "collision_count": 85 }, "geometry": { "type": "Point", "coordinates": [ -73.95271, 40.77656 ] } },
{ "type": "Feature", "properties": { "latitude": 40.71473, "longitude": -73.94208, "collision_count": 85 }, "geometry": { "type": "Point", "coordinates": [ -73.94208, 40.71473 ] } },
{ "type": "Feature", "properties": { "latitude": 40.843365, "longitude": -73.91545, "collision_count": 85 }, "geometry": { "type": "Point", "coordinates": [ -73.91545, 40.843365 ] } },
{ "type": "Feature", "properties": { "latitude": 40.74214, "longitude": -74.00821, "collision_count": 85 }, "geometry": { "type": "Point", "coordinates": [ -74.00821, 40.74214 ] } },
{ "type": "Feature", "properties": { "latitude": 40.858433, "longitude": -73.885124, "collision_count": 85 }, "geometry": { "type": "Point", "coordinates": [ -73.885124, 40.858433 ] } },
{ "type": "Feature", "properties": { "latitude": 40.763485, "longitude": -73.988947, "collision_count": 85 }, "geometry": { "type": "Point", "coordinates": [ -73.988947, 40.763485 ] } },
{ "type": "Feature", "properties": { "latitude": 40.69802, "longitude": -73.97499, "collision_count": 85 }, "geometry": { "type": "Point", "coordinates": [ -73.97499, 40.69802 ] } },
{ "type": "Feature", "properties": { "latitude": 40.842335, "longitude": -73.91619, "collision_count": 85 }, "geometry": { "type": "Point", "coordinates": [ -73.91619, 40.842335 ] } },
{ "type": "Feature", "properties": { "latitude": 40.76093, "longitude": -73.96914, "collision_count": 85 }, "geometry": { "type": "Point", "coordinates": [ -73.96914, 40.76093 ] } },
{ "type": "Feature", "properties": { "latitude": 40.689445, "longitude": -73.95513, "collision_count": 85 }, "geometry": { "type": "Point", "coordinates": [ -73.95513, 40.689445 ] } },
{ "type": "Feature", "properties": { "latitude": 40.678257, "longitude": -74.002235, "collision_count": 85 }, "geometry": { "type": "Point", "coordinates": [ -74.002235, 40.678257 ] } },
{ "type": "Feature", "properties": { "latitude": 40.666573, "longitude": -73.78632, "collision_count": 85 }, "geometry": { "type": "Point", "coordinates": [ -73.78632, 40.666573 ] } },
{ "type": "Feature", "properties": { "latitude": 40.827812, "longitude": -73.925929, "collision_count": 85 }, "geometry": { "type": "Point", "coordinates": [ -73.925929, 40.827812 ] } },
{ "type": "Feature", "properties": { "latitude": 40.759883, "longitude": -73.936791, "collision_count": 85 }, "geometry": { "type": "Point", "coordinates": [ -73.936791, 40.759883 ] } },
{ "type": "Feature", "properties": { "latitude": 40.845222, "longitude": -73.866118, "collision_count": 85 }, "geometry": { "type": "Point", "coordinates": [ -73.866118, 40.845222 ] } },
{ "type": "Feature", "properties": { "latitude": 40.850304, "longitude": -73.851368, "collision_count": 85 }, "geometry": { "type": "Point", "coordinates": [ -73.851368, 40.850304 ] } },
{ "type": "Feature", "properties": { "latitude": 40.61255, "longitude": -73.96287, "collision_count": 85 }, "geometry": { "type": "Point", "coordinates": [ -73.96287, 40.61255 ] } },
{ "type": "Feature", "properties": { "latitude": 40.635186, "longitude": -73.928611, "collision_count": 85 }, "geometry": { "type": "Point", "coordinates": [ -73.928611, 40.635186 ] } },
{ "type": "Feature", "properties": { "latitude": 40.738844, "longitude": -73.814036, "collision_count": 85 }, "geometry": { "type": "Point", "coordinates": [ -73.814036, 40.738844 ] } },
{ "type": "Feature", "properties": { "latitude": 40.757639, "longitude": -73.96341, "collision_count": 85 }, "geometry": { "type": "Point", "coordinates": [ -73.96341, 40.757639 ] } },
{ "type": "Feature", "properties": { "latitude": 40.810175, "longitude": -73.937408, "collision_count": 85 }, "geometry": { "type": "Point", "coordinates": [ -73.937408, 40.810175 ] } },
{ "type": "Feature", "properties": { "latitude": 40.629508, "longitude": -73.944155, "collision_count": 85 }, "geometry": { "type": "Point", "coordinates": [ -73.944155, 40.629508 ] } },
{ "type": "Feature", "properties": { "latitude": 40.720854, "longitude": -74.003929, "collision_count": 85 }, "geometry": { "type": "Point", "coordinates": [ -74.003929, 40.720854 ] } },
{ "type": "Feature", "properties": { "latitude": 40.579052, "longitude": -73.98415, "collision_count": 85 }, "geometry": { "type": "Point", "coordinates": [ -73.98415, 40.579052 ] } },
{ "type": "Feature", "properties": { "latitude": 40.77202, "longitude": -73.956024, "collision_count": 85 }, "geometry": { "type": "Point", "coordinates": [ -73.956024, 40.77202 ] } },
{ "type": "Feature", "properties": { "latitude": 40.81914, "longitude": -73.93719, "collision_count": 85 }, "geometry": { "type": "Point", "coordinates": [ -73.93719, 40.81914 ] } },
{ "type": "Feature", "properties": { "latitude": 40.68986, "longitude": -73.95147, "collision_count": 85 }, "geometry": { "type": "Point", "coordinates": [ -73.95147, 40.68986 ] } },
{ "type": "Feature", "properties": { "latitude": 40.863632, "longitude": -73.87168, "collision_count": 85 }, "geometry": { "type": "Point", "coordinates": [ -73.87168, 40.863632 ] } },
{ "type": "Feature", "properties": { "latitude": 40.69977, "longitude": -73.98294, "collision_count": 85 }, "geometry": { "type": "Point", "coordinates": [ -73.98294, 40.69977 ] } },
{ "type": "Feature", "properties": { "latitude": 40.785492, "longitude": -73.984116, "collision_count": 85 }, "geometry": { "type": "Point", "coordinates": [ -73.984116, 40.785492 ] } },
{ "type": "Feature", "properties": { "latitude": 40.70636, "longitude": -73.792534, "collision_count": 85 }, "geometry": { "type": "Point", "coordinates": [ -73.792534, 40.70636 ] } },
{ "type": "Feature", "properties": { "latitude": 40.755824, "longitude": -73.97076, "collision_count": 85 }, "geometry": { "type": "Point", "coordinates": [ -73.97076, 40.755824 ] } },
{ "type": "Feature", "properties": { "latitude": 40.77613, "longitude": -73.910706, "collision_count": 85 }, "geometry": { "type": "Point", "coordinates": [ -73.910706, 40.77613 ] } },
{ "type": "Feature", "properties": { "latitude": 40.750977, "longitude": -73.934746, "collision_count": 85 }, "geometry": { "type": "Point", "coordinates": [ -73.934746, 40.750977 ] } },
{ "type": "Feature", "properties": { "latitude": 40.580616, "longitude": -74.152534, "collision_count": 85 }, "geometry": { "type": "Point", "coordinates": [ -74.152534, 40.580616 ] } },
{ "type": "Feature", "properties": { "latitude": 40.733612, "longitude": -73.999565, "collision_count": 85 }, "geometry": { "type": "Point", "coordinates": [ -73.999565, 40.733612 ] } },
{ "type": "Feature", "properties": { "latitude": 40.615433, "longitude": -73.91388, "collision_count": 85 }, "geometry": { "type": "Point", "coordinates": [ -73.91388, 40.615433 ] } },
{ "type": "Feature", "properties": { "latitude": 40.656979, "longitude": -73.889418, "collision_count": 84 }, "geometry": { "type": "Point", "coordinates": [ -73.889418, 40.656979 ] } },
{ "type": "Feature", "properties": { "latitude": 40.762962, "longitude": -73.97188, "collision_count": 84 }, "geometry": { "type": "Point", "coordinates": [ -73.97188, 40.762962 ] } },
{ "type": "Feature", "properties": { "latitude": 40.7636, "longitude": -73.77098, "collision_count": 84 }, "geometry": { "type": "Point", "coordinates": [ -73.77098, 40.7636 ] } },
{ "type": "Feature", "properties": { "latitude": 40.735313, "longitude": -73.994125, "collision_count": 84 }, "geometry": { "type": "Point", "coordinates": [ -73.994125, 40.735313 ] } },
{ "type": "Feature", "properties": { "latitude": 40.75734, "longitude": -73.98602, "collision_count": 84 }, "geometry": { "type": "Point", "coordinates": [ -73.98602, 40.75734 ] } },
{ "type": "Feature", "properties": { "latitude": 40.736269, "longitude": -73.772861, "collision_count": 84 }, "geometry": { "type": "Point", "coordinates": [ -73.772861, 40.736269 ] } },
{ "type": "Feature", "properties": { "latitude": 40.68576, "longitude": -73.915504, "collision_count": 84 }, "geometry": { "type": "Point", "coordinates": [ -73.915504, 40.68576 ] } },
{ "type": "Feature", "properties": { "latitude": 40.665075, "longitude": -73.996569, "collision_count": 84 }, "geometry": { "type": "Point", "coordinates": [ -73.996569, 40.665075 ] } },
{ "type": "Feature", "properties": { "latitude": 40.751453, "longitude": -73.83228, "collision_count": 84 }, "geometry": { "type": "Point", "coordinates": [ -73.83228, 40.751453 ] } },
{ "type": "Feature", "properties": { "latitude": 40.826424, "longitude": -73.85868, "collision_count": 84 }, "geometry": { "type": "Point", "coordinates": [ -73.85868, 40.826424 ] } },
{ "type": "Feature", "properties": { "latitude": 40.739494, "longitude": -73.97663, "collision_count": 84 }, "geometry": { "type": "Point", "coordinates": [ -73.97663, 40.739494 ] } },
{ "type": "Feature", "properties": { "latitude": 40.628117, "longitude": -73.956856, "collision_count": 84 }, "geometry": { "type": "Point", "coordinates": [ -73.956856, 40.628117 ] } },
{ "type": "Feature", "properties": { "latitude": 40.81488, "longitude": -73.92886, "collision_count": 84 }, "geometry": { "type": "Point", "coordinates": [ -73.92886, 40.81488 ] } },
{ "type": "Feature", "properties": { "latitude": 40.602467, "longitude": -73.966369, "collision_count": 84 }, "geometry": { "type": "Point", "coordinates": [ -73.966369, 40.602467 ] } },
{ "type": "Feature", "properties": { "latitude": 40.75108, "longitude": -73.98686, "collision_count": 84 }, "geometry": { "type": "Point", "coordinates": [ -73.98686, 40.75108 ] } },
{ "type": "Feature", "properties": { "latitude": 40.652786, "longitude": -73.91997, "collision_count": 84 }, "geometry": { "type": "Point", "coordinates": [ -73.91997, 40.652786 ] } },
{ "type": "Feature", "properties": { "latitude": 40.71654, "longitude": -73.996994, "collision_count": 84 }, "geometry": { "type": "Point", "coordinates": [ -73.996994, 40.71654 ] } },
{ "type": "Feature", "properties": { "latitude": 40.71582, "longitude": -73.80799, "collision_count": 84 }, "geometry": { "type": "Point", "coordinates": [ -73.80799, 40.71582 ] } },
{ "type": "Feature", "properties": { "latitude": 40.827656, "longitude": -73.886096, "collision_count": 84 }, "geometry": { "type": "Point", "coordinates": [ -73.886096, 40.827656 ] } },
{ "type": "Feature", "properties": { "latitude": 40.835857, "longitude": -73.87213, "collision_count": 84 }, "geometry": { "type": "Point", "coordinates": [ -73.87213, 40.835857 ] } },
{ "type": "Feature", "properties": { "latitude": 40.715181, "longitude": -73.951958, "collision_count": 84 }, "geometry": { "type": "Point", "coordinates": [ -73.951958, 40.715181 ] } },
{ "type": "Feature", "properties": { "latitude": 40.753944, "longitude": -73.972145, "collision_count": 84 }, "geometry": { "type": "Point", "coordinates": [ -73.972145, 40.753944 ] } },
{ "type": "Feature", "properties": { "latitude": 40.783184, "longitude": -73.943609, "collision_count": 84 }, "geometry": { "type": "Point", "coordinates": [ -73.943609, 40.783184 ] } },
{ "type": "Feature", "properties": { "latitude": 40.731707, "longitude": -74.000956, "collision_count": 84 }, "geometry": { "type": "Point", "coordinates": [ -74.000956, 40.731707 ] } },
{ "type": "Feature", "properties": { "latitude": 40.7591, "longitude": -73.99215, "collision_count": 84 }, "geometry": { "type": "Point", "coordinates": [ -73.99215, 40.7591 ] } },
{ "type": "Feature", "properties": { "latitude": 40.7466, "longitude": -73.76503, "collision_count": 84 }, "geometry": { "type": "Point", "coordinates": [ -73.76503, 40.7466 ] } },
{ "type": "Feature", "properties": { "latitude": 40.84271, "longitude": -73.885666, "collision_count": 84 }, "geometry": { "type": "Point", "coordinates": [ -73.885666, 40.84271 ] } },
{ "type": "Feature", "properties": { "latitude": 40.854588, "longitude": -73.90187, "collision_count": 84 }, "geometry": { "type": "Point", "coordinates": [ -73.90187, 40.854588 ] } },
{ "type": "Feature", "properties": { "latitude": 40.754263, "longitude": -73.743329, "collision_count": 84 }, "geometry": { "type": "Point", "coordinates": [ -73.743329, 40.754263 ] } },
{ "type": "Feature", "properties": { "latitude": 40.59034, "longitude": -74.06663, "collision_count": 84 }, "geometry": { "type": "Point", "coordinates": [ -74.06663, 40.59034 ] } },
{ "type": "Feature", "properties": { "latitude": 40.861866, "longitude": -73.91274, "collision_count": 84 }, "geometry": { "type": "Point", "coordinates": [ -73.91274, 40.861866 ] } },
{ "type": "Feature", "properties": { "latitude": 40.762236, "longitude": -73.989864, "collision_count": 84 }, "geometry": { "type": "Point", "coordinates": [ -73.989864, 40.762236 ] } },
{ "type": "Feature", "properties": { "latitude": 40.814636, "longitude": -73.795815, "collision_count": 84 }, "geometry": { "type": "Point", "coordinates": [ -73.795815, 40.814636 ] } },
{ "type": "Feature", "properties": { "latitude": 40.708904, "longitude": -73.959253, "collision_count": 84 }, "geometry": { "type": "Point", "coordinates": [ -73.959253, 40.708904 ] } },
{ "type": "Feature", "properties": { "latitude": 40.84744, "longitude": -73.89968, "collision_count": 84 }, "geometry": { "type": "Point", "coordinates": [ -73.89968, 40.84744 ] } },
{ "type": "Feature", "properties": { "latitude": 40.68174, "longitude": -73.95859, "collision_count": 84 }, "geometry": { "type": "Point", "coordinates": [ -73.95859, 40.68174 ] } },
{ "type": "Feature", "properties": { "latitude": 40.880467, "longitude": -73.883832, "collision_count": 84 }, "geometry": { "type": "Point", "coordinates": [ -73.883832, 40.880467 ] } },
{ "type": "Feature", "properties": { "latitude": 40.764349, "longitude": -73.923459, "collision_count": 84 }, "geometry": { "type": "Point", "coordinates": [ -73.923459, 40.764349 ] } },
{ "type": "Feature", "properties": { "latitude": 40.60769, "longitude": -74.089442, "collision_count": 84 }, "geometry": { "type": "Point", "coordinates": [ -74.089442, 40.60769 ] } },
{ "type": "Feature", "properties": { "latitude": 40.74959, "longitude": -74.00279, "collision_count": 84 }, "geometry": { "type": "Point", "coordinates": [ -74.00279, 40.74959 ] } },
{ "type": "Feature", "properties": { "latitude": 40.82463, "longitude": -73.91059, "collision_count": 84 }, "geometry": { "type": "Point", "coordinates": [ -73.91059, 40.82463 ] } },
{ "type": "Feature", "properties": { "latitude": 40.665474, "longitude": -73.74751, "collision_count": 84 }, "geometry": { "type": "Point", "coordinates": [ -73.74751, 40.665474 ] } },
{ "type": "Feature", "properties": { "latitude": 40.756557, "longitude": -73.974437, "collision_count": 84 }, "geometry": { "type": "Point", "coordinates": [ -73.974437, 40.756557 ] } },
{ "type": "Feature", "properties": { "latitude": 40.745707, "longitude": -73.894728, "collision_count": 84 }, "geometry": { "type": "Point", "coordinates": [ -73.894728, 40.745707 ] } },
{ "type": "Feature", "properties": { "latitude": 40.7517, "longitude": -73.986404, "collision_count": 84 }, "geometry": { "type": "Point", "coordinates": [ -73.986404, 40.7517 ] } },
{ "type": "Feature", "properties": { "latitude": 40.66626, "longitude": -73.995945, "collision_count": 84 }, "geometry": { "type": "Point", "coordinates": [ -73.995945, 40.66626 ] } },
{ "type": "Feature", "properties": { "latitude": 40.841848, "longitude": -73.94538, "collision_count": 84 }, "geometry": { "type": "Point", "coordinates": [ -73.94538, 40.841848 ] } },
{ "type": "Feature", "properties": { "latitude": 40.638606, "longitude": -73.948266, "collision_count": 84 }, "geometry": { "type": "Point", "coordinates": [ -73.948266, 40.638606 ] } },
{ "type": "Feature", "properties": { "latitude": 40.762582, "longitude": -74.000386, "collision_count": 84 }, "geometry": { "type": "Point", "coordinates": [ -74.000386, 40.762582 ] } },
{ "type": "Feature", "properties": { "latitude": 40.58655, "longitude": -73.96617, "collision_count": 84 }, "geometry": { "type": "Point", "coordinates": [ -73.96617, 40.58655 ] } },
{ "type": "Feature", "properties": { "latitude": 40.861352, "longitude": -73.897737, "collision_count": 84 }, "geometry": { "type": "Point", "coordinates": [ -73.897737, 40.861352 ] } },
{ "type": "Feature", "properties": { "latitude": 40.73656, "longitude": -74.0011, "collision_count": 84 }, "geometry": { "type": "Point", "coordinates": [ -74.0011, 40.73656 ] } },
{ "type": "Feature", "properties": { "latitude": 40.793816, "longitude": -73.94012, "collision_count": 84 }, "geometry": { "type": "Point", "coordinates": [ -73.94012, 40.793816 ] } },
{ "type": "Feature", "properties": { "latitude": 40.765266, "longitude": -73.81517, "collision_count": 84 }, "geometry": { "type": "Point", "coordinates": [ -73.81517, 40.765266 ] } },
{ "type": "Feature", "properties": { "latitude": 40.76211, "longitude": -73.96016, "collision_count": 83 }, "geometry": { "type": "Point", "coordinates": [ -73.96016, 40.76211 ] } },
{ "type": "Feature", "properties": { "latitude": 40.712116, "longitude": -73.73118, "collision_count": 83 }, "geometry": { "type": "Point", "coordinates": [ -73.73118, 40.712116 ] } },
{ "type": "Feature", "properties": { "latitude": 40.790627, "longitude": -73.942435, "collision_count": 83 }, "geometry": { "type": "Point", "coordinates": [ -73.942435, 40.790627 ] } },
{ "type": "Feature", "properties": { "latitude": 40.757382, "longitude": -73.966702, "collision_count": 83 }, "geometry": { "type": "Point", "coordinates": [ -73.966702, 40.757382 ] } },
{ "type": "Feature", "properties": { "latitude": 40.66615, "longitude": -73.84161, "collision_count": 83 }, "geometry": { "type": "Point", "coordinates": [ -73.84161, 40.66615 ] } },
{ "type": "Feature", "properties": { "latitude": 40.853813, "longitude": -73.90851, "collision_count": 83 }, "geometry": { "type": "Point", "coordinates": [ -73.90851, 40.853813 ] } },
{ "type": "Feature", "properties": { "latitude": 40.872143, "longitude": -73.818695, "collision_count": 83 }, "geometry": { "type": "Point", "coordinates": [ -73.818695, 40.872143 ] } },
{ "type": "Feature", "properties": { "latitude": 40.75587, "longitude": -73.972824, "collision_count": 83 }, "geometry": { "type": "Point", "coordinates": [ -73.972824, 40.75587 ] } },
{ "type": "Feature", "properties": { "latitude": 40.844883, "longitude": -73.907295, "collision_count": 83 }, "geometry": { "type": "Point", "coordinates": [ -73.907295, 40.844883 ] } },
{ "type": "Feature", "properties": { "latitude": 40.848938, "longitude": -73.93708, "collision_count": 83 }, "geometry": { "type": "Point", "coordinates": [ -73.93708, 40.848938 ] } },
{ "type": "Feature", "properties": { "latitude": 40.581958, "longitude": -73.959942, "collision_count": 83 }, "geometry": { "type": "Point", "coordinates": [ -73.959942, 40.581958 ] } },
{ "type": "Feature", "properties": { "latitude": 40.6781, "longitude": -74.002339, "collision_count": 83 }, "geometry": { "type": "Point", "coordinates": [ -74.002339, 40.6781 ] } },
{ "type": "Feature", "properties": { "latitude": 40.670582, "longitude": -73.930953, "collision_count": 83 }, "geometry": { "type": "Point", "coordinates": [ -73.930953, 40.670582 ] } },
{ "type": "Feature", "properties": { "latitude": 40.775642, "longitude": -73.960526, "collision_count": 83 }, "geometry": { "type": "Point", "coordinates": [ -73.960526, 40.775642 ] } },
{ "type": "Feature", "properties": { "latitude": 40.825424, "longitude": -73.923485, "collision_count": 83 }, "geometry": { "type": "Point", "coordinates": [ -73.923485, 40.825424 ] } },
{ "type": "Feature", "properties": { "latitude": 40.78076, "longitude": -73.825424, "collision_count": 83 }, "geometry": { "type": "Point", "coordinates": [ -73.825424, 40.78076 ] } },
{ "type": "Feature", "properties": { "latitude": 40.853474, "longitude": -73.906456, "collision_count": 83 }, "geometry": { "type": "Point", "coordinates": [ -73.906456, 40.853474 ] } },
{ "type": "Feature", "properties": { "latitude": 40.703132, "longitude": -73.81679, "collision_count": 83 }, "geometry": { "type": "Point", "coordinates": [ -73.81679, 40.703132 ] } },
{ "type": "Feature", "properties": { "latitude": 40.542423, "longitude": -74.14592, "collision_count": 83 }, "geometry": { "type": "Point", "coordinates": [ -74.14592, 40.542423 ] } },
{ "type": "Feature", "properties": { "latitude": 40.65415, "longitude": -73.949936, "collision_count": 83 }, "geometry": { "type": "Point", "coordinates": [ -73.949936, 40.65415 ] } },
{ "type": "Feature", "properties": { "latitude": 40.634483, "longitude": -73.91886, "collision_count": 83 }, "geometry": { "type": "Point", "coordinates": [ -73.91886, 40.634483 ] } },
{ "type": "Feature", "properties": { "latitude": 40.81881, "longitude": -73.92828, "collision_count": 83 }, "geometry": { "type": "Point", "coordinates": [ -73.92828, 40.81881 ] } },
{ "type": "Feature", "properties": { "latitude": 40.625983, "longitude": -74.00152, "collision_count": 83 }, "geometry": { "type": "Point", "coordinates": [ -74.00152, 40.625983 ] } },
{ "type": "Feature", "properties": { "latitude": 40.667095, "longitude": -73.92276, "collision_count": 83 }, "geometry": { "type": "Point", "coordinates": [ -73.92276, 40.667095 ] } },
{ "type": "Feature", "properties": { "latitude": 40.59514, "longitude": -73.754, "collision_count": 83 }, "geometry": { "type": "Point", "coordinates": [ -73.754, 40.59514 ] } },
{ "type": "Feature", "properties": { "latitude": 40.77741, "longitude": -73.978798, "collision_count": 83 }, "geometry": { "type": "Point", "coordinates": [ -73.978798, 40.77741 ] } },
{ "type": "Feature", "properties": { "latitude": 40.663906, "longitude": -73.95098, "collision_count": 83 }, "geometry": { "type": "Point", "coordinates": [ -73.95098, 40.663906 ] } },
{ "type": "Feature", "properties": { "latitude": 40.757824, "longitude": -73.860999, "collision_count": 83 }, "geometry": { "type": "Point", "coordinates": [ -73.860999, 40.757824 ] } },
{ "type": "Feature", "properties": { "latitude": 40.657406, "longitude": -73.89881, "collision_count": 83 }, "geometry": { "type": "Point", "coordinates": [ -73.89881, 40.657406 ] } },
{ "type": "Feature", "properties": { "latitude": 40.607258, "longitude": -74.002644, "collision_count": 83 }, "geometry": { "type": "Point", "coordinates": [ -74.002644, 40.607258 ] } },
{ "type": "Feature", "properties": { "latitude": 40.65414, "longitude": -73.88732, "collision_count": 83 }, "geometry": { "type": "Point", "coordinates": [ -73.88732, 40.65414 ] } },
{ "type": "Feature", "properties": { "latitude": 40.83468, "longitude": -73.944435, "collision_count": 83 }, "geometry": { "type": "Point", "coordinates": [ -73.944435, 40.83468 ] } },
{ "type": "Feature", "properties": { "latitude": 40.772344, "longitude": -73.952686, "collision_count": 83 }, "geometry": { "type": "Point", "coordinates": [ -73.952686, 40.772344 ] } },
{ "type": "Feature", "properties": { "latitude": 40.59907, "longitude": -73.90498, "collision_count": 83 }, "geometry": { "type": "Point", "coordinates": [ -73.90498, 40.59907 ] } },
{ "type": "Feature", "properties": { "latitude": 40.763998, "longitude": -73.996004, "collision_count": 83 }, "geometry": { "type": "Point", "coordinates": [ -73.996004, 40.763998 ] } },
{ "type": "Feature", "properties": { "latitude": 40.75732, "longitude": -73.834015, "collision_count": 83 }, "geometry": { "type": "Point", "coordinates": [ -73.834015, 40.75732 ] } },
{ "type": "Feature", "properties": { "latitude": 40.709787, "longitude": -73.820418, "collision_count": 83 }, "geometry": { "type": "Point", "coordinates": [ -73.820418, 40.709787 ] } },
{ "type": "Feature", "properties": { "latitude": 40.802074, "longitude": -73.93407, "collision_count": 83 }, "geometry": { "type": "Point", "coordinates": [ -73.93407, 40.802074 ] } },
{ "type": "Feature", "properties": { "latitude": 40.72857, "longitude": -73.85809, "collision_count": 83 }, "geometry": { "type": "Point", "coordinates": [ -73.85809, 40.72857 ] } },
{ "type": "Feature", "properties": { "latitude": 40.709552, "longitude": -73.958859, "collision_count": 83 }, "geometry": { "type": "Point", "coordinates": [ -73.958859, 40.709552 ] } },
{ "type": "Feature", "properties": { "latitude": 40.671638, "longitude": -73.950335, "collision_count": 83 }, "geometry": { "type": "Point", "coordinates": [ -73.950335, 40.671638 ] } },
{ "type": "Feature", "properties": { "latitude": 40.66559, "longitude": -73.83132, "collision_count": 83 }, "geometry": { "type": "Point", "coordinates": [ -73.83132, 40.66559 ] } },
{ "type": "Feature", "properties": { "latitude": 40.755242, "longitude": -73.973276, "collision_count": 83 }, "geometry": { "type": "Point", "coordinates": [ -73.973276, 40.755242 ] } },
{ "type": "Feature", "properties": { "latitude": 40.741842, "longitude": -73.881003, "collision_count": 83 }, "geometry": { "type": "Point", "coordinates": [ -73.881003, 40.741842 ] } },
{ "type": "Feature", "properties": { "latitude": 40.680267, "longitude": -73.9747, "collision_count": 83 }, "geometry": { "type": "Point", "coordinates": [ -73.9747, 40.680267 ] } },
{ "type": "Feature", "properties": { "latitude": 40.743429, "longitude": -73.775463, "collision_count": 83 }, "geometry": { "type": "Point", "coordinates": [ -73.775463, 40.743429 ] } },
{ "type": "Feature", "properties": { "latitude": 40.682, "longitude": -73.96867, "collision_count": 83 }, "geometry": { "type": "Point", "coordinates": [ -73.96867, 40.682 ] } },
{ "type": "Feature", "properties": { "latitude": 40.74348, "longitude": -73.921486, "collision_count": 83 }, "geometry": { "type": "Point", "coordinates": [ -73.921486, 40.74348 ] } },
{ "type": "Feature", "properties": { "latitude": 40.662743, "longitude": -73.921936, "collision_count": 83 }, "geometry": { "type": "Point", "coordinates": [ -73.921936, 40.662743 ] } },
{ "type": "Feature", "properties": { "latitude": 40.768401, "longitude": -73.737538, "collision_count": 83 }, "geometry": { "type": "Point", "coordinates": [ -73.737538, 40.768401 ] } },
{ "type": "Feature", "properties": { "latitude": 40.774807, "longitude": -73.98442, "collision_count": 83 }, "geometry": { "type": "Point", "coordinates": [ -73.98442, 40.774807 ] } },
{ "type": "Feature", "properties": { "latitude": 40.654142, "longitude": -73.887311, "collision_count": 83 }, "geometry": { "type": "Point", "coordinates": [ -73.887311, 40.654142 ] } },
{ "type": "Feature", "properties": { "latitude": 40.645133, "longitude": -73.902313, "collision_count": 83 }, "geometry": { "type": "Point", "coordinates": [ -73.902313, 40.645133 ] } },
{ "type": "Feature", "properties": { "latitude": 40.820145, "longitude": -73.890656, "collision_count": 83 }, "geometry": { "type": "Point", "coordinates": [ -73.890656, 40.820145 ] } },
{ "type": "Feature", "properties": { "latitude": 40.747631, "longitude": -73.883937, "collision_count": 83 }, "geometry": { "type": "Point", "coordinates": [ -73.883937, 40.747631 ] } },
{ "type": "Feature", "properties": { "latitude": 40.793186, "longitude": -73.94057, "collision_count": 83 }, "geometry": { "type": "Point", "coordinates": [ -73.94057, 40.793186 ] } },
{ "type": "Feature", "properties": { "latitude": 40.7605, "longitude": -73.95699, "collision_count": 83 }, "geometry": { "type": "Point", "coordinates": [ -73.95699, 40.7605 ] } },
{ "type": "Feature", "properties": { "latitude": 40.76229, "longitude": -73.986115, "collision_count": 83 }, "geometry": { "type": "Point", "coordinates": [ -73.986115, 40.76229 ] } },
{ "type": "Feature", "properties": { "latitude": 40.758022, "longitude": -73.981804, "collision_count": 83 }, "geometry": { "type": "Point", "coordinates": [ -73.981804, 40.758022 ] } },
{ "type": "Feature", "properties": { "latitude": 40.746037, "longitude": -73.990524, "collision_count": 83 }, "geometry": { "type": "Point", "coordinates": [ -73.990524, 40.746037 ] } },
{ "type": "Feature", "properties": { "latitude": 40.8077, "longitude": -73.92955, "collision_count": 83 }, "geometry": { "type": "Point", "coordinates": [ -73.92955, 40.8077 ] } },
{ "type": "Feature", "properties": { "latitude": 40.81766, "longitude": -73.93076, "collision_count": 83 }, "geometry": { "type": "Point", "coordinates": [ -73.93076, 40.81766 ] } },
{ "type": "Feature", "properties": { "latitude": 40.742832, "longitude": -74.00771, "collision_count": 83 }, "geometry": { "type": "Point", "coordinates": [ -74.00771, 40.742832 ] } },
{ "type": "Feature", "properties": { "latitude": 40.727207, "longitude": -73.90742, "collision_count": 83 }, "geometry": { "type": "Point", "coordinates": [ -73.90742, 40.727207 ] } },
{ "type": "Feature", "properties": { "latitude": 40.714455, "longitude": -73.935295, "collision_count": 83 }, "geometry": { "type": "Point", "coordinates": [ -73.935295, 40.714455 ] } },
{ "type": "Feature", "properties": { "latitude": 40.608727, "longitude": -74.08839, "collision_count": 83 }, "geometry": { "type": "Point", "coordinates": [ -74.08839, 40.608727 ] } },
{ "type": "Feature", "properties": { "latitude": 40.90126, "longitude": -73.90186, "collision_count": 83 }, "geometry": { "type": "Point", "coordinates": [ -73.90186, 40.90126 ] } },
{ "type": "Feature", "properties": { "latitude": 40.849403, "longitude": -73.871445, "collision_count": 82 }, "geometry": { "type": "Point", "coordinates": [ -73.871445, 40.849403 ] } },
{ "type": "Feature", "properties": { "latitude": 40.674885, "longitude": -73.927765, "collision_count": 82 }, "geometry": { "type": "Point", "coordinates": [ -73.927765, 40.674885 ] } },
{ "type": "Feature", "properties": { "latitude": 40.76241, "longitude": -73.95443, "collision_count": 82 }, "geometry": { "type": "Point", "coordinates": [ -73.95443, 40.76241 ] } },
{ "type": "Feature", "properties": { "latitude": 40.70191, "longitude": -73.93699, "collision_count": 82 }, "geometry": { "type": "Point", "coordinates": [ -73.93699, 40.70191 ] } },
{ "type": "Feature", "properties": { "latitude": 40.781857, "longitude": -73.825224, "collision_count": 82 }, "geometry": { "type": "Point", "coordinates": [ -73.825224, 40.781857 ] } },
{ "type": "Feature", "properties": { "latitude": 40.728371, "longitude": -73.871134, "collision_count": 82 }, "geometry": { "type": "Point", "coordinates": [ -73.871134, 40.728371 ] } },
{ "type": "Feature", "properties": { "latitude": 40.671032, "longitude": -73.93927, "collision_count": 82 }, "geometry": { "type": "Point", "coordinates": [ -73.93927, 40.671032 ] } },
{ "type": "Feature", "properties": { "latitude": 40.660849, "longitude": -73.840292, "collision_count": 82 }, "geometry": { "type": "Point", "coordinates": [ -73.840292, 40.660849 ] } },
{ "type": "Feature", "properties": { "latitude": 40.727663, "longitude": -73.929374, "collision_count": 82 }, "geometry": { "type": "Point", "coordinates": [ -73.929374, 40.727663 ] } },
{ "type": "Feature", "properties": { "latitude": 40.844604, "longitude": -73.90348, "collision_count": 82 }, "geometry": { "type": "Point", "coordinates": [ -73.90348, 40.844604 ] } },
{ "type": "Feature", "properties": { "latitude": 40.817593, "longitude": -73.95319, "collision_count": 82 }, "geometry": { "type": "Point", "coordinates": [ -73.95319, 40.817593 ] } },
{ "type": "Feature", "properties": { "latitude": 40.708965, "longitude": -73.95673, "collision_count": 82 }, "geometry": { "type": "Point", "coordinates": [ -73.95673, 40.708965 ] } },
{ "type": "Feature", "properties": { "latitude": 40.757075, "longitude": -73.96985, "collision_count": 82 }, "geometry": { "type": "Point", "coordinates": [ -73.96985, 40.757075 ] } },
{ "type": "Feature", "properties": { "latitude": 40.647297, "longitude": -73.9803, "collision_count": 82 }, "geometry": { "type": "Point", "coordinates": [ -73.9803, 40.647297 ] } },
{ "type": "Feature", "properties": { "latitude": 40.789624, "longitude": -73.940067, "collision_count": 82 }, "geometry": { "type": "Point", "coordinates": [ -73.940067, 40.789624 ] } },
{ "type": "Feature", "properties": { "latitude": 40.798593, "longitude": -73.933518, "collision_count": 82 }, "geometry": { "type": "Point", "coordinates": [ -73.933518, 40.798593 ] } },
{ "type": "Feature", "properties": { "latitude": 40.602135, "longitude": -74.114876, "collision_count": 82 }, "geometry": { "type": "Point", "coordinates": [ -74.114876, 40.602135 ] } },
{ "type": "Feature", "properties": { "latitude": 40.825912, "longitude": -73.83647, "collision_count": 82 }, "geometry": { "type": "Point", "coordinates": [ -73.83647, 40.825912 ] } },
{ "type": "Feature", "properties": { "latitude": 40.757809, "longitude": -73.973524, "collision_count": 82 }, "geometry": { "type": "Point", "coordinates": [ -73.973524, 40.757809 ] } },
{ "type": "Feature", "properties": { "latitude": 40.765137, "longitude": -73.81944, "collision_count": 82 }, "geometry": { "type": "Point", "coordinates": [ -73.81944, 40.765137 ] } },
{ "type": "Feature", "properties": { "latitude": 40.752318, "longitude": -73.832392, "collision_count": 82 }, "geometry": { "type": "Point", "coordinates": [ -73.832392, 40.752318 ] } },
{ "type": "Feature", "properties": { "latitude": 40.884711, "longitude": -73.831302, "collision_count": 82 }, "geometry": { "type": "Point", "coordinates": [ -73.831302, 40.884711 ] } },
{ "type": "Feature", "properties": { "latitude": 40.708374, "longitude": -73.84271, "collision_count": 82 }, "geometry": { "type": "Point", "coordinates": [ -73.84271, 40.708374 ] } },
{ "type": "Feature", "properties": { "latitude": 40.704403, "longitude": -73.814439, "collision_count": 82 }, "geometry": { "type": "Point", "coordinates": [ -73.814439, 40.704403 ] } },
{ "type": "Feature", "properties": { "latitude": 40.89608, "longitude": -73.86692, "collision_count": 82 }, "geometry": { "type": "Point", "coordinates": [ -73.86692, 40.89608 ] } },
{ "type": "Feature", "properties": { "latitude": 40.756031, "longitude": -73.979025, "collision_count": 82 }, "geometry": { "type": "Point", "coordinates": [ -73.979025, 40.756031 ] } },
{ "type": "Feature", "properties": { "latitude": 40.71983, "longitude": -73.98755, "collision_count": 82 }, "geometry": { "type": "Point", "coordinates": [ -73.98755, 40.71983 ] } },
{ "type": "Feature", "properties": { "latitude": 40.636788, "longitude": -73.740563, "collision_count": 82 }, "geometry": { "type": "Point", "coordinates": [ -73.740563, 40.636788 ] } },
{ "type": "Feature", "properties": { "latitude": 40.589452, "longitude": -73.960517, "collision_count": 82 }, "geometry": { "type": "Point", "coordinates": [ -73.960517, 40.589452 ] } },
{ "type": "Feature", "properties": { "latitude": 40.657814, "longitude": -73.896124, "collision_count": 82 }, "geometry": { "type": "Point", "coordinates": [ -73.896124, 40.657814 ] } },
{ "type": "Feature", "properties": { "latitude": 40.614621, "longitude": -73.968657, "collision_count": 82 }, "geometry": { "type": "Point", "coordinates": [ -73.968657, 40.614621 ] } },
{ "type": "Feature", "properties": { "latitude": 40.671787, "longitude": -73.95311, "collision_count": 82 }, "geometry": { "type": "Point", "coordinates": [ -73.95311, 40.671787 ] } },
{ "type": "Feature", "properties": { "latitude": 40.832623, "longitude": -73.92537, "collision_count": 82 }, "geometry": { "type": "Point", "coordinates": [ -73.92537, 40.832623 ] } },
{ "type": "Feature", "properties": { "latitude": 40.757908, "longitude": -73.9893, "collision_count": 82 }, "geometry": { "type": "Point", "coordinates": [ -73.9893, 40.757908 ] } },
{ "type": "Feature", "properties": { "latitude": 40.801155, "longitude": -73.959656, "collision_count": 82 }, "geometry": { "type": "Point", "coordinates": [ -73.959656, 40.801155 ] } },
{ "type": "Feature", "properties": { "latitude": 40.677102, "longitude": -73.924784, "collision_count": 82 }, "geometry": { "type": "Point", "coordinates": [ -73.924784, 40.677102 ] } },
{ "type": "Feature", "properties": { "latitude": 40.755486, "longitude": -73.82472, "collision_count": 82 }, "geometry": { "type": "Point", "coordinates": [ -73.82472, 40.755486 ] } },
{ "type": "Feature", "properties": { "latitude": 40.722897, "longitude": -73.91386, "collision_count": 82 }, "geometry": { "type": "Point", "coordinates": [ -73.91386, 40.722897 ] } },
{ "type": "Feature", "properties": { "latitude": 40.765057, "longitude": -73.81293, "collision_count": 82 }, "geometry": { "type": "Point", "coordinates": [ -73.81293, 40.765057 ] } },
{ "type": "Feature", "properties": { "latitude": 40.826622, "longitude": -73.930984, "collision_count": 82 }, "geometry": { "type": "Point", "coordinates": [ -73.930984, 40.826622 ] } },
{ "type": "Feature", "properties": { "latitude": 40.680267, "longitude": -73.97469, "collision_count": 82 }, "geometry": { "type": "Point", "coordinates": [ -73.97469, 40.680267 ] } },
{ "type": "Feature", "properties": { "latitude": 40.67268, "longitude": -73.953026, "collision_count": 82 }, "geometry": { "type": "Point", "coordinates": [ -73.953026, 40.67268 ] } },
{ "type": "Feature", "properties": { "latitude": 40.666332, "longitude": -73.81056, "collision_count": 82 }, "geometry": { "type": "Point", "coordinates": [ -73.81056, 40.666332 ] } },
{ "type": "Feature", "properties": { "latitude": 40.610947, "longitude": -73.953606, "collision_count": 82 }, "geometry": { "type": "Point", "coordinates": [ -73.953606, 40.610947 ] } },
{ "type": "Feature", "properties": { "latitude": 40.852066, "longitude": -73.868614, "collision_count": 82 }, "geometry": { "type": "Point", "coordinates": [ -73.868614, 40.852066 ] } },
{ "type": "Feature", "properties": { "latitude": 40.741077, "longitude": -74.001564, "collision_count": 82 }, "geometry": { "type": "Point", "coordinates": [ -74.001564, 40.741077 ] } },
{ "type": "Feature", "properties": { "latitude": 40.709183, "longitude": -73.956825, "collision_count": 82 }, "geometry": { "type": "Point", "coordinates": [ -73.956825, 40.709183 ] } },
{ "type": "Feature", "properties": { "latitude": 40.655563, "longitude": -73.87974, "collision_count": 82 }, "geometry": { "type": "Point", "coordinates": [ -73.87974, 40.655563 ] } },
{ "type": "Feature", "properties": { "latitude": 40.7684, "longitude": -73.73755, "collision_count": 82 }, "geometry": { "type": "Point", "coordinates": [ -73.73755, 40.7684 ] } },
{ "type": "Feature", "properties": { "latitude": 40.762287, "longitude": -73.97027, "collision_count": 82 }, "geometry": { "type": "Point", "coordinates": [ -73.97027, 40.762287 ] } },
{ "type": "Feature", "properties": { "latitude": 40.725583, "longitude": -73.989869, "collision_count": 82 }, "geometry": { "type": "Point", "coordinates": [ -73.989869, 40.725583 ] } },
{ "type": "Feature", "properties": { "latitude": 40.743424, "longitude": -73.999848, "collision_count": 82 }, "geometry": { "type": "Point", "coordinates": [ -73.999848, 40.743424 ] } },
{ "type": "Feature", "properties": { "latitude": 40.729186, "longitude": -73.987249, "collision_count": 82 }, "geometry": { "type": "Point", "coordinates": [ -73.987249, 40.729186 ] } },
{ "type": "Feature", "properties": { "latitude": 40.74854, "longitude": -73.97315, "collision_count": 82 }, "geometry": { "type": "Point", "coordinates": [ -73.97315, 40.74854 ] } },
{ "type": "Feature", "properties": { "latitude": 40.61054, "longitude": -74.103455, "collision_count": 82 }, "geometry": { "type": "Point", "coordinates": [ -74.103455, 40.61054 ] } },
{ "type": "Feature", "properties": { "latitude": 40.743944, "longitude": -73.983627, "collision_count": 82 }, "geometry": { "type": "Point", "coordinates": [ -73.983627, 40.743944 ] } },
{ "type": "Feature", "properties": { "latitude": 40.648257, "longitude": -73.971398, "collision_count": 82 }, "geometry": { "type": "Point", "coordinates": [ -73.971398, 40.648257 ] } },
{ "type": "Feature", "properties": { "latitude": 40.78739, "longitude": -73.938225, "collision_count": 82 }, "geometry": { "type": "Point", "coordinates": [ -73.938225, 40.78739 ] } },
{ "type": "Feature", "properties": { "latitude": 40.839769, "longitude": -73.905385, "collision_count": 82 }, "geometry": { "type": "Point", "coordinates": [ -73.905385, 40.839769 ] } },
{ "type": "Feature", "properties": { "latitude": 40.627155, "longitude": -73.96563, "collision_count": 82 }, "geometry": { "type": "Point", "coordinates": [ -73.96563, 40.627155 ] } },
{ "type": "Feature", "properties": { "latitude": 40.667076, "longitude": -73.99508, "collision_count": 82 }, "geometry": { "type": "Point", "coordinates": [ -73.99508, 40.667076 ] } },
{ "type": "Feature", "properties": { "latitude": 40.771385, "longitude": -73.95648, "collision_count": 82 }, "geometry": { "type": "Point", "coordinates": [ -73.95648, 40.771385 ] } },
{ "type": "Feature", "properties": { "latitude": 40.718004, "longitude": -73.986584, "collision_count": 82 }, "geometry": { "type": "Point", "coordinates": [ -73.986584, 40.718004 ] } },
{ "type": "Feature", "properties": { "latitude": 40.747692, "longitude": -73.893797, "collision_count": 82 }, "geometry": { "type": "Point", "coordinates": [ -73.893797, 40.747692 ] } },
{ "type": "Feature", "properties": { "latitude": 40.636086, "longitude": -73.95091, "collision_count": 82 }, "geometry": { "type": "Point", "coordinates": [ -73.95091, 40.636086 ] } },
{ "type": "Feature", "properties": { "latitude": 40.69889, "longitude": -73.91753, "collision_count": 82 }, "geometry": { "type": "Point", "coordinates": [ -73.91753, 40.69889 ] } },
{ "type": "Feature", "properties": { "latitude": 40.680297, "longitude": -73.84464, "collision_count": 82 }, "geometry": { "type": "Point", "coordinates": [ -73.84464, 40.680297 ] } },
{ "type": "Feature", "properties": { "latitude": 40.711629, "longitude": -73.729378, "collision_count": 82 }, "geometry": { "type": "Point", "coordinates": [ -73.729378, 40.711629 ] } },
{ "type": "Feature", "properties": { "latitude": 40.666396, "longitude": -73.751759, "collision_count": 82 }, "geometry": { "type": "Point", "coordinates": [ -73.751759, 40.666396 ] } },
{ "type": "Feature", "properties": { "latitude": 40.690908, "longitude": -73.955412, "collision_count": 82 }, "geometry": { "type": "Point", "coordinates": [ -73.955412, 40.690908 ] } },
{ "type": "Feature", "properties": { "latitude": 40.752888, "longitude": -73.96374, "collision_count": 82 }, "geometry": { "type": "Point", "coordinates": [ -73.96374, 40.752888 ] } },
{ "type": "Feature", "properties": { "latitude": 40.666737, "longitude": -73.78628, "collision_count": 82 }, "geometry": { "type": "Point", "coordinates": [ -73.78628, 40.666737 ] } },
{ "type": "Feature", "properties": { "latitude": 40.752686, "longitude": -74.000534, "collision_count": 81 }, "geometry": { "type": "Point", "coordinates": [ -74.000534, 40.752686 ] } },
{ "type": "Feature", "properties": { "latitude": 40.749638, "longitude": -73.99905, "collision_count": 81 }, "geometry": { "type": "Point", "coordinates": [ -73.99905, 40.749638 ] } },
{ "type": "Feature", "properties": { "latitude": 40.792465, "longitude": -73.79322, "collision_count": 81 }, "geometry": { "type": "Point", "coordinates": [ -73.79322, 40.792465 ] } },
{ "type": "Feature", "properties": { "latitude": 40.736602, "longitude": -73.981842, "collision_count": 81 }, "geometry": { "type": "Point", "coordinates": [ -73.981842, 40.736602 ] } },
{ "type": "Feature", "properties": { "latitude": 40.674201, "longitude": -73.999975, "collision_count": 81 }, "geometry": { "type": "Point", "coordinates": [ -73.999975, 40.674201 ] } },
{ "type": "Feature", "properties": { "latitude": 40.81467, "longitude": -73.93623, "collision_count": 81 }, "geometry": { "type": "Point", "coordinates": [ -73.93623, 40.81467 ] } },
{ "type": "Feature", "properties": { "latitude": 40.742588, "longitude": -73.980412, "collision_count": 81 }, "geometry": { "type": "Point", "coordinates": [ -73.980412, 40.742588 ] } },
{ "type": "Feature", "properties": { "latitude": 40.654434, "longitude": -73.92139, "collision_count": 81 }, "geometry": { "type": "Point", "coordinates": [ -73.92139, 40.654434 ] } },
{ "type": "Feature", "properties": { "latitude": 40.8076, "longitude": -73.93719, "collision_count": 81 }, "geometry": { "type": "Point", "coordinates": [ -73.93719, 40.8076 ] } },
{ "type": "Feature", "properties": { "latitude": 40.770675, "longitude": -73.735493, "collision_count": 81 }, "geometry": { "type": "Point", "coordinates": [ -73.735493, 40.770675 ] } },
{ "type": "Feature", "properties": { "latitude": 40.694794, "longitude": -73.98246, "collision_count": 81 }, "geometry": { "type": "Point", "coordinates": [ -73.98246, 40.694794 ] } },
{ "type": "Feature", "properties": { "latitude": 40.81666, "longitude": -73.938995, "collision_count": 81 }, "geometry": { "type": "Point", "coordinates": [ -73.938995, 40.81666 ] } },
{ "type": "Feature", "properties": { "latitude": 40.68645, "longitude": -73.761185, "collision_count": 81 }, "geometry": { "type": "Point", "coordinates": [ -73.761185, 40.68645 ] } },
{ "type": "Feature", "properties": { "latitude": 40.62499, "longitude": -74.14403, "collision_count": 81 }, "geometry": { "type": "Point", "coordinates": [ -74.14403, 40.62499 ] } },
{ "type": "Feature", "properties": { "latitude": 40.738797, "longitude": -73.977147, "collision_count": 81 }, "geometry": { "type": "Point", "coordinates": [ -73.977147, 40.738797 ] } },
{ "type": "Feature", "properties": { "latitude": 40.789684, "longitude": -73.94815, "collision_count": 81 }, "geometry": { "type": "Point", "coordinates": [ -73.94815, 40.789684 ] } },
{ "type": "Feature", "properties": { "latitude": 40.749054, "longitude": -73.99576, "collision_count": 81 }, "geometry": { "type": "Point", "coordinates": [ -73.99576, 40.749054 ] } },
{ "type": "Feature", "properties": { "latitude": 40.721474, "longitude": -73.98383, "collision_count": 81 }, "geometry": { "type": "Point", "coordinates": [ -73.98383, 40.721474 ] } },
{ "type": "Feature", "properties": { "latitude": 40.836109, "longitude": -73.922371, "collision_count": 81 }, "geometry": { "type": "Point", "coordinates": [ -73.922371, 40.836109 ] } },
{ "type": "Feature", "properties": { "latitude": 40.613075, "longitude": -74.12257, "collision_count": 81 }, "geometry": { "type": "Point", "coordinates": [ -74.12257, 40.613075 ] } },
{ "type": "Feature", "properties": { "latitude": 40.85797, "longitude": -73.87272, "collision_count": 81 }, "geometry": { "type": "Point", "coordinates": [ -73.87272, 40.85797 ] } },
{ "type": "Feature", "properties": { "latitude": 40.694813, "longitude": -73.98327, "collision_count": 81 }, "geometry": { "type": "Point", "coordinates": [ -73.98327, 40.694813 ] } },
{ "type": "Feature", "properties": { "latitude": 40.776319, "longitude": -73.962125, "collision_count": 81 }, "geometry": { "type": "Point", "coordinates": [ -73.962125, 40.776319 ] } },
{ "type": "Feature", "properties": { "latitude": 40.773601, "longitude": -73.981572, "collision_count": 81 }, "geometry": { "type": "Point", "coordinates": [ -73.981572, 40.773601 ] } },
{ "type": "Feature", "properties": { "latitude": 40.755207, "longitude": -73.996654, "collision_count": 81 }, "geometry": { "type": "Point", "coordinates": [ -73.996654, 40.755207 ] } },
{ "type": "Feature", "properties": { "latitude": 40.75896, "longitude": -73.82985, "collision_count": 81 }, "geometry": { "type": "Point", "coordinates": [ -73.82985, 40.75896 ] } },
{ "type": "Feature", "properties": { "latitude": 40.758924, "longitude": -73.99969, "collision_count": 81 }, "geometry": { "type": "Point", "coordinates": [ -73.99969, 40.758924 ] } },
{ "type": "Feature", "properties": { "latitude": 40.673487, "longitude": -73.972955, "collision_count": 81 }, "geometry": { "type": "Point", "coordinates": [ -73.972955, 40.673487 ] } },
{ "type": "Feature", "properties": { "latitude": 40.862718, "longitude": -73.902294, "collision_count": 81 }, "geometry": { "type": "Point", "coordinates": [ -73.902294, 40.862718 ] } },
{ "type": "Feature", "properties": { "latitude": 40.661385, "longitude": -73.8841, "collision_count": 81 }, "geometry": { "type": "Point", "coordinates": [ -73.8841, 40.661385 ] } },
{ "type": "Feature", "properties": { "latitude": 40.823139, "longitude": -73.882237, "collision_count": 81 }, "geometry": { "type": "Point", "coordinates": [ -73.882237, 40.823139 ] } },
{ "type": "Feature", "properties": { "latitude": 40.799984, "longitude": -73.944855, "collision_count": 81 }, "geometry": { "type": "Point", "coordinates": [ -73.944855, 40.799984 ] } },
{ "type": "Feature", "properties": { "latitude": 40.730137, "longitude": -73.92693, "collision_count": 81 }, "geometry": { "type": "Point", "coordinates": [ -73.92693, 40.730137 ] } },
{ "type": "Feature", "properties": { "latitude": 40.715081, "longitude": -73.99249, "collision_count": 81 }, "geometry": { "type": "Point", "coordinates": [ -73.99249, 40.715081 ] } },
{ "type": "Feature", "properties": { "latitude": 40.757065, "longitude": -73.73904, "collision_count": 81 }, "geometry": { "type": "Point", "coordinates": [ -73.73904, 40.757065 ] } },
{ "type": "Feature", "properties": { "latitude": 40.69125, "longitude": -73.85087, "collision_count": 81 }, "geometry": { "type": "Point", "coordinates": [ -73.85087, 40.69125 ] } },
{ "type": "Feature", "properties": { "latitude": 40.766285, "longitude": -73.98186, "collision_count": 81 }, "geometry": { "type": "Point", "coordinates": [ -73.98186, 40.766285 ] } },
{ "type": "Feature", "properties": { "latitude": 40.781688, "longitude": -73.94896, "collision_count": 81 }, "geometry": { "type": "Point", "coordinates": [ -73.94896, 40.781688 ] } },
{ "type": "Feature", "properties": { "latitude": 40.68251, "longitude": -73.976326, "collision_count": 81 }, "geometry": { "type": "Point", "coordinates": [ -73.976326, 40.68251 ] } },
{ "type": "Feature", "properties": { "latitude": 40.717209, "longitude": -73.934703, "collision_count": 81 }, "geometry": { "type": "Point", "coordinates": [ -73.934703, 40.717209 ] } },
{ "type": "Feature", "properties": { "latitude": 40.63147, "longitude": -73.91955, "collision_count": 81 }, "geometry": { "type": "Point", "coordinates": [ -73.91955, 40.63147 ] } },
{ "type": "Feature", "properties": { "latitude": 40.65906, "longitude": -73.88459, "collision_count": 81 }, "geometry": { "type": "Point", "coordinates": [ -73.88459, 40.65906 ] } },
{ "type": "Feature", "properties": { "latitude": 40.751751, "longitude": -74.007926, "collision_count": 81 }, "geometry": { "type": "Point", "coordinates": [ -74.007926, 40.751751 ] } },
{ "type": "Feature", "properties": { "latitude": 40.748439, "longitude": -73.996196, "collision_count": 81 }, "geometry": { "type": "Point", "coordinates": [ -73.996196, 40.748439 ] } },
{ "type": "Feature", "properties": { "latitude": 40.692052, "longitude": -73.98254, "collision_count": 81 }, "geometry": { "type": "Point", "coordinates": [ -73.98254, 40.692052 ] } },
{ "type": "Feature", "properties": { "latitude": 40.75895, "longitude": -73.83192, "collision_count": 81 }, "geometry": { "type": "Point", "coordinates": [ -73.83192, 40.75895 ] } },
{ "type": "Feature", "properties": { "latitude": 40.61427, "longitude": -74.156647, "collision_count": 81 }, "geometry": { "type": "Point", "coordinates": [ -74.156647, 40.61427 ] } },
{ "type": "Feature", "properties": { "latitude": 40.699931, "longitude": -73.961879, "collision_count": 81 }, "geometry": { "type": "Point", "coordinates": [ -73.961879, 40.699931 ] } },
{ "type": "Feature", "properties": { "latitude": 40.585346, "longitude": -73.98754, "collision_count": 81 }, "geometry": { "type": "Point", "coordinates": [ -73.98754, 40.585346 ] } },
{ "type": "Feature", "properties": { "latitude": 40.741615, "longitude": -73.993744, "collision_count": 81 }, "geometry": { "type": "Point", "coordinates": [ -73.993744, 40.741615 ] } },
{ "type": "Feature", "properties": { "latitude": 40.739783, "longitude": -73.979503, "collision_count": 81 }, "geometry": { "type": "Point", "coordinates": [ -73.979503, 40.739783 ] } },
{ "type": "Feature", "properties": { "latitude": 40.669725, "longitude": -73.860962, "collision_count": 81 }, "geometry": { "type": "Point", "coordinates": [ -73.860962, 40.669725 ] } },
{ "type": "Feature", "properties": { "latitude": 40.768684, "longitude": -73.90562, "collision_count": 81 }, "geometry": { "type": "Point", "coordinates": [ -73.90562, 40.768684 ] } },
{ "type": "Feature", "properties": { "latitude": 40.753909, "longitude": -73.999614, "collision_count": 81 }, "geometry": { "type": "Point", "coordinates": [ -73.999614, 40.753909 ] } },
{ "type": "Feature", "properties": { "latitude": 40.597833, "longitude": -73.965485, "collision_count": 81 }, "geometry": { "type": "Point", "coordinates": [ -73.965485, 40.597833 ] } },
{ "type": "Feature", "properties": { "latitude": 40.715954, "longitude": -73.986722, "collision_count": 81 }, "geometry": { "type": "Point", "coordinates": [ -73.986722, 40.715954 ] } },
{ "type": "Feature", "properties": { "latitude": 40.788055, "longitude": -73.94433, "collision_count": 81 }, "geometry": { "type": "Point", "coordinates": [ -73.94433, 40.788055 ] } },
{ "type": "Feature", "properties": { "latitude": 40.727432, "longitude": -73.90713, "collision_count": 81 }, "geometry": { "type": "Point", "coordinates": [ -73.90713, 40.727432 ] } },
{ "type": "Feature", "properties": { "latitude": 40.683723, "longitude": -73.96797, "collision_count": 81 }, "geometry": { "type": "Point", "coordinates": [ -73.96797, 40.683723 ] } },
{ "type": "Feature", "properties": { "latitude": 40.670347, "longitude": -73.997415, "collision_count": 81 }, "geometry": { "type": "Point", "coordinates": [ -73.997415, 40.670347 ] } },
{ "type": "Feature", "properties": { "latitude": 40.76343, "longitude": -73.992701, "collision_count": 81 }, "geometry": { "type": "Point", "coordinates": [ -73.992701, 40.76343 ] } },
{ "type": "Feature", "properties": { "latitude": 40.726392, "longitude": -73.991796, "collision_count": 81 }, "geometry": { "type": "Point", "coordinates": [ -73.991796, 40.726392 ] } },
{ "type": "Feature", "properties": { "latitude": 40.789948, "longitude": -73.94293, "collision_count": 81 }, "geometry": { "type": "Point", "coordinates": [ -73.94293, 40.789948 ] } },
{ "type": "Feature", "properties": { "latitude": 40.861107, "longitude": -73.89028, "collision_count": 81 }, "geometry": { "type": "Point", "coordinates": [ -73.89028, 40.861107 ] } },
{ "type": "Feature", "properties": { "latitude": 40.781853, "longitude": -73.82523, "collision_count": 81 }, "geometry": { "type": "Point", "coordinates": [ -73.82523, 40.781853 ] } },
{ "type": "Feature", "properties": { "latitude": 40.736855, "longitude": -73.97853, "collision_count": 81 }, "geometry": { "type": "Point", "coordinates": [ -73.97853, 40.736855 ] } },
{ "type": "Feature", "properties": { "latitude": 40.74135, "longitude": -73.981311, "collision_count": 81 }, "geometry": { "type": "Point", "coordinates": [ -73.981311, 40.74135 ] } },
{ "type": "Feature", "properties": { "latitude": 40.7568, "longitude": -73.873665, "collision_count": 80 }, "geometry": { "type": "Point", "coordinates": [ -73.873665, 40.7568 ] } },
{ "type": "Feature", "properties": { "latitude": 40.85214, "longitude": -73.920697, "collision_count": 80 }, "geometry": { "type": "Point", "coordinates": [ -73.920697, 40.85214 ] } },
{ "type": "Feature", "properties": { "latitude": 40.62788, "longitude": -73.93251, "collision_count": 80 }, "geometry": { "type": "Point", "coordinates": [ -73.93251, 40.62788 ] } },
{ "type": "Feature", "properties": { "latitude": 40.831055, "longitude": -73.905846, "collision_count": 80 }, "geometry": { "type": "Point", "coordinates": [ -73.905846, 40.831055 ] } },
{ "type": "Feature", "properties": { "latitude": 40.75503, "longitude": -73.872692, "collision_count": 80 }, "geometry": { "type": "Point", "coordinates": [ -73.872692, 40.75503 ] } },
{ "type": "Feature", "properties": { "latitude": 40.700512, "longitude": -73.796776, "collision_count": 80 }, "geometry": { "type": "Point", "coordinates": [ -73.796776, 40.700512 ] } },
{ "type": "Feature", "properties": { "latitude": 40.794807, "longitude": -73.94441, "collision_count": 80 }, "geometry": { "type": "Point", "coordinates": [ -73.94441, 40.794807 ] } },
{ "type": "Feature", "properties": { "latitude": 40.767744, "longitude": -73.982112, "collision_count": 80 }, "geometry": { "type": "Point", "coordinates": [ -73.982112, 40.767744 ] } },
{ "type": "Feature", "properties": { "latitude": 40.676894, "longitude": -73.900046, "collision_count": 80 }, "geometry": { "type": "Point", "coordinates": [ -73.900046, 40.676894 ] } },
{ "type": "Feature", "properties": { "latitude": 40.68484, "longitude": -73.80607, "collision_count": 80 }, "geometry": { "type": "Point", "coordinates": [ -73.80607, 40.68484 ] } },
{ "type": "Feature", "properties": { "latitude": 40.74206, "longitude": -73.82453, "collision_count": 80 }, "geometry": { "type": "Point", "coordinates": [ -73.82453, 40.74206 ] } },
{ "type": "Feature", "properties": { "latitude": 40.733498, "longitude": -73.87038, "collision_count": 80 }, "geometry": { "type": "Point", "coordinates": [ -73.87038, 40.733498 ] } },
{ "type": "Feature", "properties": { "latitude": 40.736668, "longitude": -73.997345, "collision_count": 80 }, "geometry": { "type": "Point", "coordinates": [ -73.997345, 40.736668 ] } },
{ "type": "Feature", "properties": { "latitude": 40.859874, "longitude": -73.893217, "collision_count": 80 }, "geometry": { "type": "Point", "coordinates": [ -73.893217, 40.859874 ] } },
{ "type": "Feature", "properties": { "latitude": 40.753925, "longitude": -73.99761, "collision_count": 80 }, "geometry": { "type": "Point", "coordinates": [ -73.99761, 40.753925 ] } },
{ "type": "Feature", "properties": { "latitude": 40.62368, "longitude": -73.99772, "collision_count": 80 }, "geometry": { "type": "Point", "coordinates": [ -73.99772, 40.62368 ] } },
{ "type": "Feature", "properties": { "latitude": 40.850168, "longitude": -73.935754, "collision_count": 80 }, "geometry": { "type": "Point", "coordinates": [ -73.935754, 40.850168 ] } },
{ "type": "Feature", "properties": { "latitude": 40.807556, "longitude": -73.919235, "collision_count": 80 }, "geometry": { "type": "Point", "coordinates": [ -73.919235, 40.807556 ] } },
{ "type": "Feature", "properties": { "latitude": 40.788797, "longitude": -73.937541, "collision_count": 80 }, "geometry": { "type": "Point", "coordinates": [ -73.937541, 40.788797 ] } },
{ "type": "Feature", "properties": { "latitude": 40.747894, "longitude": -73.989174, "collision_count": 80 }, "geometry": { "type": "Point", "coordinates": [ -73.989174, 40.747894 ] } },
{ "type": "Feature", "properties": { "latitude": 40.684742, "longitude": -73.86081, "collision_count": 80 }, "geometry": { "type": "Point", "coordinates": [ -73.86081, 40.684742 ] } },
{ "type": "Feature", "properties": { "latitude": 40.666397, "longitude": -73.73857, "collision_count": 80 }, "geometry": { "type": "Point", "coordinates": [ -73.73857, 40.666397 ] } },
{ "type": "Feature", "properties": { "latitude": 40.74091, "longitude": -73.83727, "collision_count": 80 }, "geometry": { "type": "Point", "coordinates": [ -73.83727, 40.74091 ] } },
{ "type": "Feature", "properties": { "latitude": 40.644142, "longitude": -73.957924, "collision_count": 80 }, "geometry": { "type": "Point", "coordinates": [ -73.957924, 40.644142 ] } },
{ "type": "Feature", "properties": { "latitude": 40.70504, "longitude": -73.959045, "collision_count": 80 }, "geometry": { "type": "Point", "coordinates": [ -73.959045, 40.70504 ] } },
{ "type": "Feature", "properties": { "latitude": 40.628643, "longitude": -74.005936, "collision_count": 80 }, "geometry": { "type": "Point", "coordinates": [ -74.005936, 40.628643 ] } },
{ "type": "Feature", "properties": { "latitude": 40.7432, "longitude": -73.89589, "collision_count": 80 }, "geometry": { "type": "Point", "coordinates": [ -73.89589, 40.7432 ] } },
{ "type": "Feature", "properties": { "latitude": 40.77039, "longitude": -73.954124, "collision_count": 80 }, "geometry": { "type": "Point", "coordinates": [ -73.954124, 40.77039 ] } },
{ "type": "Feature", "properties": { "latitude": 40.67948, "longitude": -73.93291, "collision_count": 80 }, "geometry": { "type": "Point", "coordinates": [ -73.93291, 40.67948 ] } },
{ "type": "Feature", "properties": { "latitude": 40.733611, "longitude": -73.999556, "collision_count": 80 }, "geometry": { "type": "Point", "coordinates": [ -73.999556, 40.733611 ] } },
{ "type": "Feature", "properties": { "latitude": 40.543335, "longitude": -74.16427, "collision_count": 80 }, "geometry": { "type": "Point", "coordinates": [ -74.16427, 40.543335 ] } },
{ "type": "Feature", "properties": { "latitude": 40.814266, "longitude": -73.912964, "collision_count": 80 }, "geometry": { "type": "Point", "coordinates": [ -73.912964, 40.814266 ] } },
{ "type": "Feature", "properties": { "latitude": 40.670116, "longitude": -73.92248, "collision_count": 80 }, "geometry": { "type": "Point", "coordinates": [ -73.92248, 40.670116 ] } },
{ "type": "Feature", "properties": { "latitude": 40.666125, "longitude": -73.931382, "collision_count": 80 }, "geometry": { "type": "Point", "coordinates": [ -73.931382, 40.666125 ] } },
{ "type": "Feature", "properties": { "latitude": 40.81821, "longitude": -73.96144, "collision_count": 80 }, "geometry": { "type": "Point", "coordinates": [ -73.96144, 40.81821 ] } },
{ "type": "Feature", "properties": { "latitude": 40.750717, "longitude": -73.85877, "collision_count": 80 }, "geometry": { "type": "Point", "coordinates": [ -73.85877, 40.750717 ] } },
{ "type": "Feature", "properties": { "latitude": 40.791663, "longitude": -73.964684, "collision_count": 80 }, "geometry": { "type": "Point", "coordinates": [ -73.964684, 40.791663 ] } },
{ "type": "Feature", "properties": { "latitude": 40.717724, "longitude": -73.98577, "collision_count": 80 }, "geometry": { "type": "Point", "coordinates": [ -73.98577, 40.717724 ] } },
{ "type": "Feature", "properties": { "latitude": 40.693874, "longitude": -73.91777, "collision_count": 80 }, "geometry": { "type": "Point", "coordinates": [ -73.91777, 40.693874 ] } },
{ "type": "Feature", "properties": { "latitude": 40.792927, "longitude": -73.94791, "collision_count": 80 }, "geometry": { "type": "Point", "coordinates": [ -73.94791, 40.792927 ] } },
{ "type": "Feature", "properties": { "latitude": 40.77529, "longitude": -73.953636, "collision_count": 80 }, "geometry": { "type": "Point", "coordinates": [ -73.953636, 40.77529 ] } },
{ "type": "Feature", "properties": { "latitude": 40.752064, "longitude": -73.973504, "collision_count": 80 }, "geometry": { "type": "Point", "coordinates": [ -73.973504, 40.752064 ] } },
{ "type": "Feature", "properties": { "latitude": 40.771199, "longitude": -73.833443, "collision_count": 80 }, "geometry": { "type": "Point", "coordinates": [ -73.833443, 40.771199 ] } },
{ "type": "Feature", "properties": { "latitude": 40.725777, "longitude": -73.79175, "collision_count": 80 }, "geometry": { "type": "Point", "coordinates": [ -73.79175, 40.725777 ] } },
{ "type": "Feature", "properties": { "latitude": 40.831979, "longitude": -73.935146, "collision_count": 80 }, "geometry": { "type": "Point", "coordinates": [ -73.935146, 40.831979 ] } },
{ "type": "Feature", "properties": { "latitude": 40.80682, "longitude": -73.91749, "collision_count": 80 }, "geometry": { "type": "Point", "coordinates": [ -73.91749, 40.80682 ] } },
{ "type": "Feature", "properties": { "latitude": 40.607258, "longitude": -74.00265, "collision_count": 80 }, "geometry": { "type": "Point", "coordinates": [ -74.00265, 40.607258 ] } },
{ "type": "Feature", "properties": { "latitude": 40.676594, "longitude": -73.89038, "collision_count": 80 }, "geometry": { "type": "Point", "coordinates": [ -73.89038, 40.676594 ] } },
{ "type": "Feature", "properties": { "latitude": 40.636787, "longitude": -73.74057, "collision_count": 80 }, "geometry": { "type": "Point", "coordinates": [ -73.74057, 40.636787 ] } },
{ "type": "Feature", "properties": { "latitude": 40.666862, "longitude": -73.8045, "collision_count": 80 }, "geometry": { "type": "Point", "coordinates": [ -73.8045, 40.666862 ] } },
{ "type": "Feature", "properties": { "latitude": 40.6674, "longitude": -73.773636, "collision_count": 80 }, "geometry": { "type": "Point", "coordinates": [ -73.773636, 40.6674 ] } },
{ "type": "Feature", "properties": { "latitude": 40.608814, "longitude": -73.972996, "collision_count": 80 }, "geometry": { "type": "Point", "coordinates": [ -73.972996, 40.608814 ] } },
{ "type": "Feature", "properties": { "latitude": 40.842154, "longitude": -73.942278, "collision_count": 80 }, "geometry": { "type": "Point", "coordinates": [ -73.942278, 40.842154 ] } },
{ "type": "Feature", "properties": { "latitude": 40.787064, "longitude": -73.94194, "collision_count": 80 }, "geometry": { "type": "Point", "coordinates": [ -73.94194, 40.787064 ] } },
{ "type": "Feature", "properties": { "latitude": 40.774368, "longitude": -73.963549, "collision_count": 80 }, "geometry": { "type": "Point", "coordinates": [ -73.963549, 40.774368 ] } },
{ "type": "Feature", "properties": { "latitude": 40.873383, "longitude": -73.889373, "collision_count": 79 }, "geometry": { "type": "Point", "coordinates": [ -73.889373, 40.873383 ] } },
{ "type": "Feature", "properties": { "latitude": 40.856743, "longitude": -73.89527, "collision_count": 79 }, "geometry": { "type": "Point", "coordinates": [ -73.89527, 40.856743 ] } },
{ "type": "Feature", "properties": { "latitude": 40.840874, "longitude": -73.91979, "collision_count": 79 }, "geometry": { "type": "Point", "coordinates": [ -73.91979, 40.840874 ] } },
{ "type": "Feature", "properties": { "latitude": 40.70417, "longitude": -73.81538, "collision_count": 79 }, "geometry": { "type": "Point", "coordinates": [ -73.81538, 40.70417 ] } },
{ "type": "Feature", "properties": { "latitude": 40.7666, "longitude": -73.89117, "collision_count": 79 }, "geometry": { "type": "Point", "coordinates": [ -73.89117, 40.7666 ] } },
{ "type": "Feature", "properties": { "latitude": 40.71946, "longitude": -73.89117, "collision_count": 79 }, "geometry": { "type": "Point", "coordinates": [ -73.89117, 40.71946 ] } },
{ "type": "Feature", "properties": { "latitude": 40.863113, "longitude": -73.920616, "collision_count": 79 }, "geometry": { "type": "Point", "coordinates": [ -73.920616, 40.863113 ] } },
{ "type": "Feature", "properties": { "latitude": 40.675785, "longitude": -73.90269, "collision_count": 79 }, "geometry": { "type": "Point", "coordinates": [ -73.90269, 40.675785 ] } },
{ "type": "Feature", "properties": { "latitude": 40.787901, "longitude": -73.953672, "collision_count": 79 }, "geometry": { "type": "Point", "coordinates": [ -73.953672, 40.787901 ] } },
{ "type": "Feature", "properties": { "latitude": 40.58524, "longitude": -74.093414, "collision_count": 79 }, "geometry": { "type": "Point", "coordinates": [ -74.093414, 40.58524 ] } },
{ "type": "Feature", "properties": { "latitude": 40.755756, "longitude": -73.964786, "collision_count": 79 }, "geometry": { "type": "Point", "coordinates": [ -73.964786, 40.755756 ] } },
{ "type": "Feature", "properties": { "latitude": 40.640945, "longitude": -73.94852, "collision_count": 79 }, "geometry": { "type": "Point", "coordinates": [ -73.94852, 40.640945 ] } },
{ "type": "Feature", "properties": { "latitude": 40.74147, "longitude": -73.82281, "collision_count": 79 }, "geometry": { "type": "Point", "coordinates": [ -73.82281, 40.74147 ] } },
{ "type": "Feature", "properties": { "latitude": 40.761093, "longitude": -73.983262, "collision_count": 79 }, "geometry": { "type": "Point", "coordinates": [ -73.983262, 40.761093 ] } },
{ "type": "Feature", "properties": { "latitude": 40.734768, "longitude": -73.861595, "collision_count": 79 }, "geometry": { "type": "Point", "coordinates": [ -73.861595, 40.734768 ] } },
{ "type": "Feature", "properties": { "latitude": 40.7603, "longitude": -73.99499, "collision_count": 79 }, "geometry": { "type": "Point", "coordinates": [ -73.99499, 40.7603 ] } },
{ "type": "Feature", "properties": { "latitude": 40.652796, "longitude": -73.946875, "collision_count": 79 }, "geometry": { "type": "Point", "coordinates": [ -73.946875, 40.652796 ] } },
{ "type": "Feature", "properties": { "latitude": 40.805077, "longitude": -73.91092, "collision_count": 79 }, "geometry": { "type": "Point", "coordinates": [ -73.91092, 40.805077 ] } },
{ "type": "Feature", "properties": { "latitude": 40.60168, "longitude": -74.1633, "collision_count": 79 }, "geometry": { "type": "Point", "coordinates": [ -74.1633, 40.60168 ] } },
{ "type": "Feature", "properties": { "latitude": 40.791084, "longitude": -73.953445, "collision_count": 79 }, "geometry": { "type": "Point", "coordinates": [ -73.953445, 40.791084 ] } },
{ "type": "Feature", "properties": { "latitude": 40.777504, "longitude": -73.954956, "collision_count": 79 }, "geometry": { "type": "Point", "coordinates": [ -73.954956, 40.777504 ] } },
{ "type": "Feature", "properties": { "latitude": 40.816044, "longitude": -73.91195, "collision_count": 79 }, "geometry": { "type": "Point", "coordinates": [ -73.91195, 40.816044 ] } },
{ "type": "Feature", "properties": { "latitude": 40.747204, "longitude": -73.99711, "collision_count": 79 }, "geometry": { "type": "Point", "coordinates": [ -73.99711, 40.747204 ] } },
{ "type": "Feature", "properties": { "latitude": 40.737222, "longitude": -73.981391, "collision_count": 79 }, "geometry": { "type": "Point", "coordinates": [ -73.981391, 40.737222 ] } },
{ "type": "Feature", "properties": { "latitude": 40.765823, "longitude": -73.82373, "collision_count": 79 }, "geometry": { "type": "Point", "coordinates": [ -73.82373, 40.765823 ] } },
{ "type": "Feature", "properties": { "latitude": 40.668667, "longitude": -73.868324, "collision_count": 79 }, "geometry": { "type": "Point", "coordinates": [ -73.868324, 40.668667 ] } },
{ "type": "Feature", "properties": { "latitude": 40.68876, "longitude": -73.980842, "collision_count": 79 }, "geometry": { "type": "Point", "coordinates": [ -73.980842, 40.68876 ] } },
{ "type": "Feature", "properties": { "latitude": 40.728393, "longitude": -73.833014, "collision_count": 79 }, "geometry": { "type": "Point", "coordinates": [ -73.833014, 40.728393 ] } },
{ "type": "Feature", "properties": { "latitude": 40.76553, "longitude": -73.997672, "collision_count": 79 }, "geometry": { "type": "Point", "coordinates": [ -73.997672, 40.76553 ] } },
{ "type": "Feature", "properties": { "latitude": 40.73102, "longitude": -73.98591, "collision_count": 79 }, "geometry": { "type": "Point", "coordinates": [ -73.98591, 40.73102 ] } },
{ "type": "Feature", "properties": { "latitude": 40.766045, "longitude": -73.983376, "collision_count": 79 }, "geometry": { "type": "Point", "coordinates": [ -73.983376, 40.766045 ] } },
{ "type": "Feature", "properties": { "latitude": 40.85315, "longitude": -73.90561, "collision_count": 79 }, "geometry": { "type": "Point", "coordinates": [ -73.90561, 40.85315 ] } },
{ "type": "Feature", "properties": { "latitude": 40.713596, "longitude": -73.85964, "collision_count": 79 }, "geometry": { "type": "Point", "coordinates": [ -73.85964, 40.713596 ] } },
{ "type": "Feature", "properties": { "latitude": 40.847682, "longitude": -73.912364, "collision_count": 79 }, "geometry": { "type": "Point", "coordinates": [ -73.912364, 40.847682 ] } },
{ "type": "Feature", "properties": { "latitude": 40.84954, "longitude": -73.93641, "collision_count": 79 }, "geometry": { "type": "Point", "coordinates": [ -73.93641, 40.84954 ] } },
{ "type": "Feature", "properties": { "latitude": 40.787685, "longitude": -73.97502, "collision_count": 79 }, "geometry": { "type": "Point", "coordinates": [ -73.97502, 40.787685 ] } },
{ "type": "Feature", "properties": { "latitude": 40.62731, "longitude": -73.941826, "collision_count": 79 }, "geometry": { "type": "Point", "coordinates": [ -73.941826, 40.62731 ] } },
{ "type": "Feature", "properties": { "latitude": 40.65217, "longitude": -73.961406, "collision_count": 79 }, "geometry": { "type": "Point", "coordinates": [ -73.961406, 40.65217 ] } },
{ "type": "Feature", "properties": { "latitude": 40.88415, "longitude": -73.82607, "collision_count": 79 }, "geometry": { "type": "Point", "coordinates": [ -73.82607, 40.88415 ] } },
{ "type": "Feature", "properties": { "latitude": 40.772209, "longitude": -73.982179, "collision_count": 79 }, "geometry": { "type": "Point", "coordinates": [ -73.982179, 40.772209 ] } },
{ "type": "Feature", "properties": { "latitude": 40.76499, "longitude": -73.820667, "collision_count": 79 }, "geometry": { "type": "Point", "coordinates": [ -73.820667, 40.76499 ] } },
{ "type": "Feature", "properties": { "latitude": 40.738313, "longitude": -73.987742, "collision_count": 79 }, "geometry": { "type": "Point", "coordinates": [ -73.987742, 40.738313 ] } },
{ "type": "Feature", "properties": { "latitude": 40.714165, "longitude": -74.006309, "collision_count": 79 }, "geometry": { "type": "Point", "coordinates": [ -74.006309, 40.714165 ] } },
{ "type": "Feature", "properties": { "latitude": 40.672385, "longitude": -73.785739, "collision_count": 79 }, "geometry": { "type": "Point", "coordinates": [ -73.785739, 40.672385 ] } },
{ "type": "Feature", "properties": { "latitude": 40.75355, "longitude": -73.98505, "collision_count": 79 }, "geometry": { "type": "Point", "coordinates": [ -73.98505, 40.75355 ] } },
{ "type": "Feature", "properties": { "latitude": 40.741028, "longitude": -73.994161, "collision_count": 79 }, "geometry": { "type": "Point", "coordinates": [ -73.994161, 40.741028 ] } },
{ "type": "Feature", "properties": { "latitude": 40.753284, "longitude": -73.92049, "collision_count": 79 }, "geometry": { "type": "Point", "coordinates": [ -73.92049, 40.753284 ] } },
{ "type": "Feature", "properties": { "latitude": 40.707758, "longitude": -74.015643, "collision_count": 79 }, "geometry": { "type": "Point", "coordinates": [ -74.015643, 40.707758 ] } },
{ "type": "Feature", "properties": { "latitude": 40.673748, "longitude": -73.84324, "collision_count": 79 }, "geometry": { "type": "Point", "coordinates": [ -73.84324, 40.673748 ] } },
{ "type": "Feature", "properties": { "latitude": 40.691208, "longitude": -73.813545, "collision_count": 79 }, "geometry": { "type": "Point", "coordinates": [ -73.813545, 40.691208 ] } },
{ "type": "Feature", "properties": { "latitude": 40.60242, "longitude": -73.99459, "collision_count": 79 }, "geometry": { "type": "Point", "coordinates": [ -73.99459, 40.60242 ] } },
{ "type": "Feature", "properties": { "latitude": 40.622374, "longitude": -73.96472, "collision_count": 79 }, "geometry": { "type": "Point", "coordinates": [ -73.96472, 40.622374 ] } },
{ "type": "Feature", "properties": { "latitude": 40.826398, "longitude": -73.921154, "collision_count": 79 }, "geometry": { "type": "Point", "coordinates": [ -73.921154, 40.826398 ] } },
{ "type": "Feature", "properties": { "latitude": 40.830915, "longitude": -73.920462, "collision_count": 79 }, "geometry": { "type": "Point", "coordinates": [ -73.920462, 40.830915 ] } },
{ "type": "Feature", "properties": { "latitude": 40.650518, "longitude": -73.923586, "collision_count": 79 }, "geometry": { "type": "Point", "coordinates": [ -73.923586, 40.650518 ] } },
{ "type": "Feature", "properties": { "latitude": 40.67628, "longitude": -73.892162, "collision_count": 79 }, "geometry": { "type": "Point", "coordinates": [ -73.892162, 40.67628 ] } },
{ "type": "Feature", "properties": { "latitude": 40.606182, "longitude": -74.07613, "collision_count": 79 }, "geometry": { "type": "Point", "coordinates": [ -74.07613, 40.606182 ] } },
{ "type": "Feature", "properties": { "latitude": 40.717596, "longitude": -73.996328, "collision_count": 79 }, "geometry": { "type": "Point", "coordinates": [ -73.996328, 40.717596 ] } },
{ "type": "Feature", "properties": { "latitude": 40.715145, "longitude": -73.74935, "collision_count": 78 }, "geometry": { "type": "Point", "coordinates": [ -73.74935, 40.715145 ] } },
{ "type": "Feature", "properties": { "latitude": 40.754147, "longitude": -73.722885, "collision_count": 78 }, "geometry": { "type": "Point", "coordinates": [ -73.722885, 40.754147 ] } },
{ "type": "Feature", "properties": { "latitude": 40.71582, "longitude": -73.81759, "collision_count": 78 }, "geometry": { "type": "Point", "coordinates": [ -73.81759, 40.71582 ] } },
{ "type": "Feature", "properties": { "latitude": 40.676895, "longitude": -73.93593, "collision_count": 78 }, "geometry": { "type": "Point", "coordinates": [ -73.93593, 40.676895 ] } },
{ "type": "Feature", "properties": { "latitude": 40.76555, "longitude": -73.83911, "collision_count": 78 }, "geometry": { "type": "Point", "coordinates": [ -73.83911, 40.76555 ] } },
{ "type": "Feature", "properties": { "latitude": 40.74889, "longitude": -74.00703, "collision_count": 78 }, "geometry": { "type": "Point", "coordinates": [ -74.00703, 40.74889 ] } },
{ "type": "Feature", "properties": { "latitude": 40.755028, "longitude": -73.872696, "collision_count": 78 }, "geometry": { "type": "Point", "coordinates": [ -73.872696, 40.755028 ] } },
{ "type": "Feature", "properties": { "latitude": 40.740913, "longitude": -73.95226, "collision_count": 78 }, "geometry": { "type": "Point", "coordinates": [ -73.95226, 40.740913 ] } },
{ "type": "Feature", "properties": { "latitude": 40.69411, "longitude": -73.897362, "collision_count": 78 }, "geometry": { "type": "Point", "coordinates": [ -73.897362, 40.69411 ] } },
{ "type": "Feature", "properties": { "latitude": 40.760116, "longitude": -73.984836, "collision_count": 78 }, "geometry": { "type": "Point", "coordinates": [ -73.984836, 40.760116 ] } },
{ "type": "Feature", "properties": { "latitude": 40.8122, "longitude": -73.94226, "collision_count": 78 }, "geometry": { "type": "Point", "coordinates": [ -73.94226, 40.8122 ] } },
{ "type": "Feature", "properties": { "latitude": 40.66095, "longitude": -73.92906, "collision_count": 78 }, "geometry": { "type": "Point", "coordinates": [ -73.92906, 40.66095 ] } },
{ "type": "Feature", "properties": { "latitude": 40.756497, "longitude": -73.972362, "collision_count": 78 }, "geometry": { "type": "Point", "coordinates": [ -73.972362, 40.756497 ] } },
{ "type": "Feature", "properties": { "latitude": 40.662781, "longitude": -73.880855, "collision_count": 78 }, "geometry": { "type": "Point", "coordinates": [ -73.880855, 40.662781 ] } },
{ "type": "Feature", "properties": { "latitude": 40.74457, "longitude": -73.731575, "collision_count": 78 }, "geometry": { "type": "Point", "coordinates": [ -73.731575, 40.74457 ] } },
{ "type": "Feature", "properties": { "latitude": 40.676445, "longitude": -73.92762, "collision_count": 78 }, "geometry": { "type": "Point", "coordinates": [ -73.92762, 40.676445 ] } },
{ "type": "Feature", "properties": { "latitude": 40.783242, "longitude": -73.974539, "collision_count": 78 }, "geometry": { "type": "Point", "coordinates": [ -73.974539, 40.783242 ] } },
{ "type": "Feature", "properties": { "latitude": 40.743324, "longitude": -73.984074, "collision_count": 78 }, "geometry": { "type": "Point", "coordinates": [ -73.984074, 40.743324 ] } },
{ "type": "Feature", "properties": { "latitude": 40.754276, "longitude": -73.90902, "collision_count": 78 }, "geometry": { "type": "Point", "coordinates": [ -73.90902, 40.754276 ] } },
{ "type": "Feature", "properties": { "latitude": 40.679653, "longitude": -73.77724, "collision_count": 78 }, "geometry": { "type": "Point", "coordinates": [ -73.77724, 40.679653 ] } },
{ "type": "Feature", "properties": { "latitude": 40.868282, "longitude": -73.90107, "collision_count": 78 }, "geometry": { "type": "Point", "coordinates": [ -73.90107, 40.868282 ] } },
{ "type": "Feature", "properties": { "latitude": 40.85406, "longitude": -73.91936, "collision_count": 78 }, "geometry": { "type": "Point", "coordinates": [ -73.91936, 40.85406 ] } },
{ "type": "Feature", "properties": { "latitude": 40.765911, "longitude": -73.963402, "collision_count": 78 }, "geometry": { "type": "Point", "coordinates": [ -73.963402, 40.765911 ] } },
{ "type": "Feature", "properties": { "latitude": 40.844486, "longitude": -73.846245, "collision_count": 78 }, "geometry": { "type": "Point", "coordinates": [ -73.846245, 40.844486 ] } },
{ "type": "Feature", "properties": { "latitude": 40.590706, "longitude": -74.165794, "collision_count": 78 }, "geometry": { "type": "Point", "coordinates": [ -74.165794, 40.590706 ] } },
{ "type": "Feature", "properties": { "latitude": 40.777973, "longitude": -73.982156, "collision_count": 78 }, "geometry": { "type": "Point", "coordinates": [ -73.982156, 40.777973 ] } },
{ "type": "Feature", "properties": { "latitude": 40.586572, "longitude": -74.09205, "collision_count": 78 }, "geometry": { "type": "Point", "coordinates": [ -74.09205, 40.586572 ] } },
{ "type": "Feature", "properties": { "latitude": 40.66408, "longitude": -73.94817, "collision_count": 78 }, "geometry": { "type": "Point", "coordinates": [ -73.94817, 40.66408 ] } },
{ "type": "Feature", "properties": { "latitude": 40.732036, "longitude": -73.918919, "collision_count": 78 }, "geometry": { "type": "Point", "coordinates": [ -73.918919, 40.732036 ] } },
{ "type": "Feature", "properties": { "latitude": 40.63158, "longitude": -73.94755, "collision_count": 78 }, "geometry": { "type": "Point", "coordinates": [ -73.94755, 40.63158 ] } },
{ "type": "Feature", "properties": { "latitude": 40.751976, "longitude": -73.93197, "collision_count": 78 }, "geometry": { "type": "Point", "coordinates": [ -73.93197, 40.751976 ] } },
{ "type": "Feature", "properties": { "latitude": 40.759678, "longitude": -73.83236, "collision_count": 78 }, "geometry": { "type": "Point", "coordinates": [ -73.83236, 40.759678 ] } },
{ "type": "Feature", "properties": { "latitude": 40.654068, "longitude": -73.96177, "collision_count": 78 }, "geometry": { "type": "Point", "coordinates": [ -73.96177, 40.654068 ] } },
{ "type": "Feature", "properties": { "latitude": 40.722099, "longitude": -73.77771, "collision_count": 78 }, "geometry": { "type": "Point", "coordinates": [ -73.77771, 40.722099 ] } },
{ "type": "Feature", "properties": { "latitude": 40.527667, "longitude": -74.230229, "collision_count": 78 }, "geometry": { "type": "Point", "coordinates": [ -74.230229, 40.527667 ] } },
{ "type": "Feature", "properties": { "latitude": 40.746334, "longitude": -73.89633, "collision_count": 78 }, "geometry": { "type": "Point", "coordinates": [ -73.89633, 40.746334 ] } },
{ "type": "Feature", "properties": { "latitude": 40.863573, "longitude": -73.926012, "collision_count": 78 }, "geometry": { "type": "Point", "coordinates": [ -73.926012, 40.863573 ] } },
{ "type": "Feature", "properties": { "latitude": 40.663754, "longitude": -73.937159, "collision_count": 78 }, "geometry": { "type": "Point", "coordinates": [ -73.937159, 40.663754 ] } },
{ "type": "Feature", "properties": { "latitude": 40.751747, "longitude": -73.97081, "collision_count": 78 }, "geometry": { "type": "Point", "coordinates": [ -73.97081, 40.751747 ] } },
{ "type": "Feature", "properties": { "latitude": 40.757385, "longitude": -73.98226, "collision_count": 78 }, "geometry": { "type": "Point", "coordinates": [ -73.98226, 40.757385 ] } },
{ "type": "Feature", "properties": { "latitude": 40.70075, "longitude": -73.98599, "collision_count": 78 }, "geometry": { "type": "Point", "coordinates": [ -73.98599, 40.70075 ] } },
{ "type": "Feature", "properties": { "latitude": 40.713913, "longitude": -73.830083, "collision_count": 78 }, "geometry": { "type": "Point", "coordinates": [ -73.830083, 40.713913 ] } },
{ "type": "Feature", "properties": { "latitude": 40.611463, "longitude": -73.924365, "collision_count": 78 }, "geometry": { "type": "Point", "coordinates": [ -73.924365, 40.611463 ] } },
{ "type": "Feature", "properties": { "latitude": 40.59938, "longitude": -73.95141, "collision_count": 78 }, "geometry": { "type": "Point", "coordinates": [ -73.95141, 40.59938 ] } },
{ "type": "Feature", "properties": { "latitude": 40.66578, "longitude": -73.91942, "collision_count": 78 }, "geometry": { "type": "Point", "coordinates": [ -73.91942, 40.66578 ] } },
{ "type": "Feature", "properties": { "latitude": 40.775383, "longitude": -73.923035, "collision_count": 78 }, "geometry": { "type": "Point", "coordinates": [ -73.923035, 40.775383 ] } },
{ "type": "Feature", "properties": { "latitude": 40.710421, "longitude": -73.859637, "collision_count": 78 }, "geometry": { "type": "Point", "coordinates": [ -73.859637, 40.710421 ] } },
{ "type": "Feature", "properties": { "latitude": 40.695858, "longitude": -73.81891, "collision_count": 78 }, "geometry": { "type": "Point", "coordinates": [ -73.81891, 40.695858 ] } },
{ "type": "Feature", "properties": { "latitude": 40.836617, "longitude": -73.87377, "collision_count": 78 }, "geometry": { "type": "Point", "coordinates": [ -73.87377, 40.836617 ] } },
{ "type": "Feature", "properties": { "latitude": 40.679634, "longitude": -73.94959, "collision_count": 78 }, "geometry": { "type": "Point", "coordinates": [ -73.94959, 40.679634 ] } },
{ "type": "Feature", "properties": { "latitude": 40.760704, "longitude": -73.858246, "collision_count": 78 }, "geometry": { "type": "Point", "coordinates": [ -73.858246, 40.760704 ] } },
{ "type": "Feature", "properties": { "latitude": 40.70722, "longitude": -73.78957, "collision_count": 78 }, "geometry": { "type": "Point", "coordinates": [ -73.78957, 40.70722 ] } },
{ "type": "Feature", "properties": { "latitude": 40.739373, "longitude": -73.791885, "collision_count": 78 }, "geometry": { "type": "Point", "coordinates": [ -73.791885, 40.739373 ] } },
{ "type": "Feature", "properties": { "latitude": 40.85185, "longitude": -73.902725, "collision_count": 78 }, "geometry": { "type": "Point", "coordinates": [ -73.902725, 40.85185 ] } },
{ "type": "Feature", "properties": { "latitude": 40.732925, "longitude": -74.00007, "collision_count": 78 }, "geometry": { "type": "Point", "coordinates": [ -74.00007, 40.732925 ] } },
{ "type": "Feature", "properties": { "latitude": 40.76301, "longitude": -73.87532, "collision_count": 78 }, "geometry": { "type": "Point", "coordinates": [ -73.87532, 40.76301 ] } },
{ "type": "Feature", "properties": { "latitude": 40.721793, "longitude": -73.999852, "collision_count": 78 }, "geometry": { "type": "Point", "coordinates": [ -73.999852, 40.721793 ] } },
{ "type": "Feature", "properties": { "latitude": 40.5377, "longitude": -74.15001, "collision_count": 78 }, "geometry": { "type": "Point", "coordinates": [ -74.15001, 40.5377 ] } },
{ "type": "Feature", "properties": { "latitude": 40.75619, "longitude": -73.99057, "collision_count": 78 }, "geometry": { "type": "Point", "coordinates": [ -73.99057, 40.75619 ] } },
{ "type": "Feature", "properties": { "latitude": 40.737063, "longitude": -73.852655, "collision_count": 78 }, "geometry": { "type": "Point", "coordinates": [ -73.852655, 40.737063 ] } },
{ "type": "Feature", "properties": { "latitude": 40.743569, "longitude": -73.992321, "collision_count": 78 }, "geometry": { "type": "Point", "coordinates": [ -73.992321, 40.743569 ] } },
{ "type": "Feature", "properties": { "latitude": 40.732613, "longitude": -73.925156, "collision_count": 78 }, "geometry": { "type": "Point", "coordinates": [ -73.925156, 40.732613 ] } },
{ "type": "Feature", "properties": { "latitude": 40.69024, "longitude": -73.9482, "collision_count": 78 }, "geometry": { "type": "Point", "coordinates": [ -73.9482, 40.69024 ] } },
{ "type": "Feature", "properties": { "latitude": 40.711392, "longitude": -74.008599, "collision_count": 78 }, "geometry": { "type": "Point", "coordinates": [ -74.008599, 40.711392 ] } },
{ "type": "Feature", "properties": { "latitude": 40.648182, "longitude": -73.93001, "collision_count": 78 }, "geometry": { "type": "Point", "coordinates": [ -73.93001, 40.648182 ] } },
{ "type": "Feature", "properties": { "latitude": 40.607258, "longitude": -73.96727, "collision_count": 78 }, "geometry": { "type": "Point", "coordinates": [ -73.96727, 40.607258 ] } },
{ "type": "Feature", "properties": { "latitude": 40.695022, "longitude": -73.988846, "collision_count": 78 }, "geometry": { "type": "Point", "coordinates": [ -73.988846, 40.695022 ] } },
{ "type": "Feature", "properties": { "latitude": 40.806823, "longitude": -73.917478, "collision_count": 78 }, "geometry": { "type": "Point", "coordinates": [ -73.917478, 40.806823 ] } },
{ "type": "Feature", "properties": { "latitude": 40.773876, "longitude": -73.982226, "collision_count": 77 }, "geometry": { "type": "Point", "coordinates": [ -73.982226, 40.773876 ] } },
{ "type": "Feature", "properties": { "latitude": 40.62894, "longitude": -74.116196, "collision_count": 77 }, "geometry": { "type": "Point", "coordinates": [ -74.116196, 40.62894 ] } },
{ "type": "Feature", "properties": { "latitude": 40.712531, "longitude": -74.007665, "collision_count": 77 }, "geometry": { "type": "Point", "coordinates": [ -74.007665, 40.712531 ] } },
{ "type": "Feature", "properties": { "latitude": 40.748329, "longitude": -73.896087, "collision_count": 77 }, "geometry": { "type": "Point", "coordinates": [ -73.896087, 40.748329 ] } },
{ "type": "Feature", "properties": { "latitude": 40.821069, "longitude": -73.898933, "collision_count": 77 }, "geometry": { "type": "Point", "coordinates": [ -73.898933, 40.821069 ] } },
{ "type": "Feature", "properties": { "latitude": 40.73578, "longitude": -73.746544, "collision_count": 77 }, "geometry": { "type": "Point", "coordinates": [ -73.746544, 40.73578 ] } },
{ "type": "Feature", "properties": { "latitude": 40.802971, "longitude": -73.963862, "collision_count": 77 }, "geometry": { "type": "Point", "coordinates": [ -73.963862, 40.802971 ] } },
{ "type": "Feature", "properties": { "latitude": 40.67944, "longitude": -73.89714, "collision_count": 77 }, "geometry": { "type": "Point", "coordinates": [ -73.89714, 40.67944 ] } },
{ "type": "Feature", "properties": { "latitude": 40.867015, "longitude": -73.923109, "collision_count": 77 }, "geometry": { "type": "Point", "coordinates": [ -73.923109, 40.867015 ] } },
{ "type": "Feature", "properties": { "latitude": 40.646264, "longitude": -73.912686, "collision_count": 77 }, "geometry": { "type": "Point", "coordinates": [ -73.912686, 40.646264 ] } },
{ "type": "Feature", "properties": { "latitude": 40.826202, "longitude": -73.821677, "collision_count": 77 }, "geometry": { "type": "Point", "coordinates": [ -73.821677, 40.826202 ] } },
{ "type": "Feature", "properties": { "latitude": 40.739575, "longitude": -73.791661, "collision_count": 77 }, "geometry": { "type": "Point", "coordinates": [ -73.791661, 40.739575 ] } },
{ "type": "Feature", "properties": { "latitude": 40.724636, "longitude": -73.94818, "collision_count": 77 }, "geometry": { "type": "Point", "coordinates": [ -73.94818, 40.724636 ] } },
{ "type": "Feature", "properties": { "latitude": 40.582758, "longitude": -74.1304, "collision_count": 77 }, "geometry": { "type": "Point", "coordinates": [ -74.1304, 40.582758 ] } },
{ "type": "Feature", "properties": { "latitude": 40.58493, "longitude": -73.95269, "collision_count": 77 }, "geometry": { "type": "Point", "coordinates": [ -73.95269, 40.58493 ] } },
{ "type": "Feature", "properties": { "latitude": 40.76161, "longitude": -73.99032, "collision_count": 77 }, "geometry": { "type": "Point", "coordinates": [ -73.99032, 40.76161 ] } },
{ "type": "Feature", "properties": { "latitude": 40.69864, "longitude": -73.93819, "collision_count": 77 }, "geometry": { "type": "Point", "coordinates": [ -73.93819, 40.69864 ] } },
{ "type": "Feature", "properties": { "latitude": 40.862812, "longitude": -73.907555, "collision_count": 77 }, "geometry": { "type": "Point", "coordinates": [ -73.907555, 40.862812 ] } },
{ "type": "Feature", "properties": { "latitude": 40.841077, "longitude": -73.939767, "collision_count": 77 }, "geometry": { "type": "Point", "coordinates": [ -73.939767, 40.841077 ] } },
{ "type": "Feature", "properties": { "latitude": 40.766876, "longitude": -73.97908, "collision_count": 77 }, "geometry": { "type": "Point", "coordinates": [ -73.97908, 40.766876 ] } },
{ "type": "Feature", "properties": { "latitude": 40.714207, "longitude": -73.92817, "collision_count": 77 }, "geometry": { "type": "Point", "coordinates": [ -73.92817, 40.714207 ] } },
{ "type": "Feature", "properties": { "latitude": 40.735634, "longitude": -73.87602, "collision_count": 77 }, "geometry": { "type": "Point", "coordinates": [ -73.87602, 40.735634 ] } },
{ "type": "Feature", "properties": { "latitude": 40.723335, "longitude": -73.93888, "collision_count": 77 }, "geometry": { "type": "Point", "coordinates": [ -73.93888, 40.723335 ] } },
{ "type": "Feature", "properties": { "latitude": 40.876473, "longitude": -73.870569, "collision_count": 77 }, "geometry": { "type": "Point", "coordinates": [ -73.870569, 40.876473 ] } },
{ "type": "Feature", "properties": { "latitude": 40.673571, "longitude": -73.733524, "collision_count": 77 }, "geometry": { "type": "Point", "coordinates": [ -73.733524, 40.673571 ] } },
{ "type": "Feature", "properties": { "latitude": 40.77364, "longitude": -73.95986, "collision_count": 77 }, "geometry": { "type": "Point", "coordinates": [ -73.95986, 40.77364 ] } },
{ "type": "Feature", "properties": { "latitude": 40.81847, "longitude": -73.9414, "collision_count": 77 }, "geometry": { "type": "Point", "coordinates": [ -73.9414, 40.81847 ] } },
{ "type": "Feature", "properties": { "latitude": 40.709095, "longitude": -73.99622, "collision_count": 77 }, "geometry": { "type": "Point", "coordinates": [ -73.99622, 40.709095 ] } },
{ "type": "Feature", "properties": { "latitude": 40.76002, "longitude": -73.85927, "collision_count": 77 }, "geometry": { "type": "Point", "coordinates": [ -73.85927, 40.76002 ] } },
{ "type": "Feature", "properties": { "latitude": 40.745384, "longitude": -73.99471, "collision_count": 77 }, "geometry": { "type": "Point", "coordinates": [ -73.99471, 40.745384 ] } },
{ "type": "Feature", "properties": { "latitude": 40.712902, "longitude": -73.90608, "collision_count": 77 }, "geometry": { "type": "Point", "coordinates": [ -73.90608, 40.712902 ] } },
{ "type": "Feature", "properties": { "latitude": 40.629166, "longitude": -73.947334, "collision_count": 77 }, "geometry": { "type": "Point", "coordinates": [ -73.947334, 40.629166 ] } },
{ "type": "Feature", "properties": { "latitude": 40.789204, "longitude": -73.95483, "collision_count": 77 }, "geometry": { "type": "Point", "coordinates": [ -73.95483, 40.789204 ] } },
{ "type": "Feature", "properties": { "latitude": 40.788532, "longitude": -73.95322, "collision_count": 77 }, "geometry": { "type": "Point", "coordinates": [ -73.95322, 40.788532 ] } },
{ "type": "Feature", "properties": { "latitude": 40.741643, "longitude": -73.978167, "collision_count": 77 }, "geometry": { "type": "Point", "coordinates": [ -73.978167, 40.741643 ] } },
{ "type": "Feature", "properties": { "latitude": 40.761093, "longitude": -73.98327, "collision_count": 77 }, "geometry": { "type": "Point", "coordinates": [ -73.98327, 40.761093 ] } },
{ "type": "Feature", "properties": { "latitude": 40.687773, "longitude": -73.987001, "collision_count": 77 }, "geometry": { "type": "Point", "coordinates": [ -73.987001, 40.687773 ] } },
{ "type": "Feature", "properties": { "latitude": 40.612156, "longitude": -74.11694, "collision_count": 77 }, "geometry": { "type": "Point", "coordinates": [ -74.11694, 40.612156 ] } },
{ "type": "Feature", "properties": { "latitude": 40.741074, "longitude": -73.7258, "collision_count": 77 }, "geometry": { "type": "Point", "coordinates": [ -73.7258, 40.741074 ] } },
{ "type": "Feature", "properties": { "latitude": 40.86258, "longitude": -73.925385, "collision_count": 77 }, "geometry": { "type": "Point", "coordinates": [ -73.925385, 40.86258 ] } },
{ "type": "Feature", "properties": { "latitude": 40.728596, "longitude": -73.987672, "collision_count": 77 }, "geometry": { "type": "Point", "coordinates": [ -73.987672, 40.728596 ] } },
{ "type": "Feature", "properties": { "latitude": 40.757144, "longitude": -73.827092, "collision_count": 77 }, "geometry": { "type": "Point", "coordinates": [ -73.827092, 40.757144 ] } },
{ "type": "Feature", "properties": { "latitude": 40.850857, "longitude": -73.90765, "collision_count": 77 }, "geometry": { "type": "Point", "coordinates": [ -73.90765, 40.850857 ] } },
{ "type": "Feature", "properties": { "latitude": 40.680089, "longitude": -73.943973, "collision_count": 77 }, "geometry": { "type": "Point", "coordinates": [ -73.943973, 40.680089 ] } },
{ "type": "Feature", "properties": { "latitude": 40.744846, "longitude": -73.835686, "collision_count": 77 }, "geometry": { "type": "Point", "coordinates": [ -73.835686, 40.744846 ] } },
{ "type": "Feature", "properties": { "latitude": 40.602535, "longitude": -73.99321, "collision_count": 77 }, "geometry": { "type": "Point", "coordinates": [ -73.99321, 40.602535 ] } },
{ "type": "Feature", "properties": { "latitude": 40.76975, "longitude": -73.960602, "collision_count": 77 }, "geometry": { "type": "Point", "coordinates": [ -73.960602, 40.76975 ] } },
{ "type": "Feature", "properties": { "latitude": 40.66758, "longitude": -73.737397, "collision_count": 77 }, "geometry": { "type": "Point", "coordinates": [ -73.737397, 40.66758 ] } },
{ "type": "Feature", "properties": { "latitude": 40.734135, "longitude": -73.869174, "collision_count": 77 }, "geometry": { "type": "Point", "coordinates": [ -73.869174, 40.734135 ] } },
{ "type": "Feature", "properties": { "latitude": 40.815342, "longitude": -73.93067, "collision_count": 77 }, "geometry": { "type": "Point", "coordinates": [ -73.93067, 40.815342 ] } },
{ "type": "Feature", "properties": { "latitude": 40.749157, "longitude": -73.972693, "collision_count": 77 }, "geometry": { "type": "Point", "coordinates": [ -73.972693, 40.749157 ] } },
{ "type": "Feature", "properties": { "latitude": 40.760525, "longitude": -73.97998, "collision_count": 77 }, "geometry": { "type": "Point", "coordinates": [ -73.97998, 40.760525 ] } },
{ "type": "Feature", "properties": { "latitude": 40.765365, "longitude": -73.987578, "collision_count": 77 }, "geometry": { "type": "Point", "coordinates": [ -73.987578, 40.765365 ] } },
{ "type": "Feature", "properties": { "latitude": 40.676496, "longitude": -73.913696, "collision_count": 77 }, "geometry": { "type": "Point", "coordinates": [ -73.913696, 40.676496 ] } },
{ "type": "Feature", "properties": { "latitude": 40.695705, "longitude": -73.946365, "collision_count": 77 }, "geometry": { "type": "Point", "coordinates": [ -73.946365, 40.695705 ] } },
{ "type": "Feature", "properties": { "latitude": 40.729212, "longitude": -73.781162, "collision_count": 77 }, "geometry": { "type": "Point", "coordinates": [ -73.781162, 40.729212 ] } },
{ "type": "Feature", "properties": { "latitude": 40.769982, "longitude": -73.994646, "collision_count": 77 }, "geometry": { "type": "Point", "coordinates": [ -73.994646, 40.769982 ] } },
{ "type": "Feature", "properties": { "latitude": 40.758695, "longitude": -73.985338, "collision_count": 77 }, "geometry": { "type": "Point", "coordinates": [ -73.985338, 40.758695 ] } },
{ "type": "Feature", "properties": { "latitude": 40.758007, "longitude": -73.96625, "collision_count": 77 }, "geometry": { "type": "Point", "coordinates": [ -73.96625, 40.758007 ] } },
{ "type": "Feature", "properties": { "latitude": 40.832628, "longitude": -73.925375, "collision_count": 77 }, "geometry": { "type": "Point", "coordinates": [ -73.925375, 40.832628 ] } },
{ "type": "Feature", "properties": { "latitude": 40.762127, "longitude": -73.997387, "collision_count": 77 }, "geometry": { "type": "Point", "coordinates": [ -73.997387, 40.762127 ] } },
{ "type": "Feature", "properties": { "latitude": 40.8452, "longitude": -73.916885, "collision_count": 77 }, "geometry": { "type": "Point", "coordinates": [ -73.916885, 40.8452 ] } },
{ "type": "Feature", "properties": { "latitude": 40.763424, "longitude": -73.83016, "collision_count": 77 }, "geometry": { "type": "Point", "coordinates": [ -73.83016, 40.763424 ] } },
{ "type": "Feature", "properties": { "latitude": 40.720626, "longitude": -73.994971, "collision_count": 77 }, "geometry": { "type": "Point", "coordinates": [ -73.994971, 40.720626 ] } },
{ "type": "Feature", "properties": { "latitude": 40.82406, "longitude": -73.92815, "collision_count": 77 }, "geometry": { "type": "Point", "coordinates": [ -73.92815, 40.82406 ] } },
{ "type": "Feature", "properties": { "latitude": 40.762737, "longitude": -73.9597, "collision_count": 77 }, "geometry": { "type": "Point", "coordinates": [ -73.9597, 40.762737 ] } },
{ "type": "Feature", "properties": { "latitude": 40.61651, "longitude": -74.02666, "collision_count": 77 }, "geometry": { "type": "Point", "coordinates": [ -74.02666, 40.61651 ] } },
{ "type": "Feature", "properties": { "latitude": 40.850166, "longitude": -73.93576, "collision_count": 77 }, "geometry": { "type": "Point", "coordinates": [ -73.93576, 40.850166 ] } },
{ "type": "Feature", "properties": { "latitude": 40.812622, "longitude": -73.92934, "collision_count": 77 }, "geometry": { "type": "Point", "coordinates": [ -73.92934, 40.812622 ] } },
{ "type": "Feature", "properties": { "latitude": 40.752723, "longitude": -73.996788, "collision_count": 77 }, "geometry": { "type": "Point", "coordinates": [ -73.996788, 40.752723 ] } },
{ "type": "Feature", "properties": { "latitude": 40.74709, "longitude": -73.76325, "collision_count": 77 }, "geometry": { "type": "Point", "coordinates": [ -73.76325, 40.74709 ] } },
{ "type": "Feature", "properties": { "latitude": 40.67807, "longitude": -73.94139, "collision_count": 77 }, "geometry": { "type": "Point", "coordinates": [ -73.94139, 40.67807 ] } },
{ "type": "Feature", "properties": { "latitude": 40.814937, "longitude": -73.914954, "collision_count": 77 }, "geometry": { "type": "Point", "coordinates": [ -73.914954, 40.814937 ] } },
{ "type": "Feature", "properties": { "latitude": 40.603832, "longitude": -74.06895, "collision_count": 77 }, "geometry": { "type": "Point", "coordinates": [ -74.06895, 40.603832 ] } },
{ "type": "Feature", "properties": { "latitude": 40.773033, "longitude": -73.98221, "collision_count": 77 }, "geometry": { "type": "Point", "coordinates": [ -73.98221, 40.773033 ] } },
{ "type": "Feature", "properties": { "latitude": 40.748863, "longitude": -73.892715, "collision_count": 77 }, "geometry": { "type": "Point", "coordinates": [ -73.892715, 40.748863 ] } },
{ "type": "Feature", "properties": { "latitude": 40.67973, "longitude": -73.9374, "collision_count": 76 }, "geometry": { "type": "Point", "coordinates": [ -73.9374, 40.67973 ] } },
{ "type": "Feature", "properties": { "latitude": 40.77496, "longitude": -73.9589, "collision_count": 76 }, "geometry": { "type": "Point", "coordinates": [ -73.9589, 40.77496 ] } },
{ "type": "Feature", "properties": { "latitude": 40.695952, "longitude": -73.982391, "collision_count": 76 }, "geometry": { "type": "Point", "coordinates": [ -73.982391, 40.695952 ] } },
{ "type": "Feature", "properties": { "latitude": 40.724236, "longitude": -73.997795, "collision_count": 76 }, "geometry": { "type": "Point", "coordinates": [ -73.997795, 40.724236 ] } },
{ "type": "Feature", "properties": { "latitude": 40.572132, "longitude": -74.108087, "collision_count": 76 }, "geometry": { "type": "Point", "coordinates": [ -74.108087, 40.572132 ] } },
{ "type": "Feature", "properties": { "latitude": 40.790253, "longitude": -73.94564, "collision_count": 76 }, "geometry": { "type": "Point", "coordinates": [ -73.94564, 40.790253 ] } },
{ "type": "Feature", "properties": { "latitude": 40.754677, "longitude": -73.975815, "collision_count": 76 }, "geometry": { "type": "Point", "coordinates": [ -73.975815, 40.754677 ] } },
{ "type": "Feature", "properties": { "latitude": 40.78168, "longitude": -73.84595, "collision_count": 76 }, "geometry": { "type": "Point", "coordinates": [ -73.84595, 40.78168 ] } },
{ "type": "Feature", "properties": { "latitude": 40.764267, "longitude": -73.9158, "collision_count": 76 }, "geometry": { "type": "Point", "coordinates": [ -73.9158, 40.764267 ] } },
{ "type": "Feature", "properties": { "latitude": 40.75576, "longitude": -73.739381, "collision_count": 76 }, "geometry": { "type": "Point", "coordinates": [ -73.739381, 40.75576 ] } },
{ "type": "Feature", "properties": { "latitude": 40.854504, "longitude": -73.867704, "collision_count": 76 }, "geometry": { "type": "Point", "coordinates": [ -73.867704, 40.854504 ] } },
{ "type": "Feature", "properties": { "latitude": 40.714622, "longitude": -73.901158, "collision_count": 76 }, "geometry": { "type": "Point", "coordinates": [ -73.901158, 40.714622 ] } },
{ "type": "Feature", "properties": { "latitude": 40.835308, "longitude": -73.94398, "collision_count": 76 }, "geometry": { "type": "Point", "coordinates": [ -73.94398, 40.835308 ] } },
{ "type": "Feature", "properties": { "latitude": 40.72994, "longitude": -73.74481, "collision_count": 76 }, "geometry": { "type": "Point", "coordinates": [ -73.74481, 40.72994 ] } },
{ "type": "Feature", "properties": { "latitude": 40.75738, "longitude": -73.966705, "collision_count": 76 }, "geometry": { "type": "Point", "coordinates": [ -73.966705, 40.75738 ] } },
{ "type": "Feature", "properties": { "latitude": 40.860522, "longitude": -73.892565, "collision_count": 76 }, "geometry": { "type": "Point", "coordinates": [ -73.892565, 40.860522 ] } },
{ "type": "Feature", "properties": { "latitude": 40.781647, "longitude": -73.8367, "collision_count": 76 }, "geometry": { "type": "Point", "coordinates": [ -73.8367, 40.781647 ] } },
{ "type": "Feature", "properties": { "latitude": 40.805042, "longitude": -73.936935, "collision_count": 76 }, "geometry": { "type": "Point", "coordinates": [ -73.936935, 40.805042 ] } },
{ "type": "Feature", "properties": { "latitude": 40.750209, "longitude": -74.002332, "collision_count": 76 }, "geometry": { "type": "Point", "coordinates": [ -74.002332, 40.750209 ] } },
{ "type": "Feature", "properties": { "latitude": 40.631582, "longitude": -73.947544, "collision_count": 76 }, "geometry": { "type": "Point", "coordinates": [ -73.947544, 40.631582 ] } },
{ "type": "Feature", "properties": { "latitude": 40.74463, "longitude": -73.99898, "collision_count": 76 }, "geometry": { "type": "Point", "coordinates": [ -73.99898, 40.74463 ] } },
{ "type": "Feature", "properties": { "latitude": 40.749591, "longitude": -74.002786, "collision_count": 76 }, "geometry": { "type": "Point", "coordinates": [ -74.002786, 40.749591 ] } },
{ "type": "Feature", "properties": { "latitude": 40.77008, "longitude": -73.94784, "collision_count": 76 }, "geometry": { "type": "Point", "coordinates": [ -73.94784, 40.77008 ] } },
{ "type": "Feature", "properties": { "latitude": 40.667824, "longitude": -73.931215, "collision_count": 76 }, "geometry": { "type": "Point", "coordinates": [ -73.931215, 40.667824 ] } },
{ "type": "Feature", "properties": { "latitude": 40.710957, "longitude": -73.951126, "collision_count": 76 }, "geometry": { "type": "Point", "coordinates": [ -73.951126, 40.710957 ] } },
{ "type": "Feature", "properties": { "latitude": 40.765363, "longitude": -73.827865, "collision_count": 76 }, "geometry": { "type": "Point", "coordinates": [ -73.827865, 40.765363 ] } },
{ "type": "Feature", "properties": { "latitude": 40.86177, "longitude": -73.89868, "collision_count": 76 }, "geometry": { "type": "Point", "coordinates": [ -73.89868, 40.86177 ] } },
{ "type": "Feature", "properties": { "latitude": 40.661995, "longitude": -73.91959, "collision_count": 76 }, "geometry": { "type": "Point", "coordinates": [ -73.91959, 40.661995 ] } },
{ "type": "Feature", "properties": { "latitude": 40.714069, "longitude": -73.997504, "collision_count": 76 }, "geometry": { "type": "Point", "coordinates": [ -73.997504, 40.714069 ] } },
{ "type": "Feature", "properties": { "latitude": 40.68087, "longitude": -73.97515, "collision_count": 76 }, "geometry": { "type": "Point", "coordinates": [ -73.97515, 40.68087 ] } },
{ "type": "Feature", "properties": { "latitude": 40.766616, "longitude": -73.986661, "collision_count": 76 }, "geometry": { "type": "Point", "coordinates": [ -73.986661, 40.766616 ] } },
{ "type": "Feature", "properties": { "latitude": 40.857525, "longitude": -73.88179, "collision_count": 76 }, "geometry": { "type": "Point", "coordinates": [ -73.88179, 40.857525 ] } },
{ "type": "Feature", "properties": { "latitude": 40.672527, "longitude": -73.95026, "collision_count": 76 }, "geometry": { "type": "Point", "coordinates": [ -73.95026, 40.672527 ] } },
{ "type": "Feature", "properties": { "latitude": 40.763363, "longitude": -73.95925, "collision_count": 76 }, "geometry": { "type": "Point", "coordinates": [ -73.95925, 40.763363 ] } },
{ "type": "Feature", "properties": { "latitude": 40.642796, "longitude": -73.979443, "collision_count": 76 }, "geometry": { "type": "Point", "coordinates": [ -73.979443, 40.642796 ] } },
{ "type": "Feature", "properties": { "latitude": 40.840866, "longitude": -73.87281, "collision_count": 76 }, "geometry": { "type": "Point", "coordinates": [ -73.87281, 40.840866 ] } },
{ "type": "Feature", "properties": { "latitude": 40.83516, "longitude": -73.94561, "collision_count": 76 }, "geometry": { "type": "Point", "coordinates": [ -73.94561, 40.83516 ] } },
{ "type": "Feature", "properties": { "latitude": 40.77981, "longitude": -73.95035, "collision_count": 76 }, "geometry": { "type": "Point", "coordinates": [ -73.95035, 40.77981 ] } },
{ "type": "Feature", "properties": { "latitude": 40.611427, "longitude": -74.116844, "collision_count": 76 }, "geometry": { "type": "Point", "coordinates": [ -74.116844, 40.611427 ] } },
{ "type": "Feature", "properties": { "latitude": 40.86315, "longitude": -73.90907, "collision_count": 76 }, "geometry": { "type": "Point", "coordinates": [ -73.90907, 40.86315 ] } },
{ "type": "Feature", "properties": { "latitude": 40.736323, "longitude": -73.856302, "collision_count": 76 }, "geometry": { "type": "Point", "coordinates": [ -73.856302, 40.736323 ] } },
{ "type": "Feature", "properties": { "latitude": 40.647526, "longitude": -73.89469, "collision_count": 76 }, "geometry": { "type": "Point", "coordinates": [ -73.89469, 40.647526 ] } },
{ "type": "Feature", "properties": { "latitude": 40.761036, "longitude": -73.98702, "collision_count": 76 }, "geometry": { "type": "Point", "coordinates": [ -73.98702, 40.761036 ] } },
{ "type": "Feature", "properties": { "latitude": 40.763375, "longitude": -73.996459, "collision_count": 76 }, "geometry": { "type": "Point", "coordinates": [ -73.996459, 40.763375 ] } },
{ "type": "Feature", "properties": { "latitude": 40.60461, "longitude": -73.99826, "collision_count": 76 }, "geometry": { "type": "Point", "coordinates": [ -73.99826, 40.60461 ] } },
{ "type": "Feature", "properties": { "latitude": 40.761623, "longitude": -73.82208, "collision_count": 76 }, "geometry": { "type": "Point", "coordinates": [ -73.82208, 40.761623 ] } },
{ "type": "Feature", "properties": { "latitude": 40.736732, "longitude": -73.85451, "collision_count": 76 }, "geometry": { "type": "Point", "coordinates": [ -73.85451, 40.736732 ] } },
{ "type": "Feature", "properties": { "latitude": 40.60059, "longitude": -73.96137, "collision_count": 76 }, "geometry": { "type": "Point", "coordinates": [ -73.96137, 40.60059 ] } },
{ "type": "Feature", "properties": { "latitude": 40.784355, "longitude": -73.981165, "collision_count": 76 }, "geometry": { "type": "Point", "coordinates": [ -73.981165, 40.784355 ] } },
{ "type": "Feature", "properties": { "latitude": 40.745056, "longitude": -73.978615, "collision_count": 76 }, "geometry": { "type": "Point", "coordinates": [ -73.978615, 40.745056 ] } },
{ "type": "Feature", "properties": { "latitude": 40.579372, "longitude": -74.16948, "collision_count": 76 }, "geometry": { "type": "Point", "coordinates": [ -74.16948, 40.579372 ] } },
{ "type": "Feature", "properties": { "latitude": 40.753624, "longitude": -73.96944, "collision_count": 76 }, "geometry": { "type": "Point", "coordinates": [ -73.96944, 40.753624 ] } },
{ "type": "Feature", "properties": { "latitude": 40.665977, "longitude": -73.84157, "collision_count": 76 }, "geometry": { "type": "Point", "coordinates": [ -73.84157, 40.665977 ] } },
{ "type": "Feature", "properties": { "latitude": 40.651234, "longitude": -73.86991, "collision_count": 76 }, "geometry": { "type": "Point", "coordinates": [ -73.86991, 40.651234 ] } },
{ "type": "Feature", "properties": { "latitude": 40.690155, "longitude": -73.998637, "collision_count": 76 }, "geometry": { "type": "Point", "coordinates": [ -73.998637, 40.690155 ] } },
{ "type": "Feature", "properties": { "latitude": 40.824932, "longitude": -73.82431, "collision_count": 76 }, "geometry": { "type": "Point", "coordinates": [ -73.82431, 40.824932 ] } },
{ "type": "Feature", "properties": { "latitude": 40.75369, "longitude": -73.74445, "collision_count": 76 }, "geometry": { "type": "Point", "coordinates": [ -73.74445, 40.75369 ] } },
{ "type": "Feature", "properties": { "latitude": 40.69731, "longitude": -73.932274, "collision_count": 76 }, "geometry": { "type": "Point", "coordinates": [ -73.932274, 40.69731 ] } },
{ "type": "Feature", "properties": { "latitude": 40.771781, "longitude": -73.979194, "collision_count": 76 }, "geometry": { "type": "Point", "coordinates": [ -73.979194, 40.771781 ] } },
{ "type": "Feature", "properties": { "latitude": 40.643246, "longitude": -73.94877, "collision_count": 76 }, "geometry": { "type": "Point", "coordinates": [ -73.94877, 40.643246 ] } },
{ "type": "Feature", "properties": { "latitude": 40.74238, "longitude": -74.00882, "collision_count": 76 }, "geometry": { "type": "Point", "coordinates": [ -74.00882, 40.74238 ] } },
{ "type": "Feature", "properties": { "latitude": 40.67911, "longitude": -73.880615, "collision_count": 76 }, "geometry": { "type": "Point", "coordinates": [ -73.880615, 40.67911 ] } },
{ "type": "Feature", "properties": { "latitude": 40.803352, "longitude": -73.92922, "collision_count": 76 }, "geometry": { "type": "Point", "coordinates": [ -73.92922, 40.803352 ] } },
{ "type": "Feature", "properties": { "latitude": 40.833366, "longitude": -73.85138, "collision_count": 76 }, "geometry": { "type": "Point", "coordinates": [ -73.85138, 40.833366 ] } },
{ "type": "Feature", "properties": { "latitude": 40.814144, "longitude": -73.95571, "collision_count": 76 }, "geometry": { "type": "Point", "coordinates": [ -73.95571, 40.814144 ] } },
{ "type": "Feature", "properties": { "latitude": 40.804886, "longitude": -73.96248, "collision_count": 76 }, "geometry": { "type": "Point", "coordinates": [ -73.96248, 40.804886 ] } },
{ "type": "Feature", "properties": { "latitude": 40.719204, "longitude": -73.99037, "collision_count": 76 }, "geometry": { "type": "Point", "coordinates": [ -73.99037, 40.719204 ] } },
{ "type": "Feature", "properties": { "latitude": 40.862735, "longitude": -73.90332, "collision_count": 76 }, "geometry": { "type": "Point", "coordinates": [ -73.90332, 40.862735 ] } },
{ "type": "Feature", "properties": { "latitude": 40.516337, "longitude": -74.232823, "collision_count": 76 }, "geometry": { "type": "Point", "coordinates": [ -74.232823, 40.516337 ] } },
{ "type": "Feature", "properties": { "latitude": 40.746602, "longitude": -73.765016, "collision_count": 76 }, "geometry": { "type": "Point", "coordinates": [ -73.765016, 40.746602 ] } },
{ "type": "Feature", "properties": { "latitude": 40.567629, "longitude": -74.112612, "collision_count": 76 }, "geometry": { "type": "Point", "coordinates": [ -74.112612, 40.567629 ] } },
{ "type": "Feature", "properties": { "latitude": 40.754727, "longitude": -73.977874, "collision_count": 76 }, "geometry": { "type": "Point", "coordinates": [ -73.977874, 40.754727 ] } },
{ "type": "Feature", "properties": { "latitude": 40.644852, "longitude": -73.911117, "collision_count": 76 }, "geometry": { "type": "Point", "coordinates": [ -73.911117, 40.644852 ] } },
{ "type": "Feature", "properties": { "latitude": 40.74197, "longitude": -73.980859, "collision_count": 76 }, "geometry": { "type": "Point", "coordinates": [ -73.980859, 40.74197 ] } },
{ "type": "Feature", "properties": { "latitude": 40.65505, "longitude": -73.95631, "collision_count": 76 }, "geometry": { "type": "Point", "coordinates": [ -73.95631, 40.65505 ] } },
{ "type": "Feature", "properties": { "latitude": 40.676738, "longitude": -73.843726, "collision_count": 76 }, "geometry": { "type": "Point", "coordinates": [ -73.843726, 40.676738 ] } },
{ "type": "Feature", "properties": { "latitude": 40.670624, "longitude": -73.895546, "collision_count": 76 }, "geometry": { "type": "Point", "coordinates": [ -73.895546, 40.670624 ] } },
{ "type": "Feature", "properties": { "latitude": 40.709442, "longitude": -73.9607, "collision_count": 76 }, "geometry": { "type": "Point", "coordinates": [ -73.9607, 40.709442 ] } },
{ "type": "Feature", "properties": { "latitude": 40.607337, "longitude": -73.961886, "collision_count": 76 }, "geometry": { "type": "Point", "coordinates": [ -73.961886, 40.607337 ] } },
{ "type": "Feature", "properties": { "latitude": 40.765732, "longitude": -73.926439, "collision_count": 76 }, "geometry": { "type": "Point", "coordinates": [ -73.926439, 40.765732 ] } },
{ "type": "Feature", "properties": { "latitude": 40.692547, "longitude": -73.990974, "collision_count": 76 }, "geometry": { "type": "Point", "coordinates": [ -73.990974, 40.692547 ] } },
{ "type": "Feature", "properties": { "latitude": 40.673975, "longitude": -73.985699, "collision_count": 76 }, "geometry": { "type": "Point", "coordinates": [ -73.985699, 40.673975 ] } },
{ "type": "Feature", "properties": { "latitude": 40.7599, "longitude": -73.98043, "collision_count": 76 }, "geometry": { "type": "Point", "coordinates": [ -73.98043, 40.7599 ] } },
{ "type": "Feature", "properties": { "latitude": 40.666294, "longitude": -73.79899, "collision_count": 76 }, "geometry": { "type": "Point", "coordinates": [ -73.79899, 40.666294 ] } },
{ "type": "Feature", "properties": { "latitude": 40.665233, "longitude": -73.931455, "collision_count": 76 }, "geometry": { "type": "Point", "coordinates": [ -73.931455, 40.665233 ] } },
{ "type": "Feature", "properties": { "latitude": 40.738505, "longitude": -73.991798, "collision_count": 76 }, "geometry": { "type": "Point", "coordinates": [ -73.991798, 40.738505 ] } },
{ "type": "Feature", "properties": { "latitude": 40.66725, "longitude": -73.99455, "collision_count": 76 }, "geometry": { "type": "Point", "coordinates": [ -73.99455, 40.66725 ] } },
{ "type": "Feature", "properties": { "latitude": 40.736353, "longitude": -73.975009, "collision_count": 76 }, "geometry": { "type": "Point", "coordinates": [ -73.975009, 40.736353 ] } },
{ "type": "Feature", "properties": { "latitude": 40.719904, "longitude": -74.002601, "collision_count": 76 }, "geometry": { "type": "Point", "coordinates": [ -74.002601, 40.719904 ] } },
{ "type": "Feature", "properties": { "latitude": 40.804168, "longitude": -73.9667, "collision_count": 76 }, "geometry": { "type": "Point", "coordinates": [ -73.9667, 40.804168 ] } },
{ "type": "Feature", "properties": { "latitude": 40.694813, "longitude": -73.983264, "collision_count": 76 }, "geometry": { "type": "Point", "coordinates": [ -73.983264, 40.694813 ] } },
{ "type": "Feature", "properties": { "latitude": 40.773872, "longitude": -73.98223, "collision_count": 76 }, "geometry": { "type": "Point", "coordinates": [ -73.98223, 40.773872 ] } },
{ "type": "Feature", "properties": { "latitude": 40.632294, "longitude": -73.966775, "collision_count": 76 }, "geometry": { "type": "Point", "coordinates": [ -73.966775, 40.632294 ] } },
{ "type": "Feature", "properties": { "latitude": 40.719517, "longitude": -73.994385, "collision_count": 76 }, "geometry": { "type": "Point", "coordinates": [ -73.994385, 40.719517 ] } },
{ "type": "Feature", "properties": { "latitude": 40.833286, "longitude": -73.914085, "collision_count": 76 }, "geometry": { "type": "Point", "coordinates": [ -73.914085, 40.833286 ] } },
{ "type": "Feature", "properties": { "latitude": 40.784534, "longitude": -73.9736, "collision_count": 76 }, "geometry": { "type": "Point", "coordinates": [ -73.9736, 40.784534 ] } },
{ "type": "Feature", "properties": { "latitude": 40.701766, "longitude": -73.807926, "collision_count": 76 }, "geometry": { "type": "Point", "coordinates": [ -73.807926, 40.701766 ] } },
{ "type": "Feature", "properties": { "latitude": 40.70028, "longitude": -73.941154, "collision_count": 76 }, "geometry": { "type": "Point", "coordinates": [ -73.941154, 40.70028 ] } },
{ "type": "Feature", "properties": { "latitude": 40.84474, "longitude": -73.922585, "collision_count": 75 }, "geometry": { "type": "Point", "coordinates": [ -73.922585, 40.84474 ] } },
{ "type": "Feature", "properties": { "latitude": 40.652767, "longitude": -73.8863, "collision_count": 75 }, "geometry": { "type": "Point", "coordinates": [ -73.8863, 40.652767 ] } },
{ "type": "Feature", "properties": { "latitude": 40.711167, "longitude": -73.948892, "collision_count": 75 }, "geometry": { "type": "Point", "coordinates": [ -73.948892, 40.711167 ] } },
{ "type": "Feature", "properties": { "latitude": 40.745422, "longitude": -73.990974, "collision_count": 75 }, "geometry": { "type": "Point", "coordinates": [ -73.990974, 40.745422 ] } },
{ "type": "Feature", "properties": { "latitude": 40.719902, "longitude": -74.00261, "collision_count": 75 }, "geometry": { "type": "Point", "coordinates": [ -74.00261, 40.719902 ] } },
{ "type": "Feature", "properties": { "latitude": 40.708424, "longitude": -73.95791, "collision_count": 75 }, "geometry": { "type": "Point", "coordinates": [ -73.95791, 40.708424 ] } },
{ "type": "Feature", "properties": { "latitude": 40.748436, "longitude": -73.9962, "collision_count": 75 }, "geometry": { "type": "Point", "coordinates": [ -73.9962, 40.748436 ] } },
{ "type": "Feature", "properties": { "latitude": 40.683037, "longitude": -73.96478, "collision_count": 75 }, "geometry": { "type": "Point", "coordinates": [ -73.96478, 40.683037 ] } },
{ "type": "Feature", "properties": { "latitude": 40.85381, "longitude": -73.91386, "collision_count": 75 }, "geometry": { "type": "Point", "coordinates": [ -73.91386, 40.85381 ] } },
{ "type": "Feature", "properties": { "latitude": 40.73986, "longitude": -73.995026, "collision_count": 75 }, "geometry": { "type": "Point", "coordinates": [ -73.995026, 40.73986 ] } },
{ "type": "Feature", "properties": { "latitude": 40.671877, "longitude": -73.914131, "collision_count": 75 }, "geometry": { "type": "Point", "coordinates": [ -73.914131, 40.671877 ] } },
{ "type": "Feature", "properties": { "latitude": 40.865387, "longitude": -73.893456, "collision_count": 75 }, "geometry": { "type": "Point", "coordinates": [ -73.893456, 40.865387 ] } },
{ "type": "Feature", "properties": { "latitude": 40.637196, "longitude": -74.007786, "collision_count": 75 }, "geometry": { "type": "Point", "coordinates": [ -74.007786, 40.637196 ] } },
{ "type": "Feature", "properties": { "latitude": 40.64332, "longitude": -74.01945, "collision_count": 75 }, "geometry": { "type": "Point", "coordinates": [ -74.01945, 40.64332 ] } },
{ "type": "Feature", "properties": { "latitude": 40.670277, "longitude": -73.92542, "collision_count": 75 }, "geometry": { "type": "Point", "coordinates": [ -73.92542, 40.670277 ] } },
{ "type": "Feature", "properties": { "latitude": 40.730442, "longitude": -73.98034, "collision_count": 75 }, "geometry": { "type": "Point", "coordinates": [ -73.98034, 40.730442 ] } },
{ "type": "Feature", "properties": { "latitude": 40.838722, "longitude": -73.913771, "collision_count": 75 }, "geometry": { "type": "Point", "coordinates": [ -73.913771, 40.838722 ] } },
{ "type": "Feature", "properties": { "latitude": 40.667824, "longitude": -73.93122, "collision_count": 75 }, "geometry": { "type": "Point", "coordinates": [ -73.93122, 40.667824 ] } },
{ "type": "Feature", "properties": { "latitude": 40.786484, "longitude": -73.97218, "collision_count": 75 }, "geometry": { "type": "Point", "coordinates": [ -73.97218, 40.786484 ] } },
{ "type": "Feature", "properties": { "latitude": 40.654957, "longitude": -74.007034, "collision_count": 75 }, "geometry": { "type": "Point", "coordinates": [ -74.007034, 40.654957 ] } },
{ "type": "Feature", "properties": { "latitude": 40.711643, "longitude": -73.94392, "collision_count": 75 }, "geometry": { "type": "Point", "coordinates": [ -73.94392, 40.711643 ] } },
{ "type": "Feature", "properties": { "latitude": 40.630505, "longitude": -73.92812, "collision_count": 75 }, "geometry": { "type": "Point", "coordinates": [ -73.92812, 40.630505 ] } },
{ "type": "Feature", "properties": { "latitude": 40.752117, "longitude": -73.97556, "collision_count": 75 }, "geometry": { "type": "Point", "coordinates": [ -73.97556, 40.752117 ] } },
{ "type": "Feature", "properties": { "latitude": 40.744659, "longitude": -73.948523, "collision_count": 75 }, "geometry": { "type": "Point", "coordinates": [ -73.948523, 40.744659 ] } },
{ "type": "Feature", "properties": { "latitude": 40.847965, "longitude": -73.87145, "collision_count": 75 }, "geometry": { "type": "Point", "coordinates": [ -73.87145, 40.847965 ] } },
{ "type": "Feature", "properties": { "latitude": 40.611095, "longitude": -74.11467, "collision_count": 75 }, "geometry": { "type": "Point", "coordinates": [ -74.11467, 40.611095 ] } },
{ "type": "Feature", "properties": { "latitude": 40.804256, "longitude": -73.9193, "collision_count": 75 }, "geometry": { "type": "Point", "coordinates": [ -73.9193, 40.804256 ] } },
{ "type": "Feature", "properties": { "latitude": 40.719584, "longitude": -73.839772, "collision_count": 75 }, "geometry": { "type": "Point", "coordinates": [ -73.839772, 40.719584 ] } },
{ "type": "Feature", "properties": { "latitude": 40.633083, "longitude": -74.00558, "collision_count": 75 }, "geometry": { "type": "Point", "coordinates": [ -74.00558, 40.633083 ] } },
{ "type": "Feature", "properties": { "latitude": 40.766667, "longitude": -73.967065, "collision_count": 75 }, "geometry": { "type": "Point", "coordinates": [ -73.967065, 40.766667 ] } },
{ "type": "Feature", "properties": { "latitude": 40.60459, "longitude": -74.02212, "collision_count": 75 }, "geometry": { "type": "Point", "coordinates": [ -74.02212, 40.60459 ] } },
{ "type": "Feature", "properties": { "latitude": 40.804417, "longitude": -73.955376, "collision_count": 75 }, "geometry": { "type": "Point", "coordinates": [ -73.955376, 40.804417 ] } },
{ "type": "Feature", "properties": { "latitude": 40.666237, "longitude": -73.760989, "collision_count": 75 }, "geometry": { "type": "Point", "coordinates": [ -73.760989, 40.666237 ] } },
{ "type": "Feature", "properties": { "latitude": 40.839798, "longitude": -73.873604, "collision_count": 75 }, "geometry": { "type": "Point", "coordinates": [ -73.873604, 40.839798 ] } },
{ "type": "Feature", "properties": { "latitude": 40.66601, "longitude": -73.78953, "collision_count": 75 }, "geometry": { "type": "Point", "coordinates": [ -73.78953, 40.66601 ] } },
{ "type": "Feature", "properties": { "latitude": 40.630506, "longitude": -73.928115, "collision_count": 75 }, "geometry": { "type": "Point", "coordinates": [ -73.928115, 40.630506 ] } },
{ "type": "Feature", "properties": { "latitude": 40.704067, "longitude": -73.93861, "collision_count": 75 }, "geometry": { "type": "Point", "coordinates": [ -73.93861, 40.704067 ] } },
{ "type": "Feature", "properties": { "latitude": 40.64024, "longitude": -73.91947, "collision_count": 75 }, "geometry": { "type": "Point", "coordinates": [ -73.91947, 40.64024 ] } },
{ "type": "Feature", "properties": { "latitude": 40.69217, "longitude": -73.95194, "collision_count": 75 }, "geometry": { "type": "Point", "coordinates": [ -73.95194, 40.69217 ] } },
{ "type": "Feature", "properties": { "latitude": 40.85809, "longitude": -73.901924, "collision_count": 75 }, "geometry": { "type": "Point", "coordinates": [ -73.901924, 40.85809 ] } },
{ "type": "Feature", "properties": { "latitude": 40.76259, "longitude": -73.80464, "collision_count": 75 }, "geometry": { "type": "Point", "coordinates": [ -73.80464, 40.76259 ] } },
{ "type": "Feature", "properties": { "latitude": 40.634616, "longitude": -74.02352, "collision_count": 75 }, "geometry": { "type": "Point", "coordinates": [ -74.02352, 40.634616 ] } },
{ "type": "Feature", "properties": { "latitude": 40.859309, "longitude": -73.898839, "collision_count": 75 }, "geometry": { "type": "Point", "coordinates": [ -73.898839, 40.859309 ] } },
{ "type": "Feature", "properties": { "latitude": 40.74967, "longitude": -73.99531, "collision_count": 75 }, "geometry": { "type": "Point", "coordinates": [ -73.99531, 40.74967 ] } },
{ "type": "Feature", "properties": { "latitude": 40.757637, "longitude": -73.96342, "collision_count": 75 }, "geometry": { "type": "Point", "coordinates": [ -73.96342, 40.757637 ] } },
{ "type": "Feature", "properties": { "latitude": 40.749286, "longitude": -73.756634, "collision_count": 75 }, "geometry": { "type": "Point", "coordinates": [ -73.756634, 40.749286 ] } },
{ "type": "Feature", "properties": { "latitude": 40.67567, "longitude": -73.89785, "collision_count": 75 }, "geometry": { "type": "Point", "coordinates": [ -73.89785, 40.67567 ] } },
{ "type": "Feature", "properties": { "latitude": 40.771076, "longitude": -73.91872, "collision_count": 75 }, "geometry": { "type": "Point", "coordinates": [ -73.91872, 40.771076 ] } },
{ "type": "Feature", "properties": { "latitude": 40.672073, "longitude": -73.91135, "collision_count": 75 }, "geometry": { "type": "Point", "coordinates": [ -73.91135, 40.672073 ] } },
{ "type": "Feature", "properties": { "latitude": 40.637745, "longitude": -74.07603, "collision_count": 75 }, "geometry": { "type": "Point", "coordinates": [ -74.07603, 40.637745 ] } },
{ "type": "Feature", "properties": { "latitude": 40.756382, "longitude": -73.96433, "collision_count": 75 }, "geometry": { "type": "Point", "coordinates": [ -73.96433, 40.756382 ] } },
{ "type": "Feature", "properties": { "latitude": 40.837654, "longitude": -73.89997, "collision_count": 75 }, "geometry": { "type": "Point", "coordinates": [ -73.89997, 40.837654 ] } },
{ "type": "Feature", "properties": { "latitude": 40.752934, "longitude": -73.9855, "collision_count": 75 }, "geometry": { "type": "Point", "coordinates": [ -73.9855, 40.752934 ] } },
{ "type": "Feature", "properties": { "latitude": 40.62156, "longitude": -74.16849, "collision_count": 75 }, "geometry": { "type": "Point", "coordinates": [ -74.16849, 40.62156 ] } },
{ "type": "Feature", "properties": { "latitude": 40.686234, "longitude": -73.824175, "collision_count": 75 }, "geometry": { "type": "Point", "coordinates": [ -73.824175, 40.686234 ] } },
{ "type": "Feature", "properties": { "latitude": 40.764627, "longitude": -73.995545, "collision_count": 75 }, "geometry": { "type": "Point", "coordinates": [ -73.995545, 40.764627 ] } },
{ "type": "Feature", "properties": { "latitude": 40.609627, "longitude": -74.14955, "collision_count": 75 }, "geometry": { "type": "Point", "coordinates": [ -74.14955, 40.609627 ] } },
{ "type": "Feature", "properties": { "latitude": 40.635494, "longitude": -74.009559, "collision_count": 75 }, "geometry": { "type": "Point", "coordinates": [ -74.009559, 40.635494 ] } },
{ "type": "Feature", "properties": { "latitude": 40.646518, "longitude": -73.958105, "collision_count": 75 }, "geometry": { "type": "Point", "coordinates": [ -73.958105, 40.646518 ] } },
{ "type": "Feature", "properties": { "latitude": 40.8305, "longitude": -73.861626, "collision_count": 75 }, "geometry": { "type": "Point", "coordinates": [ -73.861626, 40.8305 ] } },
{ "type": "Feature", "properties": { "latitude": 40.710247, "longitude": -73.82125, "collision_count": 75 }, "geometry": { "type": "Point", "coordinates": [ -73.82125, 40.710247 ] } },
{ "type": "Feature", "properties": { "latitude": 40.682415, "longitude": -73.97065, "collision_count": 75 }, "geometry": { "type": "Point", "coordinates": [ -73.97065, 40.682415 ] } },
{ "type": "Feature", "properties": { "latitude": 40.765865, "longitude": -73.95742, "collision_count": 75 }, "geometry": { "type": "Point", "coordinates": [ -73.95742, 40.765865 ] } },
{ "type": "Feature", "properties": { "latitude": 40.813589, "longitude": -73.931046, "collision_count": 75 }, "geometry": { "type": "Point", "coordinates": [ -73.931046, 40.813589 ] } },
{ "type": "Feature", "properties": { "latitude": 40.768642, "longitude": -73.949036, "collision_count": 75 }, "geometry": { "type": "Point", "coordinates": [ -73.949036, 40.768642 ] } },
{ "type": "Feature", "properties": { "latitude": 40.667017, "longitude": -73.931291, "collision_count": 75 }, "geometry": { "type": "Point", "coordinates": [ -73.931291, 40.667017 ] } },
{ "type": "Feature", "properties": { "latitude": 40.740873, "longitude": -73.987983, "collision_count": 75 }, "geometry": { "type": "Point", "coordinates": [ -73.987983, 40.740873 ] } },
{ "type": "Feature", "properties": { "latitude": 40.7185, "longitude": -73.73531, "collision_count": 75 }, "geometry": { "type": "Point", "coordinates": [ -73.73531, 40.7185 ] } },
{ "type": "Feature", "properties": { "latitude": 40.78324, "longitude": -73.97455, "collision_count": 75 }, "geometry": { "type": "Point", "coordinates": [ -73.97455, 40.78324 ] } },
{ "type": "Feature", "properties": { "latitude": 40.74658, "longitude": -73.99756, "collision_count": 75 }, "geometry": { "type": "Point", "coordinates": [ -73.99756, 40.74658 ] } },
{ "type": "Feature", "properties": { "latitude": 40.726357, "longitude": -73.76388, "collision_count": 75 }, "geometry": { "type": "Point", "coordinates": [ -73.76388, 40.726357 ] } },
{ "type": "Feature", "properties": { "latitude": 40.695705, "longitude": -73.94637, "collision_count": 75 }, "geometry": { "type": "Point", "coordinates": [ -73.94637, 40.695705 ] } },
{ "type": "Feature", "properties": { "latitude": 40.726437, "longitude": -74.00566, "collision_count": 75 }, "geometry": { "type": "Point", "coordinates": [ -74.00566, 40.726437 ] } },
{ "type": "Feature", "properties": { "latitude": 40.814526, "longitude": -73.83672, "collision_count": 75 }, "geometry": { "type": "Point", "coordinates": [ -73.83672, 40.814526 ] } },
{ "type": "Feature", "properties": { "latitude": 40.68655, "longitude": -74.008125, "collision_count": 75 }, "geometry": { "type": "Point", "coordinates": [ -74.008125, 40.68655 ] } },
{ "type": "Feature", "properties": { "latitude": 40.69612, "longitude": -73.74619, "collision_count": 75 }, "geometry": { "type": "Point", "coordinates": [ -73.74619, 40.69612 ] } },
{ "type": "Feature", "properties": { "latitude": 40.77242, "longitude": -73.978724, "collision_count": 75 }, "geometry": { "type": "Point", "coordinates": [ -73.978724, 40.77242 ] } },
{ "type": "Feature", "properties": { "latitude": 40.598312, "longitude": -73.96119, "collision_count": 75 }, "geometry": { "type": "Point", "coordinates": [ -73.96119, 40.598312 ] } },
{ "type": "Feature", "properties": { "latitude": 40.689842, "longitude": -73.85007, "collision_count": 75 }, "geometry": { "type": "Point", "coordinates": [ -73.85007, 40.689842 ] } },
{ "type": "Feature", "properties": { "latitude": 40.7024, "longitude": -73.9605, "collision_count": 75 }, "geometry": { "type": "Point", "coordinates": [ -73.9605, 40.7024 ] } },
{ "type": "Feature", "properties": { "latitude": 40.75228, "longitude": -73.9897, "collision_count": 75 }, "geometry": { "type": "Point", "coordinates": [ -73.9897, 40.75228 ] } },
{ "type": "Feature", "properties": { "latitude": 40.856625, "longitude": -73.8319, "collision_count": 75 }, "geometry": { "type": "Point", "coordinates": [ -73.8319, 40.856625 ] } },
{ "type": "Feature", "properties": { "latitude": 40.776017, "longitude": -73.98724, "collision_count": 75 }, "geometry": { "type": "Point", "coordinates": [ -73.98724, 40.776017 ] } },
{ "type": "Feature", "properties": { "latitude": 40.779495, "longitude": -73.9535, "collision_count": 75 }, "geometry": { "type": "Point", "coordinates": [ -73.9535, 40.779495 ] } },
{ "type": "Feature", "properties": { "latitude": 40.76975, "longitude": -73.96061, "collision_count": 75 }, "geometry": { "type": "Point", "coordinates": [ -73.96061, 40.76975 ] } },
{ "type": "Feature", "properties": { "latitude": 40.766895, "longitude": -73.921394, "collision_count": 75 }, "geometry": { "type": "Point", "coordinates": [ -73.921394, 40.766895 ] } },
{ "type": "Feature", "properties": { "latitude": 40.62125, "longitude": -74.168877, "collision_count": 75 }, "geometry": { "type": "Point", "coordinates": [ -74.168877, 40.62125 ] } },
{ "type": "Feature", "properties": { "latitude": 40.682037, "longitude": -73.87788, "collision_count": 75 }, "geometry": { "type": "Point", "coordinates": [ -73.87788, 40.682037 ] } },
{ "type": "Feature", "properties": { "latitude": 40.730018, "longitude": -73.823468, "collision_count": 74 }, "geometry": { "type": "Point", "coordinates": [ -73.823468, 40.730018 ] } },
{ "type": "Feature", "properties": { "latitude": 40.825577, "longitude": -73.918465, "collision_count": 74 }, "geometry": { "type": "Point", "coordinates": [ -73.918465, 40.825577 ] } },
{ "type": "Feature", "properties": { "latitude": 40.767535, "longitude": -73.953249, "collision_count": 74 }, "geometry": { "type": "Point", "coordinates": [ -73.953249, 40.767535 ] } },
{ "type": "Feature", "properties": { "latitude": 40.61652, "longitude": -73.98586, "collision_count": 74 }, "geometry": { "type": "Point", "coordinates": [ -73.98586, 40.61652 ] } },
{ "type": "Feature", "properties": { "latitude": 40.763645, "longitude": -73.97769, "collision_count": 74 }, "geometry": { "type": "Point", "coordinates": [ -73.97769, 40.763645 ] } },
{ "type": "Feature", "properties": { "latitude": 40.680871, "longitude": -73.975144, "collision_count": 74 }, "geometry": { "type": "Point", "coordinates": [ -73.975144, 40.680871 ] } },
{ "type": "Feature", "properties": { "latitude": 40.765991, "longitude": -73.987123, "collision_count": 74 }, "geometry": { "type": "Point", "coordinates": [ -73.987123, 40.765991 ] } },
{ "type": "Feature", "properties": { "latitude": 40.637196, "longitude": -74.00779, "collision_count": 74 }, "geometry": { "type": "Point", "coordinates": [ -74.00779, 40.637196 ] } },
{ "type": "Feature", "properties": { "latitude": 40.57397, "longitude": -74.16992, "collision_count": 74 }, "geometry": { "type": "Point", "coordinates": [ -74.16992, 40.57397 ] } },
{ "type": "Feature", "properties": { "latitude": 40.720566, "longitude": -73.8459, "collision_count": 74 }, "geometry": { "type": "Point", "coordinates": [ -73.8459, 40.720566 ] } },
{ "type": "Feature", "properties": { "latitude": 40.67151, "longitude": -73.76455, "collision_count": 74 }, "geometry": { "type": "Point", "coordinates": [ -73.76455, 40.67151 ] } },
{ "type": "Feature", "properties": { "latitude": 40.677863, "longitude": -73.938624, "collision_count": 74 }, "geometry": { "type": "Point", "coordinates": [ -73.938624, 40.677863 ] } },
{ "type": "Feature", "properties": { "latitude": 40.76274, "longitude": -73.959696, "collision_count": 74 }, "geometry": { "type": "Point", "coordinates": [ -73.959696, 40.76274 ] } },
{ "type": "Feature", "properties": { "latitude": 40.719124, "longitude": -73.791405, "collision_count": 74 }, "geometry": { "type": "Point", "coordinates": [ -73.791405, 40.719124 ] } },
{ "type": "Feature", "properties": { "latitude": 40.844489, "longitude": -73.846234, "collision_count": 74 }, "geometry": { "type": "Point", "coordinates": [ -73.846234, 40.844489 ] } },
{ "type": "Feature", "properties": { "latitude": 40.76524, "longitude": -73.95788, "collision_count": 74 }, "geometry": { "type": "Point", "coordinates": [ -73.95788, 40.76524 ] } },
{ "type": "Feature", "properties": { "latitude": 40.755374, "longitude": -73.987446, "collision_count": 74 }, "geometry": { "type": "Point", "coordinates": [ -73.987446, 40.755374 ] } },
{ "type": "Feature", "properties": { "latitude": 40.784462, "longitude": -73.97737, "collision_count": 74 }, "geometry": { "type": "Point", "coordinates": [ -73.97737, 40.784462 ] } },
{ "type": "Feature", "properties": { "latitude": 40.77622, "longitude": -73.97596, "collision_count": 74 }, "geometry": { "type": "Point", "coordinates": [ -73.97596, 40.77622 ] } },
{ "type": "Feature", "properties": { "latitude": 40.718145, "longitude": -73.993828, "collision_count": 74 }, "geometry": { "type": "Point", "coordinates": [ -73.993828, 40.718145 ] } },
{ "type": "Feature", "properties": { "latitude": 40.678455, "longitude": -73.949684, "collision_count": 74 }, "geometry": { "type": "Point", "coordinates": [ -73.949684, 40.678455 ] } },
{ "type": "Feature", "properties": { "latitude": 40.721633, "longitude": -73.993528, "collision_count": 74 }, "geometry": { "type": "Point", "coordinates": [ -73.993528, 40.721633 ] } },
{ "type": "Feature", "properties": { "latitude": 40.648442, "longitude": -73.882412, "collision_count": 74 }, "geometry": { "type": "Point", "coordinates": [ -73.882412, 40.648442 ] } },
{ "type": "Feature", "properties": { "latitude": 40.687008, "longitude": -73.82219, "collision_count": 74 }, "geometry": { "type": "Point", "coordinates": [ -73.82219, 40.687008 ] } },
{ "type": "Feature", "properties": { "latitude": 40.729355, "longitude": -73.86023, "collision_count": 74 }, "geometry": { "type": "Point", "coordinates": [ -73.86023, 40.729355 ] } },
{ "type": "Feature", "properties": { "latitude": 40.848685, "longitude": -73.939215, "collision_count": 74 }, "geometry": { "type": "Point", "coordinates": [ -73.939215, 40.848685 ] } },
{ "type": "Feature", "properties": { "latitude": 40.700009, "longitude": -73.830886, "collision_count": 74 }, "geometry": { "type": "Point", "coordinates": [ -73.830886, 40.700009 ] } },
{ "type": "Feature", "properties": { "latitude": 40.629166, "longitude": -73.947326, "collision_count": 74 }, "geometry": { "type": "Point", "coordinates": [ -73.947326, 40.629166 ] } },
{ "type": "Feature", "properties": { "latitude": 40.74413, "longitude": -73.927055, "collision_count": 74 }, "geometry": { "type": "Point", "coordinates": [ -73.927055, 40.74413 ] } },
{ "type": "Feature", "properties": { "latitude": 40.742944, "longitude": -73.916843, "collision_count": 74 }, "geometry": { "type": "Point", "coordinates": [ -73.916843, 40.742944 ] } },
{ "type": "Feature", "properties": { "latitude": 40.74198, "longitude": -73.82475, "collision_count": 74 }, "geometry": { "type": "Point", "coordinates": [ -73.82475, 40.74198 ] } },
{ "type": "Feature", "properties": { "latitude": 40.72179, "longitude": -73.99986, "collision_count": 74 }, "geometry": { "type": "Point", "coordinates": [ -73.99986, 40.72179 ] } },
{ "type": "Feature", "properties": { "latitude": 40.847427, "longitude": -73.931404, "collision_count": 74 }, "geometry": { "type": "Point", "coordinates": [ -73.931404, 40.847427 ] } },
{ "type": "Feature", "properties": { "latitude": 40.720966, "longitude": -73.8429, "collision_count": 74 }, "geometry": { "type": "Point", "coordinates": [ -73.8429, 40.720966 ] } },
{ "type": "Feature", "properties": { "latitude": 40.828418, "longitude": -73.860674, "collision_count": 74 }, "geometry": { "type": "Point", "coordinates": [ -73.860674, 40.828418 ] } },
{ "type": "Feature", "properties": { "latitude": 40.812126, "longitude": -73.90419, "collision_count": 74 }, "geometry": { "type": "Point", "coordinates": [ -73.90419, 40.812126 ] } },
{ "type": "Feature", "properties": { "latitude": 40.61242, "longitude": -74.09936, "collision_count": 74 }, "geometry": { "type": "Point", "coordinates": [ -74.09936, 40.61242 ] } },
{ "type": "Feature", "properties": { "latitude": 40.82201, "longitude": -73.85827, "collision_count": 74 }, "geometry": { "type": "Point", "coordinates": [ -73.85827, 40.82201 ] } },
{ "type": "Feature", "properties": { "latitude": 40.75048, "longitude": -73.99472, "collision_count": 74 }, "geometry": { "type": "Point", "coordinates": [ -73.99472, 40.75048 ] } },
{ "type": "Feature", "properties": { "latitude": 40.652627, "longitude": -74.006163, "collision_count": 74 }, "geometry": { "type": "Point", "coordinates": [ -74.006163, 40.652627 ] } },
{ "type": "Feature", "properties": { "latitude": 40.805639, "longitude": -73.934392, "collision_count": 74 }, "geometry": { "type": "Point", "coordinates": [ -73.934392, 40.805639 ] } },
{ "type": "Feature", "properties": { "latitude": 40.667094, "longitude": -73.763757, "collision_count": 74 }, "geometry": { "type": "Point", "coordinates": [ -73.763757, 40.667094 ] } },
{ "type": "Feature", "properties": { "latitude": 40.729046, "longitude": -74.01073, "collision_count": 74 }, "geometry": { "type": "Point", "coordinates": [ -74.01073, 40.729046 ] } },
{ "type": "Feature", "properties": { "latitude": 40.755215, "longitude": -73.99668, "collision_count": 74 }, "geometry": { "type": "Point", "coordinates": [ -73.99668, 40.755215 ] } },
{ "type": "Feature", "properties": { "latitude": 40.789498, "longitude": -73.782237, "collision_count": 74 }, "geometry": { "type": "Point", "coordinates": [ -73.782237, 40.789498 ] } },
{ "type": "Feature", "properties": { "latitude": 40.627365, "longitude": -74.166565, "collision_count": 74 }, "geometry": { "type": "Point", "coordinates": [ -74.166565, 40.627365 ] } },
{ "type": "Feature", "properties": { "latitude": 40.720966, "longitude": -73.842893, "collision_count": 74 }, "geometry": { "type": "Point", "coordinates": [ -73.842893, 40.720966 ] } },
{ "type": "Feature", "properties": { "latitude": 40.69603, "longitude": -73.943526, "collision_count": 74 }, "geometry": { "type": "Point", "coordinates": [ -73.943526, 40.69603 ] } },
{ "type": "Feature", "properties": { "latitude": 40.74044, "longitude": -73.9946, "collision_count": 74 }, "geometry": { "type": "Point", "coordinates": [ -73.9946, 40.74044 ] } },
{ "type": "Feature", "properties": { "latitude": 40.84921, "longitude": -73.90011, "collision_count": 74 }, "geometry": { "type": "Point", "coordinates": [ -73.90011, 40.84921 ] } },
{ "type": "Feature", "properties": { "latitude": 40.725797, "longitude": -73.997612, "collision_count": 74 }, "geometry": { "type": "Point", "coordinates": [ -73.997612, 40.725797 ] } },
{ "type": "Feature", "properties": { "latitude": 40.675106, "longitude": -73.90438, "collision_count": 74 }, "geometry": { "type": "Point", "coordinates": [ -73.90438, 40.675106 ] } },
{ "type": "Feature", "properties": { "latitude": 40.680225, "longitude": -74.00481, "collision_count": 74 }, "geometry": { "type": "Point", "coordinates": [ -74.00481, 40.680225 ] } },
{ "type": "Feature", "properties": { "latitude": 40.767119, "longitude": -73.956495, "collision_count": 74 }, "geometry": { "type": "Point", "coordinates": [ -73.956495, 40.767119 ] } },
{ "type": "Feature", "properties": { "latitude": 40.727976, "longitude": -73.988119, "collision_count": 74 }, "geometry": { "type": "Point", "coordinates": [ -73.988119, 40.727976 ] } },
{ "type": "Feature", "properties": { "latitude": 40.85132, "longitude": -73.90842, "collision_count": 74 }, "geometry": { "type": "Point", "coordinates": [ -73.90842, 40.85132 ] } },
{ "type": "Feature", "properties": { "latitude": 40.72247, "longitude": -73.987135, "collision_count": 74 }, "geometry": { "type": "Point", "coordinates": [ -73.987135, 40.72247 ] } },
{ "type": "Feature", "properties": { "latitude": 40.67628, "longitude": -73.892166, "collision_count": 74 }, "geometry": { "type": "Point", "coordinates": [ -73.892166, 40.67628 ] } },
{ "type": "Feature", "properties": { "latitude": 40.85894, "longitude": -73.922935, "collision_count": 74 }, "geometry": { "type": "Point", "coordinates": [ -73.922935, 40.85894 ] } },
{ "type": "Feature", "properties": { "latitude": 40.811264, "longitude": -73.95782, "collision_count": 74 }, "geometry": { "type": "Point", "coordinates": [ -73.95782, 40.811264 ] } },
{ "type": "Feature", "properties": { "latitude": 40.807598, "longitude": -73.937179, "collision_count": 74 }, "geometry": { "type": "Point", "coordinates": [ -73.937179, 40.807598 ] } },
{ "type": "Feature", "properties": { "latitude": 40.64944, "longitude": -73.96308, "collision_count": 74 }, "geometry": { "type": "Point", "coordinates": [ -73.96308, 40.64944 ] } },
{ "type": "Feature", "properties": { "latitude": 40.719551, "longitude": -73.974889, "collision_count": 74 }, "geometry": { "type": "Point", "coordinates": [ -73.974889, 40.719551 ] } },
{ "type": "Feature", "properties": { "latitude": 40.669921, "longitude": -73.918888, "collision_count": 74 }, "geometry": { "type": "Point", "coordinates": [ -73.918888, 40.669921 ] } },
{ "type": "Feature", "properties": { "latitude": 40.763885, "longitude": -73.84002, "collision_count": 74 }, "geometry": { "type": "Point", "coordinates": [ -73.84002, 40.763885 ] } },
{ "type": "Feature", "properties": { "latitude": 40.608726, "longitude": -74.088378, "collision_count": 74 }, "geometry": { "type": "Point", "coordinates": [ -74.088378, 40.608726 ] } },
{ "type": "Feature", "properties": { "latitude": 40.643063, "longitude": -73.95166, "collision_count": 74 }, "geometry": { "type": "Point", "coordinates": [ -73.95166, 40.643063 ] } },
{ "type": "Feature", "properties": { "latitude": 40.65484, "longitude": -73.9597, "collision_count": 74 }, "geometry": { "type": "Point", "coordinates": [ -73.9597, 40.65484 ] } },
{ "type": "Feature", "properties": { "latitude": 40.731182, "longitude": -73.871605, "collision_count": 74 }, "geometry": { "type": "Point", "coordinates": [ -73.871605, 40.731182 ] } },
{ "type": "Feature", "properties": { "latitude": 40.773642, "longitude": -73.959856, "collision_count": 74 }, "geometry": { "type": "Point", "coordinates": [ -73.959856, 40.773642 ] } },
{ "type": "Feature", "properties": { "latitude": 40.748512, "longitude": -73.98872, "collision_count": 74 }, "geometry": { "type": "Point", "coordinates": [ -73.98872, 40.748512 ] } },
{ "type": "Feature", "properties": { "latitude": 40.759163, "longitude": -73.97675, "collision_count": 74 }, "geometry": { "type": "Point", "coordinates": [ -73.97675, 40.759163 ] } },
{ "type": "Feature", "properties": { "latitude": 40.845882, "longitude": -73.930435, "collision_count": 74 }, "geometry": { "type": "Point", "coordinates": [ -73.930435, 40.845882 ] } },
{ "type": "Feature", "properties": { "latitude": 40.618558, "longitude": -73.955036, "collision_count": 74 }, "geometry": { "type": "Point", "coordinates": [ -73.955036, 40.618558 ] } },
{ "type": "Feature", "properties": { "latitude": 40.719484, "longitude": -73.991284, "collision_count": 74 }, "geometry": { "type": "Point", "coordinates": [ -73.991284, 40.719484 ] } },
{ "type": "Feature", "properties": { "latitude": 40.770754, "longitude": -73.95694, "collision_count": 74 }, "geometry": { "type": "Point", "coordinates": [ -73.95694, 40.770754 ] } },
{ "type": "Feature", "properties": { "latitude": 40.608435, "longitude": -74.155438, "collision_count": 74 }, "geometry": { "type": "Point", "coordinates": [ -74.155438, 40.608435 ] } },
{ "type": "Feature", "properties": { "latitude": 40.717904, "longitude": -73.832011, "collision_count": 74 }, "geometry": { "type": "Point", "coordinates": [ -73.832011, 40.717904 ] } },
{ "type": "Feature", "properties": { "latitude": 40.7736, "longitude": -73.98158, "collision_count": 74 }, "geometry": { "type": "Point", "coordinates": [ -73.98158, 40.7736 ] } },
{ "type": "Feature", "properties": { "latitude": 40.758633, "longitude": -73.96579, "collision_count": 74 }, "geometry": { "type": "Point", "coordinates": [ -73.96579, 40.758633 ] } },
{ "type": "Feature", "properties": { "latitude": 40.749157, "longitude": -73.9727, "collision_count": 74 }, "geometry": { "type": "Point", "coordinates": [ -73.9727, 40.749157 ] } },
{ "type": "Feature", "properties": { "latitude": 40.715927, "longitude": -73.80889, "collision_count": 73 }, "geometry": { "type": "Point", "coordinates": [ -73.80889, 40.715927 ] } },
{ "type": "Feature", "properties": { "latitude": 40.74106, "longitude": -73.946106, "collision_count": 73 }, "geometry": { "type": "Point", "coordinates": [ -73.946106, 40.74106 ] } },
{ "type": "Feature", "properties": { "latitude": 40.748596, "longitude": -73.89532, "collision_count": 73 }, "geometry": { "type": "Point", "coordinates": [ -73.89532, 40.748596 ] } },
{ "type": "Feature", "properties": { "latitude": 40.800552, "longitude": -73.958206, "collision_count": 73 }, "geometry": { "type": "Point", "coordinates": [ -73.958206, 40.800552 ] } },
{ "type": "Feature", "properties": { "latitude": 40.700663, "longitude": -73.987742, "collision_count": 73 }, "geometry": { "type": "Point", "coordinates": [ -73.987742, 40.700663 ] } },
{ "type": "Feature", "properties": { "latitude": 40.818802, "longitude": -73.95602, "collision_count": 73 }, "geometry": { "type": "Point", "coordinates": [ -73.95602, 40.818802 ] } },
{ "type": "Feature", "properties": { "latitude": 40.74831, "longitude": -73.825985, "collision_count": 73 }, "geometry": { "type": "Point", "coordinates": [ -73.825985, 40.74831 ] } },
{ "type": "Feature", "properties": { "latitude": 40.792545, "longitude": -73.94104, "collision_count": 73 }, "geometry": { "type": "Point", "coordinates": [ -73.94104, 40.792545 ] } },
{ "type": "Feature", "properties": { "latitude": 40.674145, "longitude": -73.93062, "collision_count": 73 }, "geometry": { "type": "Point", "coordinates": [ -73.93062, 40.674145 ] } },
{ "type": "Feature", "properties": { "latitude": 40.70296, "longitude": -74.011505, "collision_count": 73 }, "geometry": { "type": "Point", "coordinates": [ -74.011505, 40.70296 ] } },
{ "type": "Feature", "properties": { "latitude": 40.792244, "longitude": -73.94629, "collision_count": 73 }, "geometry": { "type": "Point", "coordinates": [ -73.94629, 40.792244 ] } },
{ "type": "Feature", "properties": { "latitude": 40.676132, "longitude": -73.921906, "collision_count": 73 }, "geometry": { "type": "Point", "coordinates": [ -73.921906, 40.676132 ] } },
{ "type": "Feature", "properties": { "latitude": 40.840839, "longitude": -73.872571, "collision_count": 73 }, "geometry": { "type": "Point", "coordinates": [ -73.872571, 40.840839 ] } },
{ "type": "Feature", "properties": { "latitude": 40.67024, "longitude": -73.907005, "collision_count": 73 }, "geometry": { "type": "Point", "coordinates": [ -73.907005, 40.67024 ] } },
{ "type": "Feature", "properties": { "latitude": 40.735778, "longitude": -73.746539, "collision_count": 73 }, "geometry": { "type": "Point", "coordinates": [ -73.746539, 40.735778 ] } },
{ "type": "Feature", "properties": { "latitude": 40.712902, "longitude": -73.906077, "collision_count": 73 }, "geometry": { "type": "Point", "coordinates": [ -73.906077, 40.712902 ] } },
{ "type": "Feature", "properties": { "latitude": 40.657406, "longitude": -73.74507, "collision_count": 73 }, "geometry": { "type": "Point", "coordinates": [ -73.74507, 40.657406 ] } },
{ "type": "Feature", "properties": { "latitude": 40.705414, "longitude": -73.78035, "collision_count": 73 }, "geometry": { "type": "Point", "coordinates": [ -73.78035, 40.705414 ] } },
{ "type": "Feature", "properties": { "latitude": 40.682006, "longitude": -73.96869, "collision_count": 73 }, "geometry": { "type": "Point", "coordinates": [ -73.96869, 40.682006 ] } },
{ "type": "Feature", "properties": { "latitude": 40.65474, "longitude": -73.90693, "collision_count": 73 }, "geometry": { "type": "Point", "coordinates": [ -73.90693, 40.65474 ] } },
{ "type": "Feature", "properties": { "latitude": 40.708447, "longitude": -73.80022, "collision_count": 73 }, "geometry": { "type": "Point", "coordinates": [ -73.80022, 40.708447 ] } },
{ "type": "Feature", "properties": { "latitude": 40.639984, "longitude": -73.94842, "collision_count": 73 }, "geometry": { "type": "Point", "coordinates": [ -73.94842, 40.639984 ] } },
{ "type": "Feature", "properties": { "latitude": 40.626773, "longitude": -73.946874, "collision_count": 73 }, "geometry": { "type": "Point", "coordinates": [ -73.946874, 40.626773 ] } },
{ "type": "Feature", "properties": { "latitude": 40.652794, "longitude": -73.946884, "collision_count": 73 }, "geometry": { "type": "Point", "coordinates": [ -73.946884, 40.652794 ] } },
{ "type": "Feature", "properties": { "latitude": 40.739168, "longitude": -73.979969, "collision_count": 73 }, "geometry": { "type": "Point", "coordinates": [ -73.979969, 40.739168 ] } },
{ "type": "Feature", "properties": { "latitude": 40.72921, "longitude": -73.781166, "collision_count": 73 }, "geometry": { "type": "Point", "coordinates": [ -73.781166, 40.72921 ] } },
{ "type": "Feature", "properties": { "latitude": 40.76734, "longitude": -73.96868, "collision_count": 73 }, "geometry": { "type": "Point", "coordinates": [ -73.96868, 40.76734 ] } },
{ "type": "Feature", "properties": { "latitude": 40.880466, "longitude": -73.88384, "collision_count": 73 }, "geometry": { "type": "Point", "coordinates": [ -73.88384, 40.880466 ] } },
{ "type": "Feature", "properties": { "latitude": 40.759739, "longitude": -73.974223, "collision_count": 73 }, "geometry": { "type": "Point", "coordinates": [ -73.974223, 40.759739 ] } },
{ "type": "Feature", "properties": { "latitude": 40.740944, "longitude": -74.00537, "collision_count": 73 }, "geometry": { "type": "Point", "coordinates": [ -74.00537, 40.740944 ] } },
{ "type": "Feature", "properties": { "latitude": 40.671875, "longitude": -73.91414, "collision_count": 73 }, "geometry": { "type": "Point", "coordinates": [ -73.91414, 40.671875 ] } },
{ "type": "Feature", "properties": { "latitude": 40.81488, "longitude": -73.928856, "collision_count": 73 }, "geometry": { "type": "Point", "coordinates": [ -73.928856, 40.81488 ] } },
{ "type": "Feature", "properties": { "latitude": 40.878745, "longitude": -73.872545, "collision_count": 73 }, "geometry": { "type": "Point", "coordinates": [ -73.872545, 40.878745 ] } },
{ "type": "Feature", "properties": { "latitude": 40.769319, "longitude": -73.866595, "collision_count": 73 }, "geometry": { "type": "Point", "coordinates": [ -73.866595, 40.769319 ] } },
{ "type": "Feature", "properties": { "latitude": 40.76468, "longitude": -73.9643, "collision_count": 73 }, "geometry": { "type": "Point", "coordinates": [ -73.9643, 40.76468 ] } },
{ "type": "Feature", "properties": { "latitude": 40.761093, "longitude": -73.82687, "collision_count": 73 }, "geometry": { "type": "Point", "coordinates": [ -73.82687, 40.761093 ] } },
{ "type": "Feature", "properties": { "latitude": 40.8188, "longitude": -73.95603, "collision_count": 73 }, "geometry": { "type": "Point", "coordinates": [ -73.95603, 40.8188 ] } },
{ "type": "Feature", "properties": { "latitude": 40.610256, "longitude": -74.0973, "collision_count": 73 }, "geometry": { "type": "Point", "coordinates": [ -74.0973, 40.610256 ] } },
{ "type": "Feature", "properties": { "latitude": 40.76812, "longitude": -73.95887, "collision_count": 73 }, "geometry": { "type": "Point", "coordinates": [ -73.95887, 40.76812 ] } },
{ "type": "Feature", "properties": { "latitude": 40.619983, "longitude": -73.964267, "collision_count": 73 }, "geometry": { "type": "Point", "coordinates": [ -73.964267, 40.619983 ] } },
{ "type": "Feature", "properties": { "latitude": 40.714071, "longitude": -73.95434, "collision_count": 73 }, "geometry": { "type": "Point", "coordinates": [ -73.95434, 40.714071 ] } },
{ "type": "Feature", "properties": { "latitude": 40.820965, "longitude": -73.939575, "collision_count": 73 }, "geometry": { "type": "Point", "coordinates": [ -73.939575, 40.820965 ] } },
{ "type": "Feature", "properties": { "latitude": 40.744923, "longitude": -73.83709, "collision_count": 73 }, "geometry": { "type": "Point", "coordinates": [ -73.83709, 40.744923 ] } },
{ "type": "Feature", "properties": { "latitude": 40.758487, "longitude": -73.975133, "collision_count": 73 }, "geometry": { "type": "Point", "coordinates": [ -73.975133, 40.758487 ] } },
{ "type": "Feature", "properties": { "latitude": 40.750645, "longitude": -73.94566, "collision_count": 73 }, "geometry": { "type": "Point", "coordinates": [ -73.94566, 40.750645 ] } },
{ "type": "Feature", "properties": { "latitude": 40.68444, "longitude": -73.97772, "collision_count": 73 }, "geometry": { "type": "Point", "coordinates": [ -73.97772, 40.68444 ] } },
{ "type": "Feature", "properties": { "latitude": 40.68005, "longitude": -73.943262, "collision_count": 73 }, "geometry": { "type": "Point", "coordinates": [ -73.943262, 40.68005 ] } },
{ "type": "Feature", "properties": { "latitude": 40.720623, "longitude": -73.99498, "collision_count": 73 }, "geometry": { "type": "Point", "coordinates": [ -73.99498, 40.720623 ] } },
{ "type": "Feature", "properties": { "latitude": 40.794132, "longitude": -73.94281, "collision_count": 73 }, "geometry": { "type": "Point", "coordinates": [ -73.94281, 40.794132 ] } },
{ "type": "Feature", "properties": { "latitude": 40.830906, "longitude": -73.8736, "collision_count": 73 }, "geometry": { "type": "Point", "coordinates": [ -73.8736, 40.830906 ] } },
{ "type": "Feature", "properties": { "latitude": 40.84541, "longitude": -73.891136, "collision_count": 73 }, "geometry": { "type": "Point", "coordinates": [ -73.891136, 40.84541 ] } },
{ "type": "Feature", "properties": { "latitude": 40.600084, "longitude": -73.965905, "collision_count": 73 }, "geometry": { "type": "Point", "coordinates": [ -73.965905, 40.600084 ] } },
{ "type": "Feature", "properties": { "latitude": 40.763545, "longitude": -73.985192, "collision_count": 73 }, "geometry": { "type": "Point", "coordinates": [ -73.985192, 40.763545 ] } },
{ "type": "Feature", "properties": { "latitude": 40.777006, "longitude": -73.963728, "collision_count": 73 }, "geometry": { "type": "Point", "coordinates": [ -73.963728, 40.777006 ] } },
{ "type": "Feature", "properties": { "latitude": 40.516335, "longitude": -74.23283, "collision_count": 73 }, "geometry": { "type": "Point", "coordinates": [ -74.23283, 40.516335 ] } },
{ "type": "Feature", "properties": { "latitude": 40.697872, "longitude": -73.802376, "collision_count": 73 }, "geometry": { "type": "Point", "coordinates": [ -73.802376, 40.697872 ] } },
{ "type": "Feature", "properties": { "latitude": 40.766705, "longitude": -73.89024, "collision_count": 73 }, "geometry": { "type": "Point", "coordinates": [ -73.89024, 40.766705 ] } },
{ "type": "Feature", "properties": { "latitude": 40.840645, "longitude": -73.84205, "collision_count": 73 }, "geometry": { "type": "Point", "coordinates": [ -73.84205, 40.840645 ] } },
{ "type": "Feature", "properties": { "latitude": 40.676837, "longitude": -74.001449, "collision_count": 73 }, "geometry": { "type": "Point", "coordinates": [ -74.001449, 40.676837 ] } },
{ "type": "Feature", "properties": { "latitude": 40.756424, "longitude": -73.7403, "collision_count": 73 }, "geometry": { "type": "Point", "coordinates": [ -73.7403, 40.756424 ] } },
{ "type": "Feature", "properties": { "latitude": 40.632848, "longitude": -73.928365, "collision_count": 73 }, "geometry": { "type": "Point", "coordinates": [ -73.928365, 40.632848 ] } },
{ "type": "Feature", "properties": { "latitude": 40.689728, "longitude": -73.99017, "collision_count": 73 }, "geometry": { "type": "Point", "coordinates": [ -73.99017, 40.689728 ] } },
{ "type": "Feature", "properties": { "latitude": 40.70839, "longitude": -73.939964, "collision_count": 73 }, "geometry": { "type": "Point", "coordinates": [ -73.939964, 40.70839 ] } },
{ "type": "Feature", "properties": { "latitude": 40.72844, "longitude": -73.87116, "collision_count": 73 }, "geometry": { "type": "Point", "coordinates": [ -73.87116, 40.72844 ] } },
{ "type": "Feature", "properties": { "latitude": 40.725436, "longitude": -73.951738, "collision_count": 73 }, "geometry": { "type": "Point", "coordinates": [ -73.951738, 40.725436 ] } },
{ "type": "Feature", "properties": { "latitude": 40.771038, "longitude": -73.834119, "collision_count": 73 }, "geometry": { "type": "Point", "coordinates": [ -73.834119, 40.771038 ] } },
{ "type": "Feature", "properties": { "latitude": 40.759686, "longitude": -73.77183, "collision_count": 73 }, "geometry": { "type": "Point", "coordinates": [ -73.77183, 40.759686 ] } },
{ "type": "Feature", "properties": { "latitude": 40.754177, "longitude": -73.984595, "collision_count": 73 }, "geometry": { "type": "Point", "coordinates": [ -73.984595, 40.754177 ] } },
{ "type": "Feature", "properties": { "latitude": 40.75582, "longitude": -73.970764, "collision_count": 73 }, "geometry": { "type": "Point", "coordinates": [ -73.970764, 40.75582 ] } },
{ "type": "Feature", "properties": { "latitude": 40.738796, "longitude": -73.97716, "collision_count": 73 }, "geometry": { "type": "Point", "coordinates": [ -73.97716, 40.738796 ] } },
{ "type": "Feature", "properties": { "latitude": 40.714928, "longitude": -74.00794, "collision_count": 73 }, "geometry": { "type": "Point", "coordinates": [ -74.00794, 40.714928 ] } },
{ "type": "Feature", "properties": { "latitude": 40.767494, "longitude": -73.959318, "collision_count": 73 }, "geometry": { "type": "Point", "coordinates": [ -73.959318, 40.767494 ] } },
{ "type": "Feature", "properties": { "latitude": 40.68049, "longitude": -73.774704, "collision_count": 73 }, "geometry": { "type": "Point", "coordinates": [ -73.774704, 40.68049 ] } },
{ "type": "Feature", "properties": { "latitude": 40.664343, "longitude": -73.931539, "collision_count": 73 }, "geometry": { "type": "Point", "coordinates": [ -73.931539, 40.664343 ] } },
{ "type": "Feature", "properties": { "latitude": 40.690758, "longitude": -73.99624, "collision_count": 73 }, "geometry": { "type": "Point", "coordinates": [ -73.99624, 40.690758 ] } },
{ "type": "Feature", "properties": { "latitude": 40.829945, "longitude": -73.93005, "collision_count": 73 }, "geometry": { "type": "Point", "coordinates": [ -73.93005, 40.829945 ] } },
{ "type": "Feature", "properties": { "latitude": 40.749485, "longitude": -73.97539, "collision_count": 73 }, "geometry": { "type": "Point", "coordinates": [ -73.97539, 40.749485 ] } },
{ "type": "Feature", "properties": { "latitude": 40.65431, "longitude": -74.004425, "collision_count": 73 }, "geometry": { "type": "Point", "coordinates": [ -74.004425, 40.65431 ] } },
{ "type": "Feature", "properties": { "latitude": 40.711825, "longitude": -73.836115, "collision_count": 73 }, "geometry": { "type": "Point", "coordinates": [ -73.836115, 40.711825 ] } },
{ "type": "Feature", "properties": { "latitude": 40.853344, "longitude": -73.881676, "collision_count": 73 }, "geometry": { "type": "Point", "coordinates": [ -73.881676, 40.853344 ] } },
{ "type": "Feature", "properties": { "latitude": 40.743225, "longitude": -74.008644, "collision_count": 73 }, "geometry": { "type": "Point", "coordinates": [ -74.008644, 40.743225 ] } },
{ "type": "Feature", "properties": { "latitude": 40.75045, "longitude": -73.9873, "collision_count": 73 }, "geometry": { "type": "Point", "coordinates": [ -73.9873, 40.75045 ] } },
{ "type": "Feature", "properties": { "latitude": 40.615204, "longitude": -73.963362, "collision_count": 73 }, "geometry": { "type": "Point", "coordinates": [ -73.963362, 40.615204 ] } },
{ "type": "Feature", "properties": { "latitude": 40.753368, "longitude": -73.974648, "collision_count": 73 }, "geometry": { "type": "Point", "coordinates": [ -73.974648, 40.753368 ] } },
{ "type": "Feature", "properties": { "latitude": 40.766556, "longitude": -73.96294, "collision_count": 73 }, "geometry": { "type": "Point", "coordinates": [ -73.96294, 40.766556 ] } },
{ "type": "Feature", "properties": { "latitude": 40.756133, "longitude": -73.967605, "collision_count": 73 }, "geometry": { "type": "Point", "coordinates": [ -73.967605, 40.756133 ] } },
{ "type": "Feature", "properties": { "latitude": 40.74576, "longitude": -73.92581, "collision_count": 73 }, "geometry": { "type": "Point", "coordinates": [ -73.92581, 40.74576 ] } },
{ "type": "Feature", "properties": { "latitude": 40.757233, "longitude": -73.976047, "collision_count": 73 }, "geometry": { "type": "Point", "coordinates": [ -73.976047, 40.757233 ] } },
{ "type": "Feature", "properties": { "latitude": 40.762968, "longitude": -73.981893, "collision_count": 73 }, "geometry": { "type": "Point", "coordinates": [ -73.981893, 40.762968 ] } },
{ "type": "Feature", "properties": { "latitude": 40.761223, "longitude": -73.9238, "collision_count": 73 }, "geometry": { "type": "Point", "coordinates": [ -73.9238, 40.761223 ] } },
{ "type": "Feature", "properties": { "latitude": 40.75714, "longitude": -73.8271, "collision_count": 73 }, "geometry": { "type": "Point", "coordinates": [ -73.8271, 40.75714 ] } },
{ "type": "Feature", "properties": { "latitude": 40.750957, "longitude": -73.98273, "collision_count": 73 }, "geometry": { "type": "Point", "coordinates": [ -73.98273, 40.750957 ] } },
{ "type": "Feature", "properties": { "latitude": 40.748974, "longitude": -74.00324, "collision_count": 73 }, "geometry": { "type": "Point", "coordinates": [ -74.00324, 40.748974 ] } },
{ "type": "Feature", "properties": { "latitude": 40.662174, "longitude": -73.953705, "collision_count": 73 }, "geometry": { "type": "Point", "coordinates": [ -73.953705, 40.662174 ] } },
{ "type": "Feature", "properties": { "latitude": 40.615204, "longitude": -73.96337, "collision_count": 73 }, "geometry": { "type": "Point", "coordinates": [ -73.96337, 40.615204 ] } },
{ "type": "Feature", "properties": { "latitude": 40.730006, "longitude": -73.983536, "collision_count": 73 }, "geometry": { "type": "Point", "coordinates": [ -73.983536, 40.730006 ] } },
{ "type": "Feature", "properties": { "latitude": 40.729923, "longitude": -73.91208, "collision_count": 73 }, "geometry": { "type": "Point", "coordinates": [ -73.91208, 40.729923 ] } },
{ "type": "Feature", "properties": { "latitude": 40.763023, "longitude": -73.97815, "collision_count": 73 }, "geometry": { "type": "Point", "coordinates": [ -73.97815, 40.763023 ] } },
{ "type": "Feature", "properties": { "latitude": 40.866048, "longitude": -73.87206, "collision_count": 73 }, "geometry": { "type": "Point", "coordinates": [ -73.87206, 40.866048 ] } },
{ "type": "Feature", "properties": { "latitude": 40.726376, "longitude": -73.76624, "collision_count": 73 }, "geometry": { "type": "Point", "coordinates": [ -73.76624, 40.726376 ] } },
{ "type": "Feature", "properties": { "latitude": 40.758305, "longitude": -74.000145, "collision_count": 73 }, "geometry": { "type": "Point", "coordinates": [ -74.000145, 40.758305 ] } },
{ "type": "Feature", "properties": { "latitude": 40.816501, "longitude": -73.946546, "collision_count": 72 }, "geometry": { "type": "Point", "coordinates": [ -73.946546, 40.816501 ] } },
{ "type": "Feature", "properties": { "latitude": 40.768913, "longitude": -73.88873, "collision_count": 72 }, "geometry": { "type": "Point", "coordinates": [ -73.88873, 40.768913 ] } },
{ "type": "Feature", "properties": { "latitude": 40.768644, "longitude": -73.949028, "collision_count": 72 }, "geometry": { "type": "Point", "coordinates": [ -73.949028, 40.768644 ] } },
{ "type": "Feature", "properties": { "latitude": 40.743264, "longitude": -73.919629, "collision_count": 72 }, "geometry": { "type": "Point", "coordinates": [ -73.919629, 40.743264 ] } },
{ "type": "Feature", "properties": { "latitude": 40.82451, "longitude": -73.95186, "collision_count": 72 }, "geometry": { "type": "Point", "coordinates": [ -73.95186, 40.82451 ] } },
{ "type": "Feature", "properties": { "latitude": 40.858913, "longitude": -73.922959, "collision_count": 72 }, "geometry": { "type": "Point", "coordinates": [ -73.922959, 40.858913 ] } },
{ "type": "Feature", "properties": { "latitude": 40.628941, "longitude": -74.116188, "collision_count": 72 }, "geometry": { "type": "Point", "coordinates": [ -74.116188, 40.628941 ] } },
{ "type": "Feature", "properties": { "latitude": 40.67392, "longitude": -73.91012, "collision_count": 72 }, "geometry": { "type": "Point", "coordinates": [ -73.91012, 40.67392 ] } },
{ "type": "Feature", "properties": { "latitude": 40.839799, "longitude": -73.873596, "collision_count": 72 }, "geometry": { "type": "Point", "coordinates": [ -73.873596, 40.839799 ] } },
{ "type": "Feature", "properties": { "latitude": 40.76649, "longitude": -73.95696, "collision_count": 72 }, "geometry": { "type": "Point", "coordinates": [ -73.95696, 40.76649 ] } },
{ "type": "Feature", "properties": { "latitude": 40.750829, "longitude": -74.001884, "collision_count": 72 }, "geometry": { "type": "Point", "coordinates": [ -74.001884, 40.750829 ] } },
{ "type": "Feature", "properties": { "latitude": 40.625774, "longitude": -74.016495, "collision_count": 72 }, "geometry": { "type": "Point", "coordinates": [ -74.016495, 40.625774 ] } },
{ "type": "Feature", "properties": { "latitude": 40.757008, "longitude": -73.963872, "collision_count": 72 }, "geometry": { "type": "Point", "coordinates": [ -73.963872, 40.757008 ] } },
{ "type": "Feature", "properties": { "latitude": 40.60309, "longitude": -73.99262, "collision_count": 72 }, "geometry": { "type": "Point", "coordinates": [ -73.99262, 40.60309 ] } },
{ "type": "Feature", "properties": { "latitude": 40.739268, "longitude": -73.995446, "collision_count": 72 }, "geometry": { "type": "Point", "coordinates": [ -73.995446, 40.739268 ] } },
{ "type": "Feature", "properties": { "latitude": 40.69297, "longitude": -73.78024, "collision_count": 72 }, "geometry": { "type": "Point", "coordinates": [ -73.78024, 40.69297 ] } },
{ "type": "Feature", "properties": { "latitude": 40.75199, "longitude": -73.931274, "collision_count": 72 }, "geometry": { "type": "Point", "coordinates": [ -73.931274, 40.75199 ] } },
{ "type": "Feature", "properties": { "latitude": 40.754055, "longitude": -73.99583, "collision_count": 72 }, "geometry": { "type": "Point", "coordinates": [ -73.99583, 40.754055 ] } },
{ "type": "Feature", "properties": { "latitude": 40.85512, "longitude": -73.872215, "collision_count": 72 }, "geometry": { "type": "Point", "coordinates": [ -73.872215, 40.85512 ] } },
{ "type": "Feature", "properties": { "latitude": 40.696217, "longitude": -73.743592, "collision_count": 72 }, "geometry": { "type": "Point", "coordinates": [ -73.743592, 40.696217 ] } },
{ "type": "Feature", "properties": { "latitude": 40.675076, "longitude": -73.988002, "collision_count": 72 }, "geometry": { "type": "Point", "coordinates": [ -73.988002, 40.675076 ] } },
{ "type": "Feature", "properties": { "latitude": 40.653198, "longitude": -74.005579, "collision_count": 72 }, "geometry": { "type": "Point", "coordinates": [ -74.005579, 40.653198 ] } },
{ "type": "Feature", "properties": { "latitude": 40.72025, "longitude": -73.834305, "collision_count": 72 }, "geometry": { "type": "Point", "coordinates": [ -73.834305, 40.72025 ] } },
{ "type": "Feature", "properties": { "latitude": 40.64663, "longitude": -73.95566, "collision_count": 72 }, "geometry": { "type": "Point", "coordinates": [ -73.95566, 40.64663 ] } },
{ "type": "Feature", "properties": { "latitude": 40.84046, "longitude": -73.88596, "collision_count": 72 }, "geometry": { "type": "Point", "coordinates": [ -73.88596, 40.84046 ] } },
{ "type": "Feature", "properties": { "latitude": 40.788994, "longitude": -73.94656, "collision_count": 72 }, "geometry": { "type": "Point", "coordinates": [ -73.94656, 40.788994 ] } },
{ "type": "Feature", "properties": { "latitude": 40.774654, "longitude": -73.9541, "collision_count": 72 }, "geometry": { "type": "Point", "coordinates": [ -73.9541, 40.774654 ] } },
{ "type": "Feature", "properties": { "latitude": 40.758705, "longitude": -73.93793, "collision_count": 72 }, "geometry": { "type": "Point", "coordinates": [ -73.93793, 40.758705 ] } },
{ "type": "Feature", "properties": { "latitude": 40.5377, "longitude": -74.15002, "collision_count": 72 }, "geometry": { "type": "Point", "coordinates": [ -74.15002, 40.5377 ] } },
{ "type": "Feature", "properties": { "latitude": 40.776563, "longitude": -73.952705, "collision_count": 72 }, "geometry": { "type": "Point", "coordinates": [ -73.952705, 40.776563 ] } },
{ "type": "Feature", "properties": { "latitude": 40.83761, "longitude": -73.88106, "collision_count": 72 }, "geometry": { "type": "Point", "coordinates": [ -73.88106, 40.83761 ] } },
{ "type": "Feature", "properties": { "latitude": 40.561512, "longitude": -74.171844, "collision_count": 72 }, "geometry": { "type": "Point", "coordinates": [ -74.171844, 40.561512 ] } },
{ "type": "Feature", "properties": { "latitude": 40.695855, "longitude": -73.818913, "collision_count": 72 }, "geometry": { "type": "Point", "coordinates": [ -73.818913, 40.695855 ] } },
{ "type": "Feature", "properties": { "latitude": 40.744027, "longitude": -73.717626, "collision_count": 72 }, "geometry": { "type": "Point", "coordinates": [ -73.717626, 40.744027 ] } },
{ "type": "Feature", "properties": { "latitude": 40.612734, "longitude": -74.011713, "collision_count": 72 }, "geometry": { "type": "Point", "coordinates": [ -74.011713, 40.612734 ] } },
{ "type": "Feature", "properties": { "latitude": 40.841133, "longitude": -73.924, "collision_count": 72 }, "geometry": { "type": "Point", "coordinates": [ -73.924, 40.841133 ] } },
{ "type": "Feature", "properties": { "latitude": 40.693489, "longitude": -73.979168, "collision_count": 72 }, "geometry": { "type": "Point", "coordinates": [ -73.979168, 40.693489 ] } },
{ "type": "Feature", "properties": { "latitude": 40.649982, "longitude": -73.91183, "collision_count": 72 }, "geometry": { "type": "Point", "coordinates": [ -73.91183, 40.649982 ] } },
{ "type": "Feature", "properties": { "latitude": 40.821, "longitude": -73.8969, "collision_count": 72 }, "geometry": { "type": "Point", "coordinates": [ -73.8969, 40.821 ] } },
{ "type": "Feature", "properties": { "latitude": 40.706917, "longitude": -73.93972, "collision_count": 72 }, "geometry": { "type": "Point", "coordinates": [ -73.93972, 40.706917 ] } },
{ "type": "Feature", "properties": { "latitude": 40.761246, "longitude": -73.76294, "collision_count": 72 }, "geometry": { "type": "Point", "coordinates": [ -73.76294, 40.761246 ] } },
{ "type": "Feature", "properties": { "latitude": 40.700425, "longitude": -73.944388, "collision_count": 72 }, "geometry": { "type": "Point", "coordinates": [ -73.944388, 40.700425 ] } },
{ "type": "Feature", "properties": { "latitude": 40.69595, "longitude": -73.86237, "collision_count": 72 }, "geometry": { "type": "Point", "coordinates": [ -73.86237, 40.69595 ] } },
{ "type": "Feature", "properties": { "latitude": 40.630746, "longitude": -73.977166, "collision_count": 72 }, "geometry": { "type": "Point", "coordinates": [ -73.977166, 40.630746 ] } },
{ "type": "Feature", "properties": { "latitude": 40.730199, "longitude": -73.954246, "collision_count": 72 }, "geometry": { "type": "Point", "coordinates": [ -73.954246, 40.730199 ] } },
{ "type": "Feature", "properties": { "latitude": 40.750978, "longitude": -73.934742, "collision_count": 72 }, "geometry": { "type": "Point", "coordinates": [ -73.934742, 40.750978 ] } },
{ "type": "Feature", "properties": { "latitude": 40.78884, "longitude": -73.81381, "collision_count": 72 }, "geometry": { "type": "Point", "coordinates": [ -73.81381, 40.78884 ] } },
{ "type": "Feature", "properties": { "latitude": 40.728995, "longitude": -73.95066, "collision_count": 72 }, "geometry": { "type": "Point", "coordinates": [ -73.95066, 40.728995 ] } },
{ "type": "Feature", "properties": { "latitude": 40.765253, "longitude": -73.995087, "collision_count": 72 }, "geometry": { "type": "Point", "coordinates": [ -73.995087, 40.765253 ] } },
{ "type": "Feature", "properties": { "latitude": 40.71713, "longitude": -73.7986, "collision_count": 72 }, "geometry": { "type": "Point", "coordinates": [ -73.7986, 40.71713 ] } },
{ "type": "Feature", "properties": { "latitude": 40.865797, "longitude": -73.919998, "collision_count": 72 }, "geometry": { "type": "Point", "coordinates": [ -73.919998, 40.865797 ] } },
{ "type": "Feature", "properties": { "latitude": 40.680241, "longitude": -73.946749, "collision_count": 72 }, "geometry": { "type": "Point", "coordinates": [ -73.946749, 40.680241 ] } },
{ "type": "Feature", "properties": { "latitude": 40.763428, "longitude": -73.99271, "collision_count": 72 }, "geometry": { "type": "Point", "coordinates": [ -73.99271, 40.763428 ] } },
{ "type": "Feature", "properties": { "latitude": 40.70324, "longitude": -73.92615, "collision_count": 72 }, "geometry": { "type": "Point", "coordinates": [ -73.92615, 40.70324 ] } },
{ "type": "Feature", "properties": { "latitude": 40.59514, "longitude": -73.753987, "collision_count": 72 }, "geometry": { "type": "Point", "coordinates": [ -73.753987, 40.59514 ] } },
{ "type": "Feature", "properties": { "latitude": 40.786423, "longitude": -73.82394, "collision_count": 72 }, "geometry": { "type": "Point", "coordinates": [ -73.82394, 40.786423 ] } },
{ "type": "Feature", "properties": { "latitude": 40.639793, "longitude": -73.929115, "collision_count": 72 }, "geometry": { "type": "Point", "coordinates": [ -73.929115, 40.639793 ] } },
{ "type": "Feature", "properties": { "latitude": 40.66989, "longitude": -73.93381, "collision_count": 72 }, "geometry": { "type": "Point", "coordinates": [ -73.93381, 40.66989 ] } },
{ "type": "Feature", "properties": { "latitude": 40.776016, "longitude": -73.98724, "collision_count": 72 }, "geometry": { "type": "Point", "coordinates": [ -73.98724, 40.776016 ] } },
{ "type": "Feature", "properties": { "latitude": 40.758537, "longitude": -73.97721, "collision_count": 72 }, "geometry": { "type": "Point", "coordinates": [ -73.97721, 40.758537 ] } },
{ "type": "Feature", "properties": { "latitude": 40.860996, "longitude": -73.89643, "collision_count": 72 }, "geometry": { "type": "Point", "coordinates": [ -73.89643, 40.860996 ] } },
{ "type": "Feature", "properties": { "latitude": 40.702617, "longitude": -73.960572, "collision_count": 72 }, "geometry": { "type": "Point", "coordinates": [ -73.960572, 40.702617 ] } },
{ "type": "Feature", "properties": { "latitude": 40.75791, "longitude": -73.97766, "collision_count": 72 }, "geometry": { "type": "Point", "coordinates": [ -73.97766, 40.75791 ] } },
{ "type": "Feature", "properties": { "latitude": 40.764053, "longitude": -73.99225, "collision_count": 72 }, "geometry": { "type": "Point", "coordinates": [ -73.99225, 40.764053 ] } },
{ "type": "Feature", "properties": { "latitude": 40.612736, "longitude": -74.01172, "collision_count": 72 }, "geometry": { "type": "Point", "coordinates": [ -74.01172, 40.612736 ] } },
{ "type": "Feature", "properties": { "latitude": 40.86159, "longitude": -73.91295, "collision_count": 72 }, "geometry": { "type": "Point", "coordinates": [ -73.91295, 40.86159 ] } },
{ "type": "Feature", "properties": { "latitude": 40.80098, "longitude": -73.93178, "collision_count": 72 }, "geometry": { "type": "Point", "coordinates": [ -73.93178, 40.80098 ] } },
{ "type": "Feature", "properties": { "latitude": 40.68787, "longitude": -73.978355, "collision_count": 72 }, "geometry": { "type": "Point", "coordinates": [ -73.978355, 40.68787 ] } },
{ "type": "Feature", "properties": { "latitude": 40.715722, "longitude": -73.825733, "collision_count": 72 }, "geometry": { "type": "Point", "coordinates": [ -73.825733, 40.715722 ] } },
{ "type": "Feature", "properties": { "latitude": 40.866066, "longitude": -73.89438, "collision_count": 72 }, "geometry": { "type": "Point", "coordinates": [ -73.89438, 40.866066 ] } },
{ "type": "Feature", "properties": { "latitude": 40.772156, "longitude": -73.94541, "collision_count": 72 }, "geometry": { "type": "Point", "coordinates": [ -73.94541, 40.772156 ] } },
{ "type": "Feature", "properties": { "latitude": 40.691193, "longitude": -73.99777, "collision_count": 72 }, "geometry": { "type": "Point", "coordinates": [ -73.99777, 40.691193 ] } },
{ "type": "Feature", "properties": { "latitude": 40.759113, "longitude": -73.974678, "collision_count": 72 }, "geometry": { "type": "Point", "coordinates": [ -73.974678, 40.759113 ] } },
{ "type": "Feature", "properties": { "latitude": 40.636326, "longitude": -73.9584, "collision_count": 72 }, "geometry": { "type": "Point", "coordinates": [ -73.9584, 40.636326 ] } },
{ "type": "Feature", "properties": { "latitude": 40.704853, "longitude": -73.791664, "collision_count": 72 }, "geometry": { "type": "Point", "coordinates": [ -73.791664, 40.704853 ] } },
{ "type": "Feature", "properties": { "latitude": 40.820133, "longitude": -73.91307, "collision_count": 72 }, "geometry": { "type": "Point", "coordinates": [ -73.91307, 40.820133 ] } },
{ "type": "Feature", "properties": { "latitude": 40.606457, "longitude": -73.989136, "collision_count": 72 }, "geometry": { "type": "Point", "coordinates": [ -73.989136, 40.606457 ] } },
{ "type": "Feature", "properties": { "latitude": 40.808447, "longitude": -73.944995, "collision_count": 72 }, "geometry": { "type": "Point", "coordinates": [ -73.944995, 40.808447 ] } },
{ "type": "Feature", "properties": { "latitude": 40.65525, "longitude": -73.95296, "collision_count": 72 }, "geometry": { "type": "Point", "coordinates": [ -73.95296, 40.65525 ] } },
{ "type": "Feature", "properties": { "latitude": 40.868696, "longitude": -73.902357, "collision_count": 72 }, "geometry": { "type": "Point", "coordinates": [ -73.902357, 40.868696 ] } },
{ "type": "Feature", "properties": { "latitude": 40.696686, "longitude": -73.9378, "collision_count": 72 }, "geometry": { "type": "Point", "coordinates": [ -73.9378, 40.696686 ] } },
{ "type": "Feature", "properties": { "latitude": 40.860381, "longitude": -73.888885, "collision_count": 72 }, "geometry": { "type": "Point", "coordinates": [ -73.888885, 40.860381 ] } },
{ "type": "Feature", "properties": { "latitude": 40.689865, "longitude": -73.84281, "collision_count": 72 }, "geometry": { "type": "Point", "coordinates": [ -73.84281, 40.689865 ] } },
{ "type": "Feature", "properties": { "latitude": 40.726186, "longitude": -73.989429, "collision_count": 72 }, "geometry": { "type": "Point", "coordinates": [ -73.989429, 40.726186 ] } },
{ "type": "Feature", "properties": { "latitude": 40.74715, "longitude": -73.985504, "collision_count": 72 }, "geometry": { "type": "Point", "coordinates": [ -73.985504, 40.74715 ] } },
{ "type": "Feature", "properties": { "latitude": 40.71552, "longitude": -74.00925, "collision_count": 72 }, "geometry": { "type": "Point", "coordinates": [ -74.00925, 40.71552 ] } },
{ "type": "Feature", "properties": { "latitude": 40.810319, "longitude": -73.943624, "collision_count": 72 }, "geometry": { "type": "Point", "coordinates": [ -73.943624, 40.810319 ] } },
{ "type": "Feature", "properties": { "latitude": 40.793377, "longitude": -73.97086, "collision_count": 72 }, "geometry": { "type": "Point", "coordinates": [ -73.97086, 40.793377 ] } },
{ "type": "Feature", "properties": { "latitude": 40.726448, "longitude": -73.75632, "collision_count": 72 }, "geometry": { "type": "Point", "coordinates": [ -73.75632, 40.726448 ] } },
{ "type": "Feature", "properties": { "latitude": 40.748356, "longitude": -74.00369, "collision_count": 72 }, "geometry": { "type": "Point", "coordinates": [ -74.00369, 40.748356 ] } },
{ "type": "Feature", "properties": { "latitude": 40.744066, "longitude": -73.987748, "collision_count": 72 }, "geometry": { "type": "Point", "coordinates": [ -73.987748, 40.744066 ] } },
{ "type": "Feature", "properties": { "latitude": 40.706142, "longitude": -73.83177, "collision_count": 72 }, "geometry": { "type": "Point", "coordinates": [ -73.83177, 40.706142 ] } },
{ "type": "Feature", "properties": { "latitude": 40.82433, "longitude": -73.874374, "collision_count": 72 }, "geometry": { "type": "Point", "coordinates": [ -73.874374, 40.82433 ] } },
{ "type": "Feature", "properties": { "latitude": 40.760456, "longitude": -73.98374, "collision_count": 71 }, "geometry": { "type": "Point", "coordinates": [ -73.98374, 40.760456 ] } },
{ "type": "Feature", "properties": { "latitude": 40.677414, "longitude": -73.98305, "collision_count": 71 }, "geometry": { "type": "Point", "coordinates": [ -73.98305, 40.677414 ] } },
{ "type": "Feature", "properties": { "latitude": 40.885098, "longitude": -73.90066, "collision_count": 71 }, "geometry": { "type": "Point", "coordinates": [ -73.90066, 40.885098 ] } },
{ "type": "Feature", "properties": { "latitude": 40.758633, "longitude": -73.965784, "collision_count": 71 }, "geometry": { "type": "Point", "coordinates": [ -73.965784, 40.758633 ] } },
{ "type": "Feature", "properties": { "latitude": 40.857971, "longitude": -73.872712, "collision_count": 71 }, "geometry": { "type": "Point", "coordinates": [ -73.872712, 40.857971 ] } },
{ "type": "Feature", "properties": { "latitude": 40.775292, "longitude": -73.953626, "collision_count": 71 }, "geometry": { "type": "Point", "coordinates": [ -73.953626, 40.775292 ] } },
{ "type": "Feature", "properties": { "latitude": 40.837124, "longitude": -73.909645, "collision_count": 71 }, "geometry": { "type": "Point", "coordinates": [ -73.909645, 40.837124 ] } },
{ "type": "Feature", "properties": { "latitude": 40.63491, "longitude": -74.01017, "collision_count": 71 }, "geometry": { "type": "Point", "coordinates": [ -74.01017, 40.63491 ] } },
{ "type": "Feature", "properties": { "latitude": 40.652789, "longitude": -73.919961, "collision_count": 71 }, "geometry": { "type": "Point", "coordinates": [ -73.919961, 40.652789 ] } },
{ "type": "Feature", "properties": { "latitude": 40.678417, "longitude": -73.729225, "collision_count": 71 }, "geometry": { "type": "Point", "coordinates": [ -73.729225, 40.678417 ] } },
{ "type": "Feature", "properties": { "latitude": 40.757465, "longitude": -73.95563, "collision_count": 71 }, "geometry": { "type": "Point", "coordinates": [ -73.95563, 40.757465 ] } },
{ "type": "Feature", "properties": { "latitude": 40.65263, "longitude": -74.00618, "collision_count": 71 }, "geometry": { "type": "Point", "coordinates": [ -74.00618, 40.65263 ] } },
{ "type": "Feature", "properties": { "latitude": 40.74273, "longitude": -73.95412, "collision_count": 71 }, "geometry": { "type": "Point", "coordinates": [ -73.95412, 40.74273 ] } },
{ "type": "Feature", "properties": { "latitude": 40.78588, "longitude": -73.94884, "collision_count": 71 }, "geometry": { "type": "Point", "coordinates": [ -73.94884, 40.78588 ] } },
{ "type": "Feature", "properties": { "latitude": 40.73722, "longitude": -73.9814, "collision_count": 71 }, "geometry": { "type": "Point", "coordinates": [ -73.9814, 40.73722 ] } },
{ "type": "Feature", "properties": { "latitude": 40.665489, "longitude": -73.752347, "collision_count": 71 }, "geometry": { "type": "Point", "coordinates": [ -73.752347, 40.665489 ] } },
{ "type": "Feature", "properties": { "latitude": 40.629543, "longitude": -73.96608, "collision_count": 71 }, "geometry": { "type": "Point", "coordinates": [ -73.96608, 40.629543 ] } },
{ "type": "Feature", "properties": { "latitude": 40.753918, "longitude": -73.99964, "collision_count": 71 }, "geometry": { "type": "Point", "coordinates": [ -73.99964, 40.753918 ] } },
{ "type": "Feature", "properties": { "latitude": 40.851802, "longitude": -73.909217, "collision_count": 71 }, "geometry": { "type": "Point", "coordinates": [ -73.909217, 40.851802 ] } },
{ "type": "Feature", "properties": { "latitude": 40.63021, "longitude": -73.93294, "collision_count": 71 }, "geometry": { "type": "Point", "coordinates": [ -73.93294, 40.63021 ] } },
{ "type": "Feature", "properties": { "latitude": 40.637108, "longitude": -73.89338, "collision_count": 71 }, "geometry": { "type": "Point", "coordinates": [ -73.89338, 40.637108 ] } },
{ "type": "Feature", "properties": { "latitude": 40.654841, "longitude": -73.959696, "collision_count": 71 }, "geometry": { "type": "Point", "coordinates": [ -73.959696, 40.654841 ] } },
{ "type": "Feature", "properties": { "latitude": 40.704424, "longitude": -73.79285, "collision_count": 71 }, "geometry": { "type": "Point", "coordinates": [ -73.79285, 40.704424 ] } },
{ "type": "Feature", "properties": { "latitude": 40.875492, "longitude": -73.86052, "collision_count": 71 }, "geometry": { "type": "Point", "coordinates": [ -73.86052, 40.875492 ] } },
{ "type": "Feature", "properties": { "latitude": 40.721676, "longitude": -73.835976, "collision_count": 71 }, "geometry": { "type": "Point", "coordinates": [ -73.835976, 40.721676 ] } },
{ "type": "Feature", "properties": { "latitude": 40.634617, "longitude": -74.02353, "collision_count": 71 }, "geometry": { "type": "Point", "coordinates": [ -74.02353, 40.634617 ] } },
{ "type": "Feature", "properties": { "latitude": 40.742043, "longitude": -73.95436, "collision_count": 71 }, "geometry": { "type": "Point", "coordinates": [ -73.95436, 40.742043 ] } },
{ "type": "Feature", "properties": { "latitude": 40.724274, "longitude": -73.99082, "collision_count": 71 }, "geometry": { "type": "Point", "coordinates": [ -73.99082, 40.724274 ] } },
{ "type": "Feature", "properties": { "latitude": 40.742258, "longitude": -73.977673, "collision_count": 71 }, "geometry": { "type": "Point", "coordinates": [ -73.977673, 40.742258 ] } },
{ "type": "Feature", "properties": { "latitude": 40.825455, "longitude": -73.91317, "collision_count": 71 }, "geometry": { "type": "Point", "coordinates": [ -73.91317, 40.825455 ] } },
{ "type": "Feature", "properties": { "latitude": 40.673748, "longitude": -73.843232, "collision_count": 71 }, "geometry": { "type": "Point", "coordinates": [ -73.843232, 40.673748 ] } },
{ "type": "Feature", "properties": { "latitude": 40.594555, "longitude": -73.997568, "collision_count": 71 }, "geometry": { "type": "Point", "coordinates": [ -73.997568, 40.594555 ] } },
{ "type": "Feature", "properties": { "latitude": 40.667955, "longitude": -73.870064, "collision_count": 71 }, "geometry": { "type": "Point", "coordinates": [ -73.870064, 40.667955 ] } },
{ "type": "Feature", "properties": { "latitude": 40.67989, "longitude": -73.94034, "collision_count": 71 }, "geometry": { "type": "Point", "coordinates": [ -73.94034, 40.67989 ] } },
{ "type": "Feature", "properties": { "latitude": 40.67487, "longitude": -74.00064, "collision_count": 71 }, "geometry": { "type": "Point", "coordinates": [ -74.00064, 40.67487 ] } },
{ "type": "Feature", "properties": { "latitude": 40.790623, "longitude": -73.942444, "collision_count": 71 }, "geometry": { "type": "Point", "coordinates": [ -73.942444, 40.790623 ] } },
{ "type": "Feature", "properties": { "latitude": 40.81711, "longitude": -73.89204, "collision_count": 71 }, "geometry": { "type": "Point", "coordinates": [ -73.89204, 40.81711 ] } },
{ "type": "Feature", "properties": { "latitude": 40.779807, "longitude": -73.984477, "collision_count": 71 }, "geometry": { "type": "Point", "coordinates": [ -73.984477, 40.779807 ] } },
{ "type": "Feature", "properties": { "latitude": 40.75034, "longitude": -73.983185, "collision_count": 71 }, "geometry": { "type": "Point", "coordinates": [ -73.983185, 40.75034 ] } },
{ "type": "Feature", "properties": { "latitude": 40.61617, "longitude": -73.9546, "collision_count": 71 }, "geometry": { "type": "Point", "coordinates": [ -73.9546, 40.61617 ] } },
{ "type": "Feature", "properties": { "latitude": 40.58945, "longitude": -73.960526, "collision_count": 71 }, "geometry": { "type": "Point", "coordinates": [ -73.960526, 40.58945 ] } },
{ "type": "Feature", "properties": { "latitude": 40.827868, "longitude": -73.82358, "collision_count": 71 }, "geometry": { "type": "Point", "coordinates": [ -73.82358, 40.827868 ] } },
{ "type": "Feature", "properties": { "latitude": 40.755302, "longitude": -73.97536, "collision_count": 71 }, "geometry": { "type": "Point", "coordinates": [ -73.97536, 40.755302 ] } },
{ "type": "Feature", "properties": { "latitude": 40.694035, "longitude": -73.72679, "collision_count": 71 }, "geometry": { "type": "Point", "coordinates": [ -73.72679, 40.694035 ] } },
{ "type": "Feature", "properties": { "latitude": 40.625776, "longitude": -74.016488, "collision_count": 71 }, "geometry": { "type": "Point", "coordinates": [ -74.016488, 40.625776 ] } },
{ "type": "Feature", "properties": { "latitude": 40.834061, "longitude": -73.94488, "collision_count": 71 }, "geometry": { "type": "Point", "coordinates": [ -73.94488, 40.834061 ] } },
{ "type": "Feature", "properties": { "latitude": 40.845643, "longitude": -73.902098, "collision_count": 71 }, "geometry": { "type": "Point", "coordinates": [ -73.902098, 40.845643 ] } },
{ "type": "Feature", "properties": { "latitude": 40.633997, "longitude": -73.947773, "collision_count": 71 }, "geometry": { "type": "Point", "coordinates": [ -73.947773, 40.633997 ] } },
{ "type": "Feature", "properties": { "latitude": 40.62764, "longitude": -73.89022, "collision_count": 71 }, "geometry": { "type": "Point", "coordinates": [ -73.89022, 40.62764 ] } },
{ "type": "Feature", "properties": { "latitude": 40.647766, "longitude": -73.95816, "collision_count": 71 }, "geometry": { "type": "Point", "coordinates": [ -73.95816, 40.647766 ] } },
{ "type": "Feature", "properties": { "latitude": 40.736669, "longitude": -73.997341, "collision_count": 71 }, "geometry": { "type": "Point", "coordinates": [ -73.997341, 40.736669 ] } },
{ "type": "Feature", "properties": { "latitude": 40.684939, "longitude": -73.910133, "collision_count": 71 }, "geometry": { "type": "Point", "coordinates": [ -73.910133, 40.684939 ] } },
{ "type": "Feature", "properties": { "latitude": 40.77139, "longitude": -73.95043, "collision_count": 71 }, "geometry": { "type": "Point", "coordinates": [ -73.95043, 40.77139 ] } },
{ "type": "Feature", "properties": { "latitude": 40.84984, "longitude": -73.934975, "collision_count": 71 }, "geometry": { "type": "Point", "coordinates": [ -73.934975, 40.84984 ] } },
{ "type": "Feature", "properties": { "latitude": 40.877034, "longitude": -73.846368, "collision_count": 71 }, "geometry": { "type": "Point", "coordinates": [ -73.846368, 40.877034 ] } },
{ "type": "Feature", "properties": { "latitude": 40.572132, "longitude": -74.10809, "collision_count": 71 }, "geometry": { "type": "Point", "coordinates": [ -74.10809, 40.572132 ] } },
{ "type": "Feature", "properties": { "latitude": 40.82383, "longitude": -73.87624, "collision_count": 71 }, "geometry": { "type": "Point", "coordinates": [ -73.87624, 40.82383 ] } },
{ "type": "Feature", "properties": { "latitude": 40.68659, "longitude": -74.00842, "collision_count": 71 }, "geometry": { "type": "Point", "coordinates": [ -74.00842, 40.68659 ] } },
{ "type": "Feature", "properties": { "latitude": 40.757523, "longitude": -73.82914, "collision_count": 71 }, "geometry": { "type": "Point", "coordinates": [ -73.82914, 40.757523 ] } },
{ "type": "Feature", "properties": { "latitude": 40.789528, "longitude": -73.820435, "collision_count": 71 }, "geometry": { "type": "Point", "coordinates": [ -73.820435, 40.789528 ] } },
{ "type": "Feature", "properties": { "latitude": 40.783897, "longitude": -73.97407, "collision_count": 71 }, "geometry": { "type": "Point", "coordinates": [ -73.97407, 40.783897 ] } },
{ "type": "Feature", "properties": { "latitude": 40.625731, "longitude": -73.956393, "collision_count": 71 }, "geometry": { "type": "Point", "coordinates": [ -73.956393, 40.625731 ] } },
{ "type": "Feature", "properties": { "latitude": 40.747769, "longitude": -74.000397, "collision_count": 71 }, "geometry": { "type": "Point", "coordinates": [ -74.000397, 40.747769 ] } },
{ "type": "Feature", "properties": { "latitude": 40.585037, "longitude": -73.95645, "collision_count": 71 }, "geometry": { "type": "Point", "coordinates": [ -73.95645, 40.585037 ] } },
{ "type": "Feature", "properties": { "latitude": 40.628119, "longitude": -73.956848, "collision_count": 71 }, "geometry": { "type": "Point", "coordinates": [ -73.956848, 40.628119 ] } },
{ "type": "Feature", "properties": { "latitude": 40.700281, "longitude": -73.94115, "collision_count": 71 }, "geometry": { "type": "Point", "coordinates": [ -73.94115, 40.700281 ] } },
{ "type": "Feature", "properties": { "latitude": 40.633858, "longitude": -73.911446, "collision_count": 71 }, "geometry": { "type": "Point", "coordinates": [ -73.911446, 40.633858 ] } },
{ "type": "Feature", "properties": { "latitude": 40.63524, "longitude": -73.967636, "collision_count": 71 }, "geometry": { "type": "Point", "coordinates": [ -73.967636, 40.63524 ] } },
{ "type": "Feature", "properties": { "latitude": 40.727383, "longitude": -73.864105, "collision_count": 71 }, "geometry": { "type": "Point", "coordinates": [ -73.864105, 40.727383 ] } },
{ "type": "Feature", "properties": { "latitude": 40.610949, "longitude": -73.9536, "collision_count": 71 }, "geometry": { "type": "Point", "coordinates": [ -73.9536, 40.610949 ] } },
{ "type": "Feature", "properties": { "latitude": 40.845411, "longitude": -73.891125, "collision_count": 71 }, "geometry": { "type": "Point", "coordinates": [ -73.891125, 40.845411 ] } },
{ "type": "Feature", "properties": { "latitude": 40.82267, "longitude": -73.92007, "collision_count": 71 }, "geometry": { "type": "Point", "coordinates": [ -73.92007, 40.82267 ] } },
{ "type": "Feature", "properties": { "latitude": 40.859623, "longitude": -73.88747, "collision_count": 71 }, "geometry": { "type": "Point", "coordinates": [ -73.88747, 40.859623 ] } },
{ "type": "Feature", "properties": { "latitude": 40.830892, "longitude": -73.941367, "collision_count": 71 }, "geometry": { "type": "Point", "coordinates": [ -73.941367, 40.830892 ] } },
{ "type": "Feature", "properties": { "latitude": 40.631157, "longitude": -74.14692, "collision_count": 71 }, "geometry": { "type": "Point", "coordinates": [ -74.14692, 40.631157 ] } },
{ "type": "Feature", "properties": { "latitude": 40.62055, "longitude": -74.16919, "collision_count": 71 }, "geometry": { "type": "Point", "coordinates": [ -74.16919, 40.62055 ] } },
{ "type": "Feature", "properties": { "latitude": 40.666502, "longitude": -73.996189, "collision_count": 71 }, "geometry": { "type": "Point", "coordinates": [ -73.996189, 40.666502 ] } },
{ "type": "Feature", "properties": { "latitude": 40.662575, "longitude": -73.93448, "collision_count": 71 }, "geometry": { "type": "Point", "coordinates": [ -73.93448, 40.662575 ] } },
{ "type": "Feature", "properties": { "latitude": 40.85885, "longitude": -73.885956, "collision_count": 71 }, "geometry": { "type": "Point", "coordinates": [ -73.885956, 40.85885 ] } },
{ "type": "Feature", "properties": { "latitude": 40.644042, "longitude": -73.87752, "collision_count": 71 }, "geometry": { "type": "Point", "coordinates": [ -73.87752, 40.644042 ] } },
{ "type": "Feature", "properties": { "latitude": 40.769226, "longitude": -73.984765, "collision_count": 71 }, "geometry": { "type": "Point", "coordinates": [ -73.984765, 40.769226 ] } },
{ "type": "Feature", "properties": { "latitude": 40.63962, "longitude": -73.95477, "collision_count": 71 }, "geometry": { "type": "Point", "coordinates": [ -73.95477, 40.63962 ] } },
{ "type": "Feature", "properties": { "latitude": 40.571625, "longitude": -74.11192, "collision_count": 71 }, "geometry": { "type": "Point", "coordinates": [ -74.11192, 40.571625 ] } },
{ "type": "Feature", "properties": { "latitude": 40.845005, "longitude": -73.90741, "collision_count": 71 }, "geometry": { "type": "Point", "coordinates": [ -73.90741, 40.845005 ] } },
{ "type": "Feature", "properties": { "latitude": 40.846864, "longitude": -73.901413, "collision_count": 71 }, "geometry": { "type": "Point", "coordinates": [ -73.901413, 40.846864 ] } },
{ "type": "Feature", "properties": { "latitude": 40.88643, "longitude": -73.895805, "collision_count": 71 }, "geometry": { "type": "Point", "coordinates": [ -73.895805, 40.88643 ] } },
{ "type": "Feature", "properties": { "latitude": 40.824207, "longitude": -73.87529, "collision_count": 71 }, "geometry": { "type": "Point", "coordinates": [ -73.87529, 40.824207 ] } },
{ "type": "Feature", "properties": { "latitude": 40.880657, "longitude": -73.877625, "collision_count": 71 }, "geometry": { "type": "Point", "coordinates": [ -73.877625, 40.880657 ] } },
{ "type": "Feature", "properties": { "latitude": 40.69822, "longitude": -73.943954, "collision_count": 71 }, "geometry": { "type": "Point", "coordinates": [ -73.943954, 40.69822 ] } },
{ "type": "Feature", "properties": { "latitude": 40.743336, "longitude": -73.9511, "collision_count": 71 }, "geometry": { "type": "Point", "coordinates": [ -73.9511, 40.743336 ] } },
{ "type": "Feature", "properties": { "latitude": 40.676094, "longitude": -73.94992, "collision_count": 71 }, "geometry": { "type": "Point", "coordinates": [ -73.94992, 40.676094 ] } },
{ "type": "Feature", "properties": { "latitude": 40.689915, "longitude": -73.7779, "collision_count": 71 }, "geometry": { "type": "Point", "coordinates": [ -73.7779, 40.689915 ] } },
{ "type": "Feature", "properties": { "latitude": 40.678871, "longitude": -73.921646, "collision_count": 71 }, "geometry": { "type": "Point", "coordinates": [ -73.921646, 40.678871 ] } },
{ "type": "Feature", "properties": { "latitude": 40.681835, "longitude": -73.97584, "collision_count": 71 }, "geometry": { "type": "Point", "coordinates": [ -73.97584, 40.681835 ] } },
{ "type": "Feature", "properties": { "latitude": 40.762805, "longitude": -73.96567, "collision_count": 71 }, "geometry": { "type": "Point", "coordinates": [ -73.96567, 40.762805 ] } },
{ "type": "Feature", "properties": { "latitude": 40.75194, "longitude": -73.832306, "collision_count": 71 }, "geometry": { "type": "Point", "coordinates": [ -73.832306, 40.75194 ] } },
{ "type": "Feature", "properties": { "latitude": 40.788056, "longitude": -73.944322, "collision_count": 71 }, "geometry": { "type": "Point", "coordinates": [ -73.944322, 40.788056 ] } },
{ "type": "Feature", "properties": { "latitude": 40.751656, "longitude": -73.99014, "collision_count": 71 }, "geometry": { "type": "Point", "coordinates": [ -73.99014, 40.751656 ] } },
{ "type": "Feature", "properties": { "latitude": 40.726135, "longitude": -73.76318, "collision_count": 71 }, "geometry": { "type": "Point", "coordinates": [ -73.76318, 40.726135 ] } },
{ "type": "Feature", "properties": { "latitude": 40.680305, "longitude": -73.844536, "collision_count": 71 }, "geometry": { "type": "Point", "coordinates": [ -73.844536, 40.680305 ] } },
{ "type": "Feature", "properties": { "latitude": 40.839984, "longitude": -73.877473, "collision_count": 71 }, "geometry": { "type": "Point", "coordinates": [ -73.877473, 40.839984 ] } },
{ "type": "Feature", "properties": { "latitude": 40.776877, "longitude": -73.949372, "collision_count": 71 }, "geometry": { "type": "Point", "coordinates": [ -73.949372, 40.776877 ] } },
{ "type": "Feature", "properties": { "latitude": 40.755405, "longitude": -73.97949, "collision_count": 71 }, "geometry": { "type": "Point", "coordinates": [ -73.97949, 40.755405 ] } },
{ "type": "Feature", "properties": { "latitude": 40.713913, "longitude": -73.83009, "collision_count": 70 }, "geometry": { "type": "Point", "coordinates": [ -73.83009, 40.713913 ] } },
{ "type": "Feature", "properties": { "latitude": 40.683506, "longitude": -73.97594, "collision_count": 70 }, "geometry": { "type": "Point", "coordinates": [ -73.97594, 40.683506 ] } },
{ "type": "Feature", "properties": { "latitude": 40.74854, "longitude": -73.949628, "collision_count": 70 }, "geometry": { "type": "Point", "coordinates": [ -73.949628, 40.74854 ] } },
{ "type": "Feature", "properties": { "latitude": 40.749725, "longitude": -73.98363, "collision_count": 70 }, "geometry": { "type": "Point", "coordinates": [ -73.98363, 40.749725 ] } },
{ "type": "Feature", "properties": { "latitude": 40.639795, "longitude": -73.929107, "collision_count": 70 }, "geometry": { "type": "Point", "coordinates": [ -73.929107, 40.639795 ] } },
{ "type": "Feature", "properties": { "latitude": 40.734273, "longitude": -73.862596, "collision_count": 70 }, "geometry": { "type": "Point", "coordinates": [ -73.862596, 40.734273 ] } },
{ "type": "Feature", "properties": { "latitude": 40.742943, "longitude": -73.91685, "collision_count": 70 }, "geometry": { "type": "Point", "coordinates": [ -73.91685, 40.742943 ] } },
{ "type": "Feature", "properties": { "latitude": 40.730122, "longitude": -73.989468, "collision_count": 70 }, "geometry": { "type": "Point", "coordinates": [ -73.989468, 40.730122 ] } },
{ "type": "Feature", "properties": { "latitude": 40.780691, "longitude": -73.946592, "collision_count": 70 }, "geometry": { "type": "Point", "coordinates": [ -73.946592, 40.780691 ] } },
{ "type": "Feature", "properties": { "latitude": 40.75144, "longitude": -73.97397, "collision_count": 70 }, "geometry": { "type": "Point", "coordinates": [ -73.97397, 40.75144 ] } },
{ "type": "Feature", "properties": { "latitude": 40.796642, "longitude": -73.96848, "collision_count": 70 }, "geometry": { "type": "Point", "coordinates": [ -73.96848, 40.796642 ] } },
{ "type": "Feature", "properties": { "latitude": 40.640626, "longitude": -73.986293, "collision_count": 70 }, "geometry": { "type": "Point", "coordinates": [ -73.986293, 40.640626 ] } },
{ "type": "Feature", "properties": { "latitude": 40.84271, "longitude": -73.885662, "collision_count": 70 }, "geometry": { "type": "Point", "coordinates": [ -73.885662, 40.84271 ] } },
{ "type": "Feature", "properties": { "latitude": 40.67875, "longitude": -73.8205, "collision_count": 70 }, "geometry": { "type": "Point", "coordinates": [ -73.8205, 40.67875 ] } },
{ "type": "Feature", "properties": { "latitude": 40.60426, "longitude": -73.75286, "collision_count": 70 }, "geometry": { "type": "Point", "coordinates": [ -73.75286, 40.60426 ] } },
{ "type": "Feature", "properties": { "latitude": 40.760021, "longitude": -73.859261, "collision_count": 70 }, "geometry": { "type": "Point", "coordinates": [ -73.859261, 40.760021 ] } },
{ "type": "Feature", "properties": { "latitude": 40.804264, "longitude": -73.91349, "collision_count": 70 }, "geometry": { "type": "Point", "coordinates": [ -73.91349, 40.804264 ] } },
{ "type": "Feature", "properties": { "latitude": 40.743206, "longitude": -73.979965, "collision_count": 70 }, "geometry": { "type": "Point", "coordinates": [ -73.979965, 40.743206 ] } },
{ "type": "Feature", "properties": { "latitude": 40.628168, "longitude": -73.927866, "collision_count": 70 }, "geometry": { "type": "Point", "coordinates": [ -73.927866, 40.628168 ] } },
{ "type": "Feature", "properties": { "latitude": 40.76471, "longitude": -73.830696, "collision_count": 70 }, "geometry": { "type": "Point", "coordinates": [ -73.830696, 40.76471 ] } },
{ "type": "Feature", "properties": { "latitude": 40.798627, "longitude": -73.939521, "collision_count": 70 }, "geometry": { "type": "Point", "coordinates": [ -73.939521, 40.798627 ] } },
{ "type": "Feature", "properties": { "latitude": 40.741472, "longitude": -73.985428, "collision_count": 70 }, "geometry": { "type": "Point", "coordinates": [ -73.985428, 40.741472 ] } },
{ "type": "Feature", "properties": { "latitude": 40.762802, "longitude": -73.965675, "collision_count": 70 }, "geometry": { "type": "Point", "coordinates": [ -73.965675, 40.762802 ] } },
{ "type": "Feature", "properties": { "latitude": 40.754093, "longitude": -73.99209, "collision_count": 70 }, "geometry": { "type": "Point", "coordinates": [ -73.99209, 40.754093 ] } },
{ "type": "Feature", "properties": { "latitude": 40.760925, "longitude": -73.99454, "collision_count": 70 }, "geometry": { "type": "Point", "coordinates": [ -73.99454, 40.760925 ] } },
{ "type": "Feature", "properties": { "latitude": 40.662575, "longitude": -73.934468, "collision_count": 70 }, "geometry": { "type": "Point", "coordinates": [ -73.934468, 40.662575 ] } },
{ "type": "Feature", "properties": { "latitude": 40.59011, "longitude": -73.97422, "collision_count": 70 }, "geometry": { "type": "Point", "coordinates": [ -73.97422, 40.59011 ] } },
{ "type": "Feature", "properties": { "latitude": 40.843678, "longitude": -73.89426, "collision_count": 70 }, "geometry": { "type": "Point", "coordinates": [ -73.89426, 40.843678 ] } },
{ "type": "Feature", "properties": { "latitude": 40.62051, "longitude": -73.992468, "collision_count": 70 }, "geometry": { "type": "Point", "coordinates": [ -73.992468, 40.62051 ] } },
{ "type": "Feature", "properties": { "latitude": 40.764614, "longitude": -73.95833, "collision_count": 70 }, "geometry": { "type": "Point", "coordinates": [ -73.95833, 40.764614 ] } },
{ "type": "Feature", "properties": { "latitude": 40.59415, "longitude": -74.086586, "collision_count": 70 }, "geometry": { "type": "Point", "coordinates": [ -74.086586, 40.59415 ] } },
{ "type": "Feature", "properties": { "latitude": 40.667963, "longitude": -73.771543, "collision_count": 70 }, "geometry": { "type": "Point", "coordinates": [ -73.771543, 40.667963 ] } },
{ "type": "Feature", "properties": { "latitude": 40.780651, "longitude": -73.976418, "collision_count": 70 }, "geometry": { "type": "Point", "coordinates": [ -73.976418, 40.780651 ] } },
{ "type": "Feature", "properties": { "latitude": 40.785492, "longitude": -73.984108, "collision_count": 70 }, "geometry": { "type": "Point", "coordinates": [ -73.984108, 40.785492 ] } },
{ "type": "Feature", "properties": { "latitude": 40.744453, "longitude": -73.92983, "collision_count": 70 }, "geometry": { "type": "Point", "coordinates": [ -73.92983, 40.744453 ] } },
{ "type": "Feature", "properties": { "latitude": 40.61785, "longitude": -73.988075, "collision_count": 70 }, "geometry": { "type": "Point", "coordinates": [ -73.988075, 40.61785 ] } },
{ "type": "Feature", "properties": { "latitude": 40.75928, "longitude": -73.959274, "collision_count": 70 }, "geometry": { "type": "Point", "coordinates": [ -73.959274, 40.75928 ] } },
{ "type": "Feature", "properties": { "latitude": 40.806067, "longitude": -73.909041, "collision_count": 70 }, "geometry": { "type": "Point", "coordinates": [ -73.909041, 40.806067 ] } },
{ "type": "Feature", "properties": { "latitude": 40.66549, "longitude": -73.819534, "collision_count": 70 }, "geometry": { "type": "Point", "coordinates": [ -73.819534, 40.66549 ] } },
{ "type": "Feature", "properties": { "latitude": 40.651573, "longitude": -73.97237, "collision_count": 70 }, "geometry": { "type": "Point", "coordinates": [ -73.97237, 40.651573 ] } },
{ "type": "Feature", "properties": { "latitude": 40.635808, "longitude": -74.017614, "collision_count": 70 }, "geometry": { "type": "Point", "coordinates": [ -74.017614, 40.635808 ] } },
{ "type": "Feature", "properties": { "latitude": 40.584625, "longitude": -73.94713, "collision_count": 70 }, "geometry": { "type": "Point", "coordinates": [ -73.94713, 40.584625 ] } },
{ "type": "Feature", "properties": { "latitude": 40.69733, "longitude": -73.78456, "collision_count": 70 }, "geometry": { "type": "Point", "coordinates": [ -73.78456, 40.69733 ] } },
{ "type": "Feature", "properties": { "latitude": 40.762184, "longitude": -73.993611, "collision_count": 70 }, "geometry": { "type": "Point", "coordinates": [ -73.993611, 40.762184 ] } },
{ "type": "Feature", "properties": { "latitude": 40.763991, "longitude": -73.958782, "collision_count": 70 }, "geometry": { "type": "Point", "coordinates": [ -73.958782, 40.763991 ] } },
{ "type": "Feature", "properties": { "latitude": 40.76416, "longitude": -73.968895, "collision_count": 70 }, "geometry": { "type": "Point", "coordinates": [ -73.968895, 40.76416 ] } },
{ "type": "Feature", "properties": { "latitude": 40.761601, "longitude": -73.968642, "collision_count": 70 }, "geometry": { "type": "Point", "coordinates": [ -73.968642, 40.761601 ] } },
{ "type": "Feature", "properties": { "latitude": 40.767494, "longitude": -73.95933, "collision_count": 70 }, "geometry": { "type": "Point", "coordinates": [ -73.95933, 40.767494 ] } },
{ "type": "Feature", "properties": { "latitude": 40.713843, "longitude": -73.992724, "collision_count": 70 }, "geometry": { "type": "Point", "coordinates": [ -73.992724, 40.713843 ] } },
{ "type": "Feature", "properties": { "latitude": 40.827244, "longitude": -73.92406, "collision_count": 70 }, "geometry": { "type": "Point", "coordinates": [ -73.92406, 40.827244 ] } },
{ "type": "Feature", "properties": { "latitude": 40.67869, "longitude": -74.002754, "collision_count": 70 }, "geometry": { "type": "Point", "coordinates": [ -74.002754, 40.67869 ] } },
{ "type": "Feature", "properties": { "latitude": 40.788312, "longitude": -73.976502, "collision_count": 70 }, "geometry": { "type": "Point", "coordinates": [ -73.976502, 40.788312 ] } },
{ "type": "Feature", "properties": { "latitude": 40.692066, "longitude": -73.7654, "collision_count": 70 }, "geometry": { "type": "Point", "coordinates": [ -73.7654, 40.692066 ] } },
{ "type": "Feature", "properties": { "latitude": 40.68608, "longitude": -74.000368, "collision_count": 70 }, "geometry": { "type": "Point", "coordinates": [ -74.000368, 40.68608 ] } },
{ "type": "Feature", "properties": { "latitude": 40.83394, "longitude": -73.9087, "collision_count": 70 }, "geometry": { "type": "Point", "coordinates": [ -73.9087, 40.83394 ] } },
{ "type": "Feature", "properties": { "latitude": 40.758432, "longitude": -73.973069, "collision_count": 70 }, "geometry": { "type": "Point", "coordinates": [ -73.973069, 40.758432 ] } },
{ "type": "Feature", "properties": { "latitude": 40.747066, "longitude": -73.97925, "collision_count": 70 }, "geometry": { "type": "Point", "coordinates": [ -73.97925, 40.747066 ] } },
{ "type": "Feature", "properties": { "latitude": 40.646643, "longitude": -73.924592, "collision_count": 70 }, "geometry": { "type": "Point", "coordinates": [ -73.924592, 40.646643 ] } },
{ "type": "Feature", "properties": { "latitude": 40.81632, "longitude": -73.89622, "collision_count": 70 }, "geometry": { "type": "Point", "coordinates": [ -73.89622, 40.81632 ] } },
{ "type": "Feature", "properties": { "latitude": 40.783333, "longitude": -73.94368, "collision_count": 70 }, "geometry": { "type": "Point", "coordinates": [ -73.94368, 40.783333 ] } },
{ "type": "Feature", "properties": { "latitude": 40.630428, "longitude": -73.885927, "collision_count": 70 }, "geometry": { "type": "Point", "coordinates": [ -73.885927, 40.630428 ] } },
{ "type": "Feature", "properties": { "latitude": 40.74217, "longitude": -73.804436, "collision_count": 70 }, "geometry": { "type": "Point", "coordinates": [ -73.804436, 40.74217 ] } },
{ "type": "Feature", "properties": { "latitude": 40.741643, "longitude": -73.997434, "collision_count": 70 }, "geometry": { "type": "Point", "coordinates": [ -73.997434, 40.741643 ] } },
{ "type": "Feature", "properties": { "latitude": 40.74348, "longitude": -73.732851, "collision_count": 70 }, "geometry": { "type": "Point", "coordinates": [ -73.732851, 40.74348 ] } },
{ "type": "Feature", "properties": { "latitude": 40.877476, "longitude": -73.8366, "collision_count": 70 }, "geometry": { "type": "Point", "coordinates": [ -73.8366, 40.877476 ] } },
{ "type": "Feature", "properties": { "latitude": 40.68857, "longitude": -73.8757, "collision_count": 70 }, "geometry": { "type": "Point", "coordinates": [ -73.8757, 40.68857 ] } },
{ "type": "Feature", "properties": { "latitude": 40.755516, "longitude": -73.98363, "collision_count": 70 }, "geometry": { "type": "Point", "coordinates": [ -73.98363, 40.755516 ] } },
{ "type": "Feature", "properties": { "latitude": 40.828075, "longitude": -73.88543, "collision_count": 70 }, "geometry": { "type": "Point", "coordinates": [ -73.88543, 40.828075 ] } },
{ "type": "Feature", "properties": { "latitude": 40.74108, "longitude": -74.001555, "collision_count": 70 }, "geometry": { "type": "Point", "coordinates": [ -74.001555, 40.74108 ] } },
{ "type": "Feature", "properties": { "latitude": 40.772415, "longitude": -73.97874, "collision_count": 70 }, "geometry": { "type": "Point", "coordinates": [ -73.97874, 40.772415 ] } },
{ "type": "Feature", "properties": { "latitude": 40.83874, "longitude": -73.913765, "collision_count": 70 }, "geometry": { "type": "Point", "coordinates": [ -73.913765, 40.83874 ] } },
{ "type": "Feature", "properties": { "latitude": 40.637457, "longitude": -73.928857, "collision_count": 70 }, "geometry": { "type": "Point", "coordinates": [ -73.928857, 40.637457 ] } },
{ "type": "Feature", "properties": { "latitude": 40.588886, "longitude": -73.965645, "collision_count": 70 }, "geometry": { "type": "Point", "coordinates": [ -73.965645, 40.588886 ] } },
{ "type": "Feature", "properties": { "latitude": 40.709523, "longitude": -74.001666, "collision_count": 70 }, "geometry": { "type": "Point", "coordinates": [ -74.001666, 40.709523 ] } },
{ "type": "Feature", "properties": { "latitude": 40.766868, "longitude": -73.959777, "collision_count": 70 }, "geometry": { "type": "Point", "coordinates": [ -73.959777, 40.766868 ] } },
{ "type": "Feature", "properties": { "latitude": 40.880782, "longitude": -73.883462, "collision_count": 70 }, "geometry": { "type": "Point", "coordinates": [ -73.883462, 40.880782 ] } },
{ "type": "Feature", "properties": { "latitude": 40.75184, "longitude": -73.90358, "collision_count": 70 }, "geometry": { "type": "Point", "coordinates": [ -73.90358, 40.75184 ] } },
{ "type": "Feature", "properties": { "latitude": 40.843525, "longitude": -73.89667, "collision_count": 70 }, "geometry": { "type": "Point", "coordinates": [ -73.89667, 40.843525 ] } },
{ "type": "Feature", "properties": { "latitude": 40.73664, "longitude": -73.86584, "collision_count": 70 }, "geometry": { "type": "Point", "coordinates": [ -73.86584, 40.73664 ] } },
{ "type": "Feature", "properties": { "latitude": 40.640239, "longitude": -73.919461, "collision_count": 70 }, "geometry": { "type": "Point", "coordinates": [ -73.919461, 40.640239 ] } },
{ "type": "Feature", "properties": { "latitude": 40.83335, "longitude": -73.93524, "collision_count": 70 }, "geometry": { "type": "Point", "coordinates": [ -73.93524, 40.83335 ] } },
{ "type": "Feature", "properties": { "latitude": 40.737606, "longitude": -73.74073, "collision_count": 70 }, "geometry": { "type": "Point", "coordinates": [ -73.74073, 40.737606 ] } },
{ "type": "Feature", "properties": { "latitude": 40.769792, "longitude": -73.988065, "collision_count": 70 }, "geometry": { "type": "Point", "coordinates": [ -73.988065, 40.769792 ] } },
{ "type": "Feature", "properties": { "latitude": 40.69854, "longitude": -73.94116, "collision_count": 70 }, "geometry": { "type": "Point", "coordinates": [ -73.94116, 40.69854 ] } },
{ "type": "Feature", "properties": { "latitude": 40.71285, "longitude": -73.83391, "collision_count": 70 }, "geometry": { "type": "Point", "coordinates": [ -73.83391, 40.71285 ] } },
{ "type": "Feature", "properties": { "latitude": 40.787686, "longitude": -73.975014, "collision_count": 70 }, "geometry": { "type": "Point", "coordinates": [ -73.975014, 40.787686 ] } },
{ "type": "Feature", "properties": { "latitude": 40.632437, "longitude": -73.888173, "collision_count": 70 }, "geometry": { "type": "Point", "coordinates": [ -73.888173, 40.632437 ] } },
{ "type": "Feature", "properties": { "latitude": 40.696484, "longitude": -73.81275, "collision_count": 70 }, "geometry": { "type": "Point", "coordinates": [ -73.81275, 40.696484 ] } },
{ "type": "Feature", "properties": { "latitude": 40.759785, "longitude": -73.976295, "collision_count": 70 }, "geometry": { "type": "Point", "coordinates": [ -73.976295, 40.759785 ] } },
{ "type": "Feature", "properties": { "latitude": 40.764732, "longitude": -73.96637, "collision_count": 70 }, "geometry": { "type": "Point", "coordinates": [ -73.96637, 40.764732 ] } },
{ "type": "Feature", "properties": { "latitude": 40.618557, "longitude": -73.95504, "collision_count": 70 }, "geometry": { "type": "Point", "coordinates": [ -73.95504, 40.618557 ] } },
{ "type": "Feature", "properties": { "latitude": 40.712207, "longitude": -73.886376, "collision_count": 70 }, "geometry": { "type": "Point", "coordinates": [ -73.886376, 40.712207 ] } },
{ "type": "Feature", "properties": { "latitude": 40.571987, "longitude": -74.10823, "collision_count": 70 }, "geometry": { "type": "Point", "coordinates": [ -74.10823, 40.571987 ] } },
{ "type": "Feature", "properties": { "latitude": 40.774959, "longitude": -73.958894, "collision_count": 70 }, "geometry": { "type": "Point", "coordinates": [ -73.958894, 40.774959 ] } },
{ "type": "Feature", "properties": { "latitude": 40.764084, "longitude": -73.83336, "collision_count": 70 }, "geometry": { "type": "Point", "coordinates": [ -73.83336, 40.764084 ] } },
{ "type": "Feature", "properties": { "latitude": 40.663284, "longitude": -73.960956, "collision_count": 70 }, "geometry": { "type": "Point", "coordinates": [ -73.960956, 40.663284 ] } },
{ "type": "Feature", "properties": { "latitude": 40.749866, "longitude": -73.86273, "collision_count": 70 }, "geometry": { "type": "Point", "coordinates": [ -73.86273, 40.749866 ] } },
{ "type": "Feature", "properties": { "latitude": 40.751942, "longitude": -73.832295, "collision_count": 70 }, "geometry": { "type": "Point", "coordinates": [ -73.832295, 40.751942 ] } },
{ "type": "Feature", "properties": { "latitude": 40.721473, "longitude": -73.983824, "collision_count": 70 }, "geometry": { "type": "Point", "coordinates": [ -73.983824, 40.721473 ] } },
{ "type": "Feature", "properties": { "latitude": 40.705826, "longitude": -73.79396, "collision_count": 69 }, "geometry": { "type": "Point", "coordinates": [ -73.79396, 40.705826 ] } },
{ "type": "Feature", "properties": { "latitude": 40.686077, "longitude": -74.00038, "collision_count": 69 }, "geometry": { "type": "Point", "coordinates": [ -74.00038, 40.686077 ] } },
{ "type": "Feature", "properties": { "latitude": 40.709198, "longitude": -73.991776, "collision_count": 69 }, "geometry": { "type": "Point", "coordinates": [ -73.991776, 40.709198 ] } },
{ "type": "Feature", "properties": { "latitude": 40.675323, "longitude": -73.86332, "collision_count": 69 }, "geometry": { "type": "Point", "coordinates": [ -73.86332, 40.675323 ] } },
{ "type": "Feature", "properties": { "latitude": 40.735497, "longitude": -73.869702, "collision_count": 69 }, "geometry": { "type": "Point", "coordinates": [ -73.869702, 40.735497 ] } },
{ "type": "Feature", "properties": { "latitude": 40.746333, "longitude": -73.896325, "collision_count": 69 }, "geometry": { "type": "Point", "coordinates": [ -73.896325, 40.746333 ] } },
{ "type": "Feature", "properties": { "latitude": 40.721447, "longitude": -73.997406, "collision_count": 69 }, "geometry": { "type": "Point", "coordinates": [ -73.997406, 40.721447 ] } },
{ "type": "Feature", "properties": { "latitude": 40.768595, "longitude": -73.985216, "collision_count": 69 }, "geometry": { "type": "Point", "coordinates": [ -73.985216, 40.768595 ] } },
{ "type": "Feature", "properties": { "latitude": 40.790367, "longitude": -73.949776, "collision_count": 69 }, "geometry": { "type": "Point", "coordinates": [ -73.949776, 40.790367 ] } },
{ "type": "Feature", "properties": { "latitude": 40.74581, "longitude": -74.00554, "collision_count": 69 }, "geometry": { "type": "Point", "coordinates": [ -74.00554, 40.74581 ] } },
{ "type": "Feature", "properties": { "latitude": 40.738171, "longitude": -73.977602, "collision_count": 69 }, "geometry": { "type": "Point", "coordinates": [ -73.977602, 40.738171 ] } },
{ "type": "Feature", "properties": { "latitude": 40.835486, "longitude": -73.949394, "collision_count": 69 }, "geometry": { "type": "Point", "coordinates": [ -73.949394, 40.835486 ] } },
{ "type": "Feature", "properties": { "latitude": 40.72707, "longitude": -73.75457, "collision_count": 69 }, "geometry": { "type": "Point", "coordinates": [ -73.75457, 40.72707 ] } },
{ "type": "Feature", "properties": { "latitude": 40.76031, "longitude": -73.9717, "collision_count": 69 }, "geometry": { "type": "Point", "coordinates": [ -73.9717, 40.76031 ] } },
{ "type": "Feature", "properties": { "latitude": 40.838875, "longitude": -73.90266, "collision_count": 69 }, "geometry": { "type": "Point", "coordinates": [ -73.90266, 40.838875 ] } },
{ "type": "Feature", "properties": { "latitude": 40.833412, "longitude": -73.85906, "collision_count": 69 }, "geometry": { "type": "Point", "coordinates": [ -73.85906, 40.833412 ] } },
{ "type": "Feature", "properties": { "latitude": 40.848637, "longitude": -73.91169, "collision_count": 69 }, "geometry": { "type": "Point", "coordinates": [ -73.91169, 40.848637 ] } },
{ "type": "Feature", "properties": { "latitude": 40.771065, "longitude": -73.959644, "collision_count": 69 }, "geometry": { "type": "Point", "coordinates": [ -73.959644, 40.771065 ] } },
{ "type": "Feature", "properties": { "latitude": 40.849964, "longitude": -73.91416, "collision_count": 69 }, "geometry": { "type": "Point", "coordinates": [ -73.91416, 40.849964 ] } },
{ "type": "Feature", "properties": { "latitude": 40.697582, "longitude": -73.94965, "collision_count": 69 }, "geometry": { "type": "Point", "coordinates": [ -73.94965, 40.697582 ] } },
{ "type": "Feature", "properties": { "latitude": 40.653774, "longitude": -73.95617, "collision_count": 69 }, "geometry": { "type": "Point", "coordinates": [ -73.95617, 40.653774 ] } },
{ "type": "Feature", "properties": { "latitude": 40.752064, "longitude": -73.97351, "collision_count": 69 }, "geometry": { "type": "Point", "coordinates": [ -73.97351, 40.752064 ] } },
{ "type": "Feature", "properties": { "latitude": 40.68005, "longitude": -73.94327, "collision_count": 69 }, "geometry": { "type": "Point", "coordinates": [ -73.94327, 40.68005 ] } },
{ "type": "Feature", "properties": { "latitude": 40.666546, "longitude": -73.78808, "collision_count": 69 }, "geometry": { "type": "Point", "coordinates": [ -73.78808, 40.666546 ] } },
{ "type": "Feature", "properties": { "latitude": 40.760494, "longitude": -73.8614, "collision_count": 69 }, "geometry": { "type": "Point", "coordinates": [ -73.8614, 40.760494 ] } },
{ "type": "Feature", "properties": { "latitude": 40.80582, "longitude": -73.90926, "collision_count": 69 }, "geometry": { "type": "Point", "coordinates": [ -73.90926, 40.80582 ] } },
{ "type": "Feature", "properties": { "latitude": 40.641987, "longitude": -74.01724, "collision_count": 69 }, "geometry": { "type": "Point", "coordinates": [ -74.01724, 40.641987 ] } },
{ "type": "Feature", "properties": { "latitude": 40.752411, "longitude": -73.978348, "collision_count": 69 }, "geometry": { "type": "Point", "coordinates": [ -73.978348, 40.752411 ] } },
{ "type": "Feature", "properties": { "latitude": 40.605934, "longitude": -74.000465, "collision_count": 69 }, "geometry": { "type": "Point", "coordinates": [ -74.000465, 40.605934 ] } },
{ "type": "Feature", "properties": { "latitude": 40.67239, "longitude": -73.87463, "collision_count": 69 }, "geometry": { "type": "Point", "coordinates": [ -73.87463, 40.67239 ] } },
{ "type": "Feature", "properties": { "latitude": 40.706633, "longitude": -73.806588, "collision_count": 69 }, "geometry": { "type": "Point", "coordinates": [ -73.806588, 40.706633 ] } },
{ "type": "Feature", "properties": { "latitude": 40.808445, "longitude": -73.945, "collision_count": 69 }, "geometry": { "type": "Point", "coordinates": [ -73.945, 40.808445 ] } },
{ "type": "Feature", "properties": { "latitude": 40.534267, "longitude": -74.153974, "collision_count": 69 }, "geometry": { "type": "Point", "coordinates": [ -74.153974, 40.534267 ] } },
{ "type": "Feature", "properties": { "latitude": 40.73988, "longitude": -73.99872, "collision_count": 69 }, "geometry": { "type": "Point", "coordinates": [ -73.99872, 40.73988 ] } },
{ "type": "Feature", "properties": { "latitude": 40.768119, "longitude": -73.958862, "collision_count": 69 }, "geometry": { "type": "Point", "coordinates": [ -73.958862, 40.768119 ] } },
{ "type": "Feature", "properties": { "latitude": 40.762916, "longitude": -73.985647, "collision_count": 69 }, "geometry": { "type": "Point", "coordinates": [ -73.985647, 40.762916 ] } },
{ "type": "Feature", "properties": { "latitude": 40.676144, "longitude": -73.893074, "collision_count": 69 }, "geometry": { "type": "Point", "coordinates": [ -73.893074, 40.676144 ] } },
{ "type": "Feature", "properties": { "latitude": 40.741665, "longitude": -74.00114, "collision_count": 69 }, "geometry": { "type": "Point", "coordinates": [ -74.00114, 40.741665 ] } },
{ "type": "Feature", "properties": { "latitude": 40.822933, "longitude": -73.93813, "collision_count": 69 }, "geometry": { "type": "Point", "coordinates": [ -73.93813, 40.822933 ] } },
{ "type": "Feature", "properties": { "latitude": 40.720892, "longitude": -73.99575, "collision_count": 69 }, "geometry": { "type": "Point", "coordinates": [ -73.99575, 40.720892 ] } },
{ "type": "Feature", "properties": { "latitude": 40.74763, "longitude": -73.88394, "collision_count": 69 }, "geometry": { "type": "Point", "coordinates": [ -73.88394, 40.74763 ] } },
{ "type": "Feature", "properties": { "latitude": 40.690357, "longitude": -73.989746, "collision_count": 69 }, "geometry": { "type": "Point", "coordinates": [ -73.989746, 40.690357 ] } },
{ "type": "Feature", "properties": { "latitude": 40.690695, "longitude": -73.957273, "collision_count": 69 }, "geometry": { "type": "Point", "coordinates": [ -73.957273, 40.690695 ] } },
{ "type": "Feature", "properties": { "latitude": 40.71427, "longitude": -73.974945, "collision_count": 69 }, "geometry": { "type": "Point", "coordinates": [ -73.974945, 40.71427 ] } },
{ "type": "Feature", "properties": { "latitude": 40.534267, "longitude": -74.15398, "collision_count": 69 }, "geometry": { "type": "Point", "coordinates": [ -74.15398, 40.534267 ] } },
{ "type": "Feature", "properties": { "latitude": 40.683039, "longitude": -73.964778, "collision_count": 69 }, "geometry": { "type": "Point", "coordinates": [ -73.964778, 40.683039 ] } },
{ "type": "Feature", "properties": { "latitude": 40.744629, "longitude": -73.998972, "collision_count": 69 }, "geometry": { "type": "Point", "coordinates": [ -73.998972, 40.744629 ] } },
{ "type": "Feature", "properties": { "latitude": 40.74223, "longitude": -73.9933, "collision_count": 69 }, "geometry": { "type": "Point", "coordinates": [ -73.9933, 40.74223 ] } },
{ "type": "Feature", "properties": { "latitude": 40.748551, "longitude": -73.895813, "collision_count": 69 }, "geometry": { "type": "Point", "coordinates": [ -73.895813, 40.748551 ] } },
{ "type": "Feature", "properties": { "latitude": 40.786175, "longitude": -73.9457, "collision_count": 69 }, "geometry": { "type": "Point", "coordinates": [ -73.9457, 40.786175 ] } },
{ "type": "Feature", "properties": { "latitude": 40.751545, "longitude": -73.87085, "collision_count": 69 }, "geometry": { "type": "Point", "coordinates": [ -73.87085, 40.751545 ] } },
{ "type": "Feature", "properties": { "latitude": 40.66851, "longitude": -73.76626, "collision_count": 69 }, "geometry": { "type": "Point", "coordinates": [ -73.76626, 40.66851 ] } },
{ "type": "Feature", "properties": { "latitude": 40.7842, "longitude": -73.942215, "collision_count": 69 }, "geometry": { "type": "Point", "coordinates": [ -73.942215, 40.7842 ] } },
{ "type": "Feature", "properties": { "latitude": 40.747206, "longitude": -73.997098, "collision_count": 69 }, "geometry": { "type": "Point", "coordinates": [ -73.997098, 40.747206 ] } },
{ "type": "Feature", "properties": { "latitude": 40.680213, "longitude": -73.946276, "collision_count": 69 }, "geometry": { "type": "Point", "coordinates": [ -73.946276, 40.680213 ] } },
{ "type": "Feature", "properties": { "latitude": 40.607243, "longitude": -73.98726, "collision_count": 69 }, "geometry": { "type": "Point", "coordinates": [ -73.98726, 40.607243 ] } },
{ "type": "Feature", "properties": { "latitude": 40.632755, "longitude": -73.92984, "collision_count": 69 }, "geometry": { "type": "Point", "coordinates": [ -73.92984, 40.632755 ] } },
{ "type": "Feature", "properties": { "latitude": 40.665245, "longitude": -73.87513, "collision_count": 69 }, "geometry": { "type": "Point", "coordinates": [ -73.87513, 40.665245 ] } },
{ "type": "Feature", "properties": { "latitude": 40.719624, "longitude": -73.91132, "collision_count": 69 }, "geometry": { "type": "Point", "coordinates": [ -73.91132, 40.719624 ] } },
{ "type": "Feature", "properties": { "latitude": 40.75462, "longitude": -73.973734, "collision_count": 69 }, "geometry": { "type": "Point", "coordinates": [ -73.973734, 40.75462 ] } },
{ "type": "Feature", "properties": { "latitude": 40.7491, "longitude": -73.984085, "collision_count": 69 }, "geometry": { "type": "Point", "coordinates": [ -73.984085, 40.7491 ] } },
{ "type": "Feature", "properties": { "latitude": 40.741936, "longitude": -73.97263, "collision_count": 69 }, "geometry": { "type": "Point", "coordinates": [ -73.97263, 40.741936 ] } },
{ "type": "Feature", "properties": { "latitude": 40.851654, "longitude": -73.91566, "collision_count": 69 }, "geometry": { "type": "Point", "coordinates": [ -73.91566, 40.851654 ] } },
{ "type": "Feature", "properties": { "latitude": 40.585159, "longitude": -73.987388, "collision_count": 69 }, "geometry": { "type": "Point", "coordinates": [ -73.987388, 40.585159 ] } },
{ "type": "Feature", "properties": { "latitude": 40.895468, "longitude": -73.877121, "collision_count": 69 }, "geometry": { "type": "Point", "coordinates": [ -73.877121, 40.895468 ] } },
{ "type": "Feature", "properties": { "latitude": 40.602478, "longitude": -73.96636, "collision_count": 69 }, "geometry": { "type": "Point", "coordinates": [ -73.96636, 40.602478 ] } },
{ "type": "Feature", "properties": { "latitude": 40.817116, "longitude": -73.88307, "collision_count": 69 }, "geometry": { "type": "Point", "coordinates": [ -73.88307, 40.817116 ] } },
{ "type": "Feature", "properties": { "latitude": 40.765425, "longitude": -73.890003, "collision_count": 69 }, "geometry": { "type": "Point", "coordinates": [ -73.890003, 40.765425 ] } },
{ "type": "Feature", "properties": { "latitude": 40.744656, "longitude": -73.94853, "collision_count": 69 }, "geometry": { "type": "Point", "coordinates": [ -73.94853, 40.744656 ] } },
{ "type": "Feature", "properties": { "latitude": 40.693133, "longitude": -73.969832, "collision_count": 69 }, "geometry": { "type": "Point", "coordinates": [ -73.969832, 40.693133 ] } },
{ "type": "Feature", "properties": { "latitude": 40.722772, "longitude": -73.836243, "collision_count": 69 }, "geometry": { "type": "Point", "coordinates": [ -73.836243, 40.722772 ] } },
{ "type": "Feature", "properties": { "latitude": 40.759018, "longitude": -73.855156, "collision_count": 69 }, "geometry": { "type": "Point", "coordinates": [ -73.855156, 40.759018 ] } },
{ "type": "Feature", "properties": { "latitude": 40.613526, "longitude": -74.116842, "collision_count": 69 }, "geometry": { "type": "Point", "coordinates": [ -74.116842, 40.613526 ] } },
{ "type": "Feature", "properties": { "latitude": 40.75968, "longitude": -73.832348, "collision_count": 69 }, "geometry": { "type": "Point", "coordinates": [ -73.832348, 40.75968 ] } },
{ "type": "Feature", "properties": { "latitude": 40.63874, "longitude": -73.895192, "collision_count": 69 }, "geometry": { "type": "Point", "coordinates": [ -73.895192, 40.63874 ] } },
{ "type": "Feature", "properties": { "latitude": 40.716312, "longitude": -73.81938, "collision_count": 69 }, "geometry": { "type": "Point", "coordinates": [ -73.81938, 40.716312 ] } },
{ "type": "Feature", "properties": { "latitude": 40.674, "longitude": -73.8721, "collision_count": 69 }, "geometry": { "type": "Point", "coordinates": [ -73.8721, 40.674 ] } },
{ "type": "Feature", "properties": { "latitude": 40.835297, "longitude": -73.91291, "collision_count": 69 }, "geometry": { "type": "Point", "coordinates": [ -73.91291, 40.835297 ] } },
{ "type": "Feature", "properties": { "latitude": 40.761423, "longitude": -73.984048, "collision_count": 69 }, "geometry": { "type": "Point", "coordinates": [ -73.984048, 40.761423 ] } },
{ "type": "Feature", "properties": { "latitude": 40.667915, "longitude": -73.77523, "collision_count": 69 }, "geometry": { "type": "Point", "coordinates": [ -73.77523, 40.667915 ] } },
{ "type": "Feature", "properties": { "latitude": 40.82326, "longitude": -73.942923, "collision_count": 69 }, "geometry": { "type": "Point", "coordinates": [ -73.942923, 40.82326 ] } },
{ "type": "Feature", "properties": { "latitude": 40.749158, "longitude": -73.869426, "collision_count": 69 }, "geometry": { "type": "Point", "coordinates": [ -73.869426, 40.749158 ] } },
{ "type": "Feature", "properties": { "latitude": 40.82098, "longitude": -73.89388, "collision_count": 69 }, "geometry": { "type": "Point", "coordinates": [ -73.89388, 40.82098 ] } },
{ "type": "Feature", "properties": { "latitude": 40.76411, "longitude": -73.9885, "collision_count": 69 }, "geometry": { "type": "Point", "coordinates": [ -73.9885, 40.76411 ] } },
{ "type": "Feature", "properties": { "latitude": 40.766502, "longitude": -73.99418, "collision_count": 69 }, "geometry": { "type": "Point", "coordinates": [ -73.99418, 40.766502 ] } },
{ "type": "Feature", "properties": { "latitude": 40.748547, "longitude": -73.89584, "collision_count": 69 }, "geometry": { "type": "Point", "coordinates": [ -73.89584, 40.748547 ] } },
{ "type": "Feature", "properties": { "latitude": 40.756653, "longitude": -73.97858, "collision_count": 69 }, "geometry": { "type": "Point", "coordinates": [ -73.97858, 40.756653 ] } },
{ "type": "Feature", "properties": { "latitude": 40.718496, "longitude": -73.73531, "collision_count": 69 }, "geometry": { "type": "Point", "coordinates": [ -73.73531, 40.718496 ] } },
{ "type": "Feature", "properties": { "latitude": 40.674467, "longitude": -73.975468, "collision_count": 69 }, "geometry": { "type": "Point", "coordinates": [ -73.975468, 40.674467 ] } },
{ "type": "Feature", "properties": { "latitude": 40.70921, "longitude": -73.87017, "collision_count": 69 }, "geometry": { "type": "Point", "coordinates": [ -73.87017, 40.70921 ] } },
{ "type": "Feature", "properties": { "latitude": 40.796074, "longitude": -73.94349, "collision_count": 69 }, "geometry": { "type": "Point", "coordinates": [ -73.94349, 40.796074 ] } },
{ "type": "Feature", "properties": { "latitude": 40.767117, "longitude": -73.956505, "collision_count": 69 }, "geometry": { "type": "Point", "coordinates": [ -73.956505, 40.767117 ] } },
{ "type": "Feature", "properties": { "latitude": 40.763588, "longitude": -73.83603, "collision_count": 69 }, "geometry": { "type": "Point", "coordinates": [ -73.83603, 40.763588 ] } },
{ "type": "Feature", "properties": { "latitude": 40.756557, "longitude": -73.97444, "collision_count": 69 }, "geometry": { "type": "Point", "coordinates": [ -73.97444, 40.756557 ] } },
{ "type": "Feature", "properties": { "latitude": 40.748366, "longitude": -73.980403, "collision_count": 69 }, "geometry": { "type": "Point", "coordinates": [ -73.980403, 40.748366 ] } },
{ "type": "Feature", "properties": { "latitude": 40.75303, "longitude": -73.92163, "collision_count": 69 }, "geometry": { "type": "Point", "coordinates": [ -73.92163, 40.75303 ] } },
{ "type": "Feature", "properties": { "latitude": 40.666842, "longitude": -73.789408, "collision_count": 69 }, "geometry": { "type": "Point", "coordinates": [ -73.789408, 40.666842 ] } },
{ "type": "Feature", "properties": { "latitude": 40.836296, "longitude": -73.87369, "collision_count": 69 }, "geometry": { "type": "Point", "coordinates": [ -73.87369, 40.836296 ] } },
{ "type": "Feature", "properties": { "latitude": 40.822105, "longitude": -73.90062, "collision_count": 69 }, "geometry": { "type": "Point", "coordinates": [ -73.90062, 40.822105 ] } },
{ "type": "Feature", "properties": { "latitude": 40.759727, "longitude": -73.99169, "collision_count": 69 }, "geometry": { "type": "Point", "coordinates": [ -73.99169, 40.759727 ] } },
{ "type": "Feature", "properties": { "latitude": 40.663604, "longitude": -73.934391, "collision_count": 69 }, "geometry": { "type": "Point", "coordinates": [ -73.934391, 40.663604 ] } },
{ "type": "Feature", "properties": { "latitude": 40.607338, "longitude": -73.96189, "collision_count": 68 }, "geometry": { "type": "Point", "coordinates": [ -73.96189, 40.607338 ] } },
{ "type": "Feature", "properties": { "latitude": 40.749898, "longitude": -73.937811, "collision_count": 68 }, "geometry": { "type": "Point", "coordinates": [ -73.937811, 40.749898 ] } },
{ "type": "Feature", "properties": { "latitude": 40.738736, "longitude": -73.814271, "collision_count": 68 }, "geometry": { "type": "Point", "coordinates": [ -73.814271, 40.738736 ] } },
{ "type": "Feature", "properties": { "latitude": 40.745594, "longitude": -73.9034, "collision_count": 68 }, "geometry": { "type": "Point", "coordinates": [ -73.9034, 40.745594 ] } },
{ "type": "Feature", "properties": { "latitude": 40.844975, "longitude": -73.91877, "collision_count": 68 }, "geometry": { "type": "Point", "coordinates": [ -73.91877, 40.844975 ] } },
{ "type": "Feature", "properties": { "latitude": 40.829685, "longitude": -73.8253, "collision_count": 68 }, "geometry": { "type": "Point", "coordinates": [ -73.8253, 40.829685 ] } },
{ "type": "Feature", "properties": { "latitude": 40.75718, "longitude": -73.973982, "collision_count": 68 }, "geometry": { "type": "Point", "coordinates": [ -73.973982, 40.75718 ] } },
{ "type": "Feature", "properties": { "latitude": 40.627314, "longitude": -73.941816, "collision_count": 68 }, "geometry": { "type": "Point", "coordinates": [ -73.941816, 40.627314 ] } },
{ "type": "Feature", "properties": { "latitude": 40.678111, "longitude": -73.897618, "collision_count": 68 }, "geometry": { "type": "Point", "coordinates": [ -73.897618, 40.678111 ] } },
{ "type": "Feature", "properties": { "latitude": 40.737694, "longitude": -73.88224, "collision_count": 68 }, "geometry": { "type": "Point", "coordinates": [ -73.88224, 40.737694 ] } },
{ "type": "Feature", "properties": { "latitude": 40.624655, "longitude": -73.999319, "collision_count": 68 }, "geometry": { "type": "Point", "coordinates": [ -73.999319, 40.624655 ] } },
{ "type": "Feature", "properties": { "latitude": 40.7265, "longitude": -73.75571, "collision_count": 68 }, "geometry": { "type": "Point", "coordinates": [ -73.75571, 40.7265 ] } },
{ "type": "Feature", "properties": { "latitude": 40.703724, "longitude": -73.95979, "collision_count": 68 }, "geometry": { "type": "Point", "coordinates": [ -73.95979, 40.703724 ] } },
{ "type": "Feature", "properties": { "latitude": 40.768439, "longitude": -73.98905, "collision_count": 68 }, "geometry": { "type": "Point", "coordinates": [ -73.98905, 40.768439 ] } },
{ "type": "Feature", "properties": { "latitude": 40.744762, "longitude": -73.99517, "collision_count": 68 }, "geometry": { "type": "Point", "coordinates": [ -73.99517, 40.744762 ] } },
{ "type": "Feature", "properties": { "latitude": 40.818947, "longitude": -73.95221, "collision_count": 68 }, "geometry": { "type": "Point", "coordinates": [ -73.95221, 40.818947 ] } },
{ "type": "Feature", "properties": { "latitude": 40.639305, "longitude": -73.95898, "collision_count": 68 }, "geometry": { "type": "Point", "coordinates": [ -73.95898, 40.639305 ] } },
{ "type": "Feature", "properties": { "latitude": 40.858417, "longitude": -73.885136, "collision_count": 68 }, "geometry": { "type": "Point", "coordinates": [ -73.885136, 40.858417 ] } },
{ "type": "Feature", "properties": { "latitude": 40.610653, "longitude": -73.953543, "collision_count": 68 }, "geometry": { "type": "Point", "coordinates": [ -73.953543, 40.610653 ] } },
{ "type": "Feature", "properties": { "latitude": 40.786428, "longitude": -73.823927, "collision_count": 68 }, "geometry": { "type": "Point", "coordinates": [ -73.823927, 40.786428 ] } },
{ "type": "Feature", "properties": { "latitude": 40.74284, "longitude": -74.00028, "collision_count": 68 }, "geometry": { "type": "Point", "coordinates": [ -74.00028, 40.74284 ] } },
{ "type": "Feature", "properties": { "latitude": 40.75525, "longitude": -73.998665, "collision_count": 68 }, "geometry": { "type": "Point", "coordinates": [ -73.998665, 40.75525 ] } },
{ "type": "Feature", "properties": { "latitude": 40.788842, "longitude": -73.813803, "collision_count": 68 }, "geometry": { "type": "Point", "coordinates": [ -73.813803, 40.788842 ] } },
{ "type": "Feature", "properties": { "latitude": 40.69447, "longitude": -73.78147, "collision_count": 68 }, "geometry": { "type": "Point", "coordinates": [ -73.78147, 40.69447 ] } },
{ "type": "Feature", "properties": { "latitude": 40.765267, "longitude": -73.815165, "collision_count": 68 }, "geometry": { "type": "Point", "coordinates": [ -73.815165, 40.765267 ] } },
{ "type": "Feature", "properties": { "latitude": 40.594872, "longitude": -73.950554, "collision_count": 68 }, "geometry": { "type": "Point", "coordinates": [ -73.950554, 40.594872 ] } },
{ "type": "Feature", "properties": { "latitude": 40.593323, "longitude": -73.964638, "collision_count": 68 }, "geometry": { "type": "Point", "coordinates": [ -73.964638, 40.593323 ] } },
{ "type": "Feature", "properties": { "latitude": 40.71717, "longitude": -73.834937, "collision_count": 68 }, "geometry": { "type": "Point", "coordinates": [ -73.834937, 40.71717 ] } },
{ "type": "Feature", "properties": { "latitude": 40.753261, "longitude": -74.003822, "collision_count": 68 }, "geometry": { "type": "Point", "coordinates": [ -74.003822, 40.753261 ] } },
{ "type": "Feature", "properties": { "latitude": 40.766494, "longitude": -73.956957, "collision_count": 68 }, "geometry": { "type": "Point", "coordinates": [ -73.956957, 40.766494 ] } },
{ "type": "Feature", "properties": { "latitude": 40.742975, "longitude": -73.81431, "collision_count": 68 }, "geometry": { "type": "Point", "coordinates": [ -73.81431, 40.742975 ] } },
{ "type": "Feature", "properties": { "latitude": 40.805491, "longitude": -73.910303, "collision_count": 68 }, "geometry": { "type": "Point", "coordinates": [ -73.910303, 40.805491 ] } },
{ "type": "Feature", "properties": { "latitude": 40.660347, "longitude": -73.767975, "collision_count": 68 }, "geometry": { "type": "Point", "coordinates": [ -73.767975, 40.660347 ] } },
{ "type": "Feature", "properties": { "latitude": 40.740262, "longitude": -73.990517, "collision_count": 68 }, "geometry": { "type": "Point", "coordinates": [ -73.990517, 40.740262 ] } },
{ "type": "Feature", "properties": { "latitude": 40.600232, "longitude": -73.995592, "collision_count": 68 }, "geometry": { "type": "Point", "coordinates": [ -73.995592, 40.600232 ] } },
{ "type": "Feature", "properties": { "latitude": 40.820988, "longitude": -73.89491, "collision_count": 68 }, "geometry": { "type": "Point", "coordinates": [ -73.89491, 40.820988 ] } },
{ "type": "Feature", "properties": { "latitude": 40.636242, "longitude": -74.01237, "collision_count": 68 }, "geometry": { "type": "Point", "coordinates": [ -74.01237, 40.636242 ] } },
{ "type": "Feature", "properties": { "latitude": 40.691329, "longitude": -73.951759, "collision_count": 68 }, "geometry": { "type": "Point", "coordinates": [ -73.951759, 40.691329 ] } },
{ "type": "Feature", "properties": { "latitude": 40.88078, "longitude": -73.88347, "collision_count": 68 }, "geometry": { "type": "Point", "coordinates": [ -73.88347, 40.88078 ] } },
{ "type": "Feature", "properties": { "latitude": 40.841278, "longitude": -73.86359, "collision_count": 68 }, "geometry": { "type": "Point", "coordinates": [ -73.86359, 40.841278 ] } },
{ "type": "Feature", "properties": { "latitude": 40.58124, "longitude": -74.09845, "collision_count": 68 }, "geometry": { "type": "Point", "coordinates": [ -74.09845, 40.58124 ] } },
{ "type": "Feature", "properties": { "latitude": 40.766351, "longitude": -73.890922, "collision_count": 68 }, "geometry": { "type": "Point", "coordinates": [ -73.890922, 40.766351 ] } },
{ "type": "Feature", "properties": { "latitude": 40.57969, "longitude": -74.100392, "collision_count": 68 }, "geometry": { "type": "Point", "coordinates": [ -74.100392, 40.57969 ] } },
{ "type": "Feature", "properties": { "latitude": 40.758963, "longitude": -73.829841, "collision_count": 68 }, "geometry": { "type": "Point", "coordinates": [ -73.829841, 40.758963 ] } },
{ "type": "Feature", "properties": { "latitude": 40.731964, "longitude": -73.988154, "collision_count": 68 }, "geometry": { "type": "Point", "coordinates": [ -73.988154, 40.731964 ] } },
{ "type": "Feature", "properties": { "latitude": 40.717381, "longitude": -73.991303, "collision_count": 68 }, "geometry": { "type": "Point", "coordinates": [ -73.991303, 40.717381 ] } },
{ "type": "Feature", "properties": { "latitude": 40.77428, "longitude": -73.957306, "collision_count": 68 }, "geometry": { "type": "Point", "coordinates": [ -73.957306, 40.77428 ] } },
{ "type": "Feature", "properties": { "latitude": 40.692722, "longitude": -73.72673, "collision_count": 68 }, "geometry": { "type": "Point", "coordinates": [ -73.72673, 40.692722 ] } },
{ "type": "Feature", "properties": { "latitude": 40.67221, "longitude": -73.92802, "collision_count": 68 }, "geometry": { "type": "Point", "coordinates": [ -73.92802, 40.67221 ] } },
{ "type": "Feature", "properties": { "latitude": 40.747692, "longitude": -73.89381, "collision_count": 68 }, "geometry": { "type": "Point", "coordinates": [ -73.89381, 40.747692 ] } },
{ "type": "Feature", "properties": { "latitude": 40.723835, "longitude": -73.97357, "collision_count": 68 }, "geometry": { "type": "Point", "coordinates": [ -73.97357, 40.723835 ] } },
{ "type": "Feature", "properties": { "latitude": 40.86241, "longitude": -73.9225, "collision_count": 68 }, "geometry": { "type": "Point", "coordinates": [ -73.9225, 40.86241 ] } },
{ "type": "Feature", "properties": { "latitude": 40.618603, "longitude": -73.93247, "collision_count": 68 }, "geometry": { "type": "Point", "coordinates": [ -73.93247, 40.618603 ] } },
{ "type": "Feature", "properties": { "latitude": 40.831333, "longitude": -73.92167, "collision_count": 68 }, "geometry": { "type": "Point", "coordinates": [ -73.92167, 40.831333 ] } },
{ "type": "Feature", "properties": { "latitude": 40.75024, "longitude": -73.998604, "collision_count": 68 }, "geometry": { "type": "Point", "coordinates": [ -73.998604, 40.75024 ] } },
{ "type": "Feature", "properties": { "latitude": 40.60069, "longitude": -74.010056, "collision_count": 68 }, "geometry": { "type": "Point", "coordinates": [ -74.010056, 40.60069 ] } },
{ "type": "Feature", "properties": { "latitude": 40.70001, "longitude": -73.830894, "collision_count": 68 }, "geometry": { "type": "Point", "coordinates": [ -73.830894, 40.70001 ] } },
{ "type": "Feature", "properties": { "latitude": 40.834415, "longitude": -73.92854, "collision_count": 68 }, "geometry": { "type": "Point", "coordinates": [ -73.92854, 40.834415 ] } },
{ "type": "Feature", "properties": { "latitude": 40.650948, "longitude": -73.94668, "collision_count": 68 }, "geometry": { "type": "Point", "coordinates": [ -73.94668, 40.650948 ] } },
{ "type": "Feature", "properties": { "latitude": 40.799985, "longitude": -73.944847, "collision_count": 68 }, "geometry": { "type": "Point", "coordinates": [ -73.944847, 40.799985 ] } },
{ "type": "Feature", "properties": { "latitude": 40.839985, "longitude": -73.877426, "collision_count": 68 }, "geometry": { "type": "Point", "coordinates": [ -73.877426, 40.839985 ] } },
{ "type": "Feature", "properties": { "latitude": 40.646515, "longitude": -73.958115, "collision_count": 68 }, "geometry": { "type": "Point", "coordinates": [ -73.958115, 40.646515 ] } },
{ "type": "Feature", "properties": { "latitude": 40.79094, "longitude": -73.947235, "collision_count": 68 }, "geometry": { "type": "Point", "coordinates": [ -73.947235, 40.79094 ] } },
{ "type": "Feature", "properties": { "latitude": 40.74955, "longitude": -74.00654, "collision_count": 68 }, "geometry": { "type": "Point", "coordinates": [ -74.00654, 40.74955 ] } },
{ "type": "Feature", "properties": { "latitude": 40.769886, "longitude": -73.92781, "collision_count": 68 }, "geometry": { "type": "Point", "coordinates": [ -73.92781, 40.769886 ] } },
{ "type": "Feature", "properties": { "latitude": 40.5792, "longitude": -73.981939, "collision_count": 68 }, "geometry": { "type": "Point", "coordinates": [ -73.981939, 40.5792 ] } },
{ "type": "Feature", "properties": { "latitude": 40.638542, "longitude": -73.92604, "collision_count": 68 }, "geometry": { "type": "Point", "coordinates": [ -73.92604, 40.638542 ] } },
{ "type": "Feature", "properties": { "latitude": 40.859607, "longitude": -73.907775, "collision_count": 68 }, "geometry": { "type": "Point", "coordinates": [ -73.907775, 40.859607 ] } },
{ "type": "Feature", "properties": { "latitude": 40.71302, "longitude": -73.994459, "collision_count": 68 }, "geometry": { "type": "Point", "coordinates": [ -73.994459, 40.71302 ] } },
{ "type": "Feature", "properties": { "latitude": 40.86235, "longitude": -73.894066, "collision_count": 68 }, "geometry": { "type": "Point", "coordinates": [ -73.894066, 40.86235 ] } },
{ "type": "Feature", "properties": { "latitude": 40.64953, "longitude": -73.91633, "collision_count": 68 }, "geometry": { "type": "Point", "coordinates": [ -73.91633, 40.64953 ] } },
{ "type": "Feature", "properties": { "latitude": 40.771286, "longitude": -73.9467, "collision_count": 68 }, "geometry": { "type": "Point", "coordinates": [ -73.9467, 40.771286 ] } },
{ "type": "Feature", "properties": { "latitude": 40.76399, "longitude": -73.958786, "collision_count": 68 }, "geometry": { "type": "Point", "coordinates": [ -73.958786, 40.76399 ] } },
{ "type": "Feature", "properties": { "latitude": 40.71829, "longitude": -73.987434, "collision_count": 68 }, "geometry": { "type": "Point", "coordinates": [ -73.987434, 40.71829 ] } },
{ "type": "Feature", "properties": { "latitude": 40.752598, "longitude": -73.96702, "collision_count": 68 }, "geometry": { "type": "Point", "coordinates": [ -73.96702, 40.752598 ] } },
{ "type": "Feature", "properties": { "latitude": 40.84215, "longitude": -73.94228, "collision_count": 68 }, "geometry": { "type": "Point", "coordinates": [ -73.94228, 40.84215 ] } },
{ "type": "Feature", "properties": { "latitude": 40.695957, "longitude": -73.742735, "collision_count": 68 }, "geometry": { "type": "Point", "coordinates": [ -73.742735, 40.695957 ] } },
{ "type": "Feature", "properties": { "latitude": 40.85396, "longitude": -73.90944, "collision_count": 68 }, "geometry": { "type": "Point", "coordinates": [ -73.90944, 40.85396 ] } },
{ "type": "Feature", "properties": { "latitude": 40.765014, "longitude": -73.887091, "collision_count": 68 }, "geometry": { "type": "Point", "coordinates": [ -73.887091, 40.765014 ] } },
{ "type": "Feature", "properties": { "latitude": 40.659172, "longitude": -73.839874, "collision_count": 68 }, "geometry": { "type": "Point", "coordinates": [ -73.839874, 40.659172 ] } },
{ "type": "Feature", "properties": { "latitude": 40.789386, "longitude": -73.782317, "collision_count": 68 }, "geometry": { "type": "Point", "coordinates": [ -73.782317, 40.789386 ] } },
{ "type": "Feature", "properties": { "latitude": 40.713394, "longitude": -73.85956, "collision_count": 68 }, "geometry": { "type": "Point", "coordinates": [ -73.85956, 40.713394 ] } },
{ "type": "Feature", "properties": { "latitude": 40.622955, "longitude": -73.93723, "collision_count": 68 }, "geometry": { "type": "Point", "coordinates": [ -73.93723, 40.622955 ] } },
{ "type": "Feature", "properties": { "latitude": 40.705426, "longitude": -73.782567, "collision_count": 68 }, "geometry": { "type": "Point", "coordinates": [ -73.782567, 40.705426 ] } },
{ "type": "Feature", "properties": { "latitude": 40.747276, "longitude": -73.989624, "collision_count": 68 }, "geometry": { "type": "Point", "coordinates": [ -73.989624, 40.747276 ] } },
{ "type": "Feature", "properties": { "latitude": 40.74409, "longitude": -73.97636, "collision_count": 68 }, "geometry": { "type": "Point", "coordinates": [ -73.97636, 40.74409 ] } },
{ "type": "Feature", "properties": { "latitude": 40.674313, "longitude": -73.95009, "collision_count": 68 }, "geometry": { "type": "Point", "coordinates": [ -73.95009, 40.674313 ] } },
{ "type": "Feature", "properties": { "latitude": 40.74273, "longitude": -73.91499, "collision_count": 68 }, "geometry": { "type": "Point", "coordinates": [ -73.91499, 40.74273 ] } },
{ "type": "Feature", "properties": { "latitude": 40.778476, "longitude": -73.985449, "collision_count": 68 }, "geometry": { "type": "Point", "coordinates": [ -73.985449, 40.778476 ] } },
{ "type": "Feature", "properties": { "latitude": 40.765139, "longitude": -73.819436, "collision_count": 68 }, "geometry": { "type": "Point", "coordinates": [ -73.819436, 40.765139 ] } },
{ "type": "Feature", "properties": { "latitude": 40.771023, "longitude": -73.95365, "collision_count": 68 }, "geometry": { "type": "Point", "coordinates": [ -73.95365, 40.771023 ] } },
{ "type": "Feature", "properties": { "latitude": 40.74356, "longitude": -73.96155, "collision_count": 68 }, "geometry": { "type": "Point", "coordinates": [ -73.96155, 40.74356 ] } },
{ "type": "Feature", "properties": { "latitude": 40.67753, "longitude": -73.73085, "collision_count": 68 }, "geometry": { "type": "Point", "coordinates": [ -73.73085, 40.67753 ] } },
{ "type": "Feature", "properties": { "latitude": 40.74913, "longitude": -73.988238, "collision_count": 68 }, "geometry": { "type": "Point", "coordinates": [ -73.988238, 40.74913 ] } },
{ "type": "Feature", "properties": { "latitude": 40.685924, "longitude": -73.846917, "collision_count": 68 }, "geometry": { "type": "Point", "coordinates": [ -73.846917, 40.685924 ] } },
{ "type": "Feature", "properties": { "latitude": 40.817844, "longitude": -73.94185, "collision_count": 68 }, "geometry": { "type": "Point", "coordinates": [ -73.94185, 40.817844 ] } },
{ "type": "Feature", "properties": { "latitude": 40.75613, "longitude": -73.96761, "collision_count": 68 }, "geometry": { "type": "Point", "coordinates": [ -73.96761, 40.75613 ] } },
{ "type": "Feature", "properties": { "latitude": 40.667077, "longitude": -73.78265, "collision_count": 68 }, "geometry": { "type": "Point", "coordinates": [ -73.78265, 40.667077 ] } },
{ "type": "Feature", "properties": { "latitude": 40.607257, "longitude": -73.967274, "collision_count": 68 }, "geometry": { "type": "Point", "coordinates": [ -73.967274, 40.607257 ] } },
{ "type": "Feature", "properties": { "latitude": 40.675463, "longitude": -73.73384, "collision_count": 68 }, "geometry": { "type": "Point", "coordinates": [ -73.73384, 40.675463 ] } },
{ "type": "Feature", "properties": { "latitude": 40.84932, "longitude": -73.93374, "collision_count": 68 }, "geometry": { "type": "Point", "coordinates": [ -73.93374, 40.84932 ] } },
{ "type": "Feature", "properties": { "latitude": 40.835884, "longitude": -73.88341, "collision_count": 68 }, "geometry": { "type": "Point", "coordinates": [ -73.88341, 40.835884 ] } },
{ "type": "Feature", "properties": { "latitude": 40.743263, "longitude": -73.91964, "collision_count": 68 }, "geometry": { "type": "Point", "coordinates": [ -73.91964, 40.743263 ] } },
{ "type": "Feature", "properties": { "latitude": 40.81969, "longitude": -73.90161, "collision_count": 68 }, "geometry": { "type": "Point", "coordinates": [ -73.90161, 40.81969 ] } },
{ "type": "Feature", "properties": { "latitude": 40.57323, "longitude": -74.14702, "collision_count": 68 }, "geometry": { "type": "Point", "coordinates": [ -74.14702, 40.57323 ] } },
{ "type": "Feature", "properties": { "latitude": 40.839478, "longitude": -73.883896, "collision_count": 68 }, "geometry": { "type": "Point", "coordinates": [ -73.883896, 40.839478 ] } },
{ "type": "Feature", "properties": { "latitude": 40.876023, "longitude": -73.833859, "collision_count": 68 }, "geometry": { "type": "Point", "coordinates": [ -73.833859, 40.876023 ] } },
{ "type": "Feature", "properties": { "latitude": 40.744442, "longitude": -73.979065, "collision_count": 68 }, "geometry": { "type": "Point", "coordinates": [ -73.979065, 40.744442 ] } },
{ "type": "Feature", "properties": { "latitude": 40.720436, "longitude": -74.00671, "collision_count": 68 }, "geometry": { "type": "Point", "coordinates": [ -74.00671, 40.720436 ] } },
{ "type": "Feature", "properties": { "latitude": 40.710957, "longitude": -73.951117, "collision_count": 68 }, "geometry": { "type": "Point", "coordinates": [ -73.951117, 40.710957 ] } },
{ "type": "Feature", "properties": { "latitude": 40.85876, "longitude": -73.89736, "collision_count": 68 }, "geometry": { "type": "Point", "coordinates": [ -73.89736, 40.85876 ] } },
{ "type": "Feature", "properties": { "latitude": 40.764162, "longitude": -73.96889, "collision_count": 68 }, "geometry": { "type": "Point", "coordinates": [ -73.96889, 40.764162 ] } },
{ "type": "Feature", "properties": { "latitude": 40.739523, "longitude": -73.98685, "collision_count": 68 }, "geometry": { "type": "Point", "coordinates": [ -73.98685, 40.739523 ] } },
{ "type": "Feature", "properties": { "latitude": 40.628643, "longitude": -74.005926, "collision_count": 68 }, "geometry": { "type": "Point", "coordinates": [ -74.005926, 40.628643 ] } },
{ "type": "Feature", "properties": { "latitude": 40.627822, "longitude": -74.121258, "collision_count": 68 }, "geometry": { "type": "Point", "coordinates": [ -74.121258, 40.627822 ] } },
{ "type": "Feature", "properties": { "latitude": 40.820972, "longitude": -73.892845, "collision_count": 68 }, "geometry": { "type": "Point", "coordinates": [ -73.892845, 40.820972 ] } },
{ "type": "Feature", "properties": { "latitude": 40.715076, "longitude": -73.95189, "collision_count": 68 }, "geometry": { "type": "Point", "coordinates": [ -73.95189, 40.715076 ] } },
{ "type": "Feature", "properties": { "latitude": 40.780693, "longitude": -73.9466, "collision_count": 68 }, "geometry": { "type": "Point", "coordinates": [ -73.9466, 40.780693 ] } },
{ "type": "Feature", "properties": { "latitude": 40.676393, "longitude": -73.971887, "collision_count": 68 }, "geometry": { "type": "Point", "coordinates": [ -73.971887, 40.676393 ] } },
{ "type": "Feature", "properties": { "latitude": 40.88465, "longitude": -73.826612, "collision_count": 68 }, "geometry": { "type": "Point", "coordinates": [ -73.826612, 40.88465 ] } },
{ "type": "Feature", "properties": { "latitude": 40.666946, "longitude": -73.79712, "collision_count": 68 }, "geometry": { "type": "Point", "coordinates": [ -73.79712, 40.666946 ] } },
{ "type": "Feature", "properties": { "latitude": 40.737546, "longitude": -73.984083, "collision_count": 68 }, "geometry": { "type": "Point", "coordinates": [ -73.984083, 40.737546 ] } },
{ "type": "Feature", "properties": { "latitude": 40.72247, "longitude": -73.987144, "collision_count": 68 }, "geometry": { "type": "Point", "coordinates": [ -73.987144, 40.72247 ] } },
{ "type": "Feature", "properties": { "latitude": 40.74733, "longitude": -73.755806, "collision_count": 68 }, "geometry": { "type": "Point", "coordinates": [ -73.755806, 40.74733 ] } },
{ "type": "Feature", "properties": { "latitude": 40.666706, "longitude": -73.871826, "collision_count": 68 }, "geometry": { "type": "Point", "coordinates": [ -73.871826, 40.666706 ] } },
{ "type": "Feature", "properties": { "latitude": 40.881687, "longitude": -73.902823, "collision_count": 68 }, "geometry": { "type": "Point", "coordinates": [ -73.902823, 40.881687 ] } },
{ "type": "Feature", "properties": { "latitude": 40.77437, "longitude": -73.963554, "collision_count": 68 }, "geometry": { "type": "Point", "coordinates": [ -73.963554, 40.77437 ] } },
{ "type": "Feature", "properties": { "latitude": 40.758026, "longitude": -73.85776, "collision_count": 67 }, "geometry": { "type": "Point", "coordinates": [ -73.85776, 40.758026 ] } },
{ "type": "Feature", "properties": { "latitude": 40.719135, "longitude": -73.78949, "collision_count": 67 }, "geometry": { "type": "Point", "coordinates": [ -73.78949, 40.719135 ] } },
{ "type": "Feature", "properties": { "latitude": 40.871117, "longitude": -73.87683, "collision_count": 67 }, "geometry": { "type": "Point", "coordinates": [ -73.87683, 40.871117 ] } },
{ "type": "Feature", "properties": { "latitude": 40.767174, "longitude": -73.93765, "collision_count": 67 }, "geometry": { "type": "Point", "coordinates": [ -73.93765, 40.767174 ] } },
{ "type": "Feature", "properties": { "latitude": 40.64511, "longitude": -73.874886, "collision_count": 67 }, "geometry": { "type": "Point", "coordinates": [ -73.874886, 40.64511 ] } },
{ "type": "Feature", "properties": { "latitude": 40.753468, "longitude": -73.91355, "collision_count": 67 }, "geometry": { "type": "Point", "coordinates": [ -73.91355, 40.753468 ] } },
{ "type": "Feature", "properties": { "latitude": 40.6828, "longitude": -73.90638, "collision_count": 67 }, "geometry": { "type": "Point", "coordinates": [ -73.90638, 40.6828 ] } },
{ "type": "Feature", "properties": { "latitude": 40.75786, "longitude": -73.9756, "collision_count": 67 }, "geometry": { "type": "Point", "coordinates": [ -73.9756, 40.75786 ] } },
{ "type": "Feature", "properties": { "latitude": 40.754616, "longitude": -73.997116, "collision_count": 67 }, "geometry": { "type": "Point", "coordinates": [ -73.997116, 40.754616 ] } },
{ "type": "Feature", "properties": { "latitude": 40.646628, "longitude": -73.903983, "collision_count": 67 }, "geometry": { "type": "Point", "coordinates": [ -73.903983, 40.646628 ] } },
{ "type": "Feature", "properties": { "latitude": 40.663903, "longitude": -73.939927, "collision_count": 67 }, "geometry": { "type": "Point", "coordinates": [ -73.939927, 40.663903 ] } },
{ "type": "Feature", "properties": { "latitude": 40.6742, "longitude": -73.99984, "collision_count": 67 }, "geometry": { "type": "Point", "coordinates": [ -73.99984, 40.6742 ] } },
{ "type": "Feature", "properties": { "latitude": 40.762234, "longitude": -73.98987, "collision_count": 67 }, "geometry": { "type": "Point", "coordinates": [ -73.98987, 40.762234 ] } },
{ "type": "Feature", "properties": { "latitude": 40.67551, "longitude": -74.000741, "collision_count": 67 }, "geometry": { "type": "Point", "coordinates": [ -74.000741, 40.67551 ] } },
{ "type": "Feature", "properties": { "latitude": 40.79157, "longitude": -73.944677, "collision_count": 67 }, "geometry": { "type": "Point", "coordinates": [ -73.944677, 40.79157 ] } },
{ "type": "Feature", "properties": { "latitude": 40.741547, "longitude": -73.98958, "collision_count": 67 }, "geometry": { "type": "Point", "coordinates": [ -73.98958, 40.741547 ] } },
{ "type": "Feature", "properties": { "latitude": 40.77468, "longitude": -73.9822, "collision_count": 67 }, "geometry": { "type": "Point", "coordinates": [ -73.9822, 40.77468 ] } },
{ "type": "Feature", "properties": { "latitude": 40.753838, "longitude": -73.805824, "collision_count": 67 }, "geometry": { "type": "Point", "coordinates": [ -73.805824, 40.753838 ] } },
{ "type": "Feature", "properties": { "latitude": 40.731705, "longitude": -74.00096, "collision_count": 67 }, "geometry": { "type": "Point", "coordinates": [ -74.00096, 40.731705 ] } },
{ "type": "Feature", "properties": { "latitude": 40.721985, "longitude": -73.84523, "collision_count": 67 }, "geometry": { "type": "Point", "coordinates": [ -73.84523, 40.721985 ] } },
{ "type": "Feature", "properties": { "latitude": 40.743374, "longitude": -73.92056, "collision_count": 67 }, "geometry": { "type": "Point", "coordinates": [ -73.92056, 40.743374 ] } },
{ "type": "Feature", "properties": { "latitude": 40.69268, "longitude": -73.93998, "collision_count": 67 }, "geometry": { "type": "Point", "coordinates": [ -73.93998, 40.69268 ] } },
{ "type": "Feature", "properties": { "latitude": 40.749897, "longitude": -73.93782, "collision_count": 67 }, "geometry": { "type": "Point", "coordinates": [ -73.93782, 40.749897 ] } },
{ "type": "Feature", "properties": { "latitude": 40.8651, "longitude": -73.92189, "collision_count": 67 }, "geometry": { "type": "Point", "coordinates": [ -73.92189, 40.8651 ] } },
{ "type": "Feature", "properties": { "latitude": 40.69529, "longitude": -73.94339, "collision_count": 67 }, "geometry": { "type": "Point", "coordinates": [ -73.94339, 40.69529 ] } },
{ "type": "Feature", "properties": { "latitude": 40.831974, "longitude": -73.9235, "collision_count": 67 }, "geometry": { "type": "Point", "coordinates": [ -73.9235, 40.831974 ] } },
{ "type": "Feature", "properties": { "latitude": 40.75514, "longitude": -73.92213, "collision_count": 67 }, "geometry": { "type": "Point", "coordinates": [ -73.92213, 40.75514 ] } },
{ "type": "Feature", "properties": { "latitude": 40.743195, "longitude": -73.93673, "collision_count": 67 }, "geometry": { "type": "Point", "coordinates": [ -73.93673, 40.743195 ] } },
{ "type": "Feature", "properties": { "latitude": 40.86052, "longitude": -73.89257, "collision_count": 67 }, "geometry": { "type": "Point", "coordinates": [ -73.89257, 40.86052 ] } },
{ "type": "Feature", "properties": { "latitude": 40.724159, "longitude": -73.754968, "collision_count": 67 }, "geometry": { "type": "Point", "coordinates": [ -73.754968, 40.724159 ] } },
{ "type": "Feature", "properties": { "latitude": 40.67581, "longitude": -73.739555, "collision_count": 67 }, "geometry": { "type": "Point", "coordinates": [ -73.739555, 40.67581 ] } },
{ "type": "Feature", "properties": { "latitude": 40.696169, "longitude": -73.804491, "collision_count": 67 }, "geometry": { "type": "Point", "coordinates": [ -73.804491, 40.696169 ] } },
{ "type": "Feature", "properties": { "latitude": 40.65418, "longitude": -73.91068, "collision_count": 67 }, "geometry": { "type": "Point", "coordinates": [ -73.91068, 40.65418 ] } },
{ "type": "Feature", "properties": { "latitude": 40.733966, "longitude": -73.872025, "collision_count": 67 }, "geometry": { "type": "Point", "coordinates": [ -73.872025, 40.733966 ] } },
{ "type": "Feature", "properties": { "latitude": 40.708805, "longitude": -73.92577, "collision_count": 67 }, "geometry": { "type": "Point", "coordinates": [ -73.92577, 40.708805 ] } },
{ "type": "Feature", "properties": { "latitude": 40.65812, "longitude": -73.934006, "collision_count": 67 }, "geometry": { "type": "Point", "coordinates": [ -73.934006, 40.65812 ] } },
{ "type": "Feature", "properties": { "latitude": 40.75217, "longitude": -73.97778, "collision_count": 67 }, "geometry": { "type": "Point", "coordinates": [ -73.97778, 40.75217 ] } },
{ "type": "Feature", "properties": { "latitude": 40.756767, "longitude": -73.98272, "collision_count": 67 }, "geometry": { "type": "Point", "coordinates": [ -73.98272, 40.756767 ] } },
{ "type": "Feature", "properties": { "latitude": 40.697204, "longitude": -73.952923, "collision_count": 67 }, "geometry": { "type": "Point", "coordinates": [ -73.952923, 40.697204 ] } },
{ "type": "Feature", "properties": { "latitude": 40.729552, "longitude": -73.989901, "collision_count": 67 }, "geometry": { "type": "Point", "coordinates": [ -73.989901, 40.729552 ] } },
{ "type": "Feature", "properties": { "latitude": 40.76948, "longitude": -73.95787, "collision_count": 67 }, "geometry": { "type": "Point", "coordinates": [ -73.95787, 40.76948 ] } },
{ "type": "Feature", "properties": { "latitude": 40.727095, "longitude": -73.991554, "collision_count": 67 }, "geometry": { "type": "Point", "coordinates": [ -73.991554, 40.727095 ] } },
{ "type": "Feature", "properties": { "latitude": 40.864403, "longitude": -73.923775, "collision_count": 67 }, "geometry": { "type": "Point", "coordinates": [ -73.923775, 40.864403 ] } },
{ "type": "Feature", "properties": { "latitude": 40.71787, "longitude": -73.997107, "collision_count": 67 }, "geometry": { "type": "Point", "coordinates": [ -73.997107, 40.71787 ] } },
{ "type": "Feature", "properties": { "latitude": 40.768881, "longitude": -73.908515, "collision_count": 67 }, "geometry": { "type": "Point", "coordinates": [ -73.908515, 40.768881 ] } },
{ "type": "Feature", "properties": { "latitude": 40.675404, "longitude": -73.87192, "collision_count": 67 }, "geometry": { "type": "Point", "coordinates": [ -73.87192, 40.675404 ] } },
{ "type": "Feature", "properties": { "latitude": 40.715144, "longitude": -73.749356, "collision_count": 67 }, "geometry": { "type": "Point", "coordinates": [ -73.749356, 40.715144 ] } },
{ "type": "Feature", "properties": { "latitude": 40.714066, "longitude": -73.949373, "collision_count": 67 }, "geometry": { "type": "Point", "coordinates": [ -73.949373, 40.714066 ] } },
{ "type": "Feature", "properties": { "latitude": 40.61018, "longitude": -74.03548, "collision_count": 67 }, "geometry": { "type": "Point", "coordinates": [ -74.03548, 40.61018 ] } },
{ "type": "Feature", "properties": { "latitude": 40.676872, "longitude": -73.94985, "collision_count": 67 }, "geometry": { "type": "Point", "coordinates": [ -73.94985, 40.676872 ] } },
{ "type": "Feature", "properties": { "latitude": 40.642689, "longitude": -73.957635, "collision_count": 67 }, "geometry": { "type": "Point", "coordinates": [ -73.957635, 40.642689 ] } },
{ "type": "Feature", "properties": { "latitude": 40.82692, "longitude": -73.87199, "collision_count": 67 }, "geometry": { "type": "Point", "coordinates": [ -73.87199, 40.82692 ] } },
{ "type": "Feature", "properties": { "latitude": 40.734837, "longitude": -73.983113, "collision_count": 67 }, "geometry": { "type": "Point", "coordinates": [ -73.983113, 40.734837 ] } },
{ "type": "Feature", "properties": { "latitude": 40.83562, "longitude": -73.927864, "collision_count": 67 }, "geometry": { "type": "Point", "coordinates": [ -73.927864, 40.83562 ] } },
{ "type": "Feature", "properties": { "latitude": 40.732346, "longitude": -73.98495, "collision_count": 67 }, "geometry": { "type": "Point", "coordinates": [ -73.98495, 40.732346 ] } },
{ "type": "Feature", "properties": { "latitude": 40.804066, "longitude": -73.932663, "collision_count": 67 }, "geometry": { "type": "Point", "coordinates": [ -73.932663, 40.804066 ] } },
{ "type": "Feature", "properties": { "latitude": 40.59616, "longitude": -73.961028, "collision_count": 67 }, "geometry": { "type": "Point", "coordinates": [ -73.961028, 40.59616 ] } },
{ "type": "Feature", "properties": { "latitude": 40.643204, "longitude": -73.90929, "collision_count": 67 }, "geometry": { "type": "Point", "coordinates": [ -73.90929, 40.643204 ] } },
{ "type": "Feature", "properties": { "latitude": 40.655594, "longitude": -73.94717, "collision_count": 67 }, "geometry": { "type": "Point", "coordinates": [ -73.94717, 40.655594 ] } },
{ "type": "Feature", "properties": { "latitude": 40.68297, "longitude": -73.97667, "collision_count": 67 }, "geometry": { "type": "Point", "coordinates": [ -73.97667, 40.68297 ] } },
{ "type": "Feature", "properties": { "latitude": 40.763416, "longitude": -73.92844, "collision_count": 67 }, "geometry": { "type": "Point", "coordinates": [ -73.92844, 40.763416 ] } },
{ "type": "Feature", "properties": { "latitude": 40.67911, "longitude": -73.880613, "collision_count": 67 }, "geometry": { "type": "Point", "coordinates": [ -73.880613, 40.67911 ] } },
{ "type": "Feature", "properties": { "latitude": 40.770752, "longitude": -73.95695, "collision_count": 67 }, "geometry": { "type": "Point", "coordinates": [ -73.95695, 40.770752 ] } },
{ "type": "Feature", "properties": { "latitude": 40.792363, "longitude": -73.964174, "collision_count": 67 }, "geometry": { "type": "Point", "coordinates": [ -73.964174, 40.792363 ] } },
{ "type": "Feature", "properties": { "latitude": 40.585935, "longitude": -73.951889, "collision_count": 67 }, "geometry": { "type": "Point", "coordinates": [ -73.951889, 40.585935 ] } },
{ "type": "Feature", "properties": { "latitude": 40.76417, "longitude": -73.83967, "collision_count": 67 }, "geometry": { "type": "Point", "coordinates": [ -73.83967, 40.76417 ] } },
{ "type": "Feature", "properties": { "latitude": 40.755222, "longitude": -73.96135, "collision_count": 67 }, "geometry": { "type": "Point", "coordinates": [ -73.96135, 40.755222 ] } },
{ "type": "Feature", "properties": { "latitude": 40.655422, "longitude": -73.95007, "collision_count": 67 }, "geometry": { "type": "Point", "coordinates": [ -73.95007, 40.655422 ] } },
{ "type": "Feature", "properties": { "latitude": 40.666297, "longitude": -73.894438, "collision_count": 67 }, "geometry": { "type": "Point", "coordinates": [ -73.894438, 40.666297 ] } },
{ "type": "Feature", "properties": { "latitude": 40.78722, "longitude": -73.952065, "collision_count": 67 }, "geometry": { "type": "Point", "coordinates": [ -73.952065, 40.78722 ] } },
{ "type": "Feature", "properties": { "latitude": 40.713985, "longitude": -73.738116, "collision_count": 67 }, "geometry": { "type": "Point", "coordinates": [ -73.738116, 40.713985 ] } },
{ "type": "Feature", "properties": { "latitude": 40.872316, "longitude": -73.912736, "collision_count": 67 }, "geometry": { "type": "Point", "coordinates": [ -73.912736, 40.872316 ] } },
{ "type": "Feature", "properties": { "latitude": 40.745416, "longitude": -74.008199, "collision_count": 67 }, "geometry": { "type": "Point", "coordinates": [ -74.008199, 40.745416 ] } },
{ "type": "Feature", "properties": { "latitude": 40.894054, "longitude": -73.86248, "collision_count": 67 }, "geometry": { "type": "Point", "coordinates": [ -73.86248, 40.894054 ] } },
{ "type": "Feature", "properties": { "latitude": 40.742226, "longitude": -73.99702, "collision_count": 67 }, "geometry": { "type": "Point", "coordinates": [ -73.99702, 40.742226 ] } },
{ "type": "Feature", "properties": { "latitude": 40.75457, "longitude": -73.971677, "collision_count": 67 }, "geometry": { "type": "Point", "coordinates": [ -73.971677, 40.75457 ] } },
{ "type": "Feature", "properties": { "latitude": 40.641945, "longitude": -73.916626, "collision_count": 67 }, "geometry": { "type": "Point", "coordinates": [ -73.916626, 40.641945 ] } },
{ "type": "Feature", "properties": { "latitude": 40.737918, "longitude": -73.992224, "collision_count": 67 }, "geometry": { "type": "Point", "coordinates": [ -73.992224, 40.737918 ] } },
{ "type": "Feature", "properties": { "latitude": 40.7448, "longitude": -73.991425, "collision_count": 67 }, "geometry": { "type": "Point", "coordinates": [ -73.991425, 40.7448 ] } },
{ "type": "Feature", "properties": { "latitude": 40.718006, "longitude": -73.9866, "collision_count": 67 }, "geometry": { "type": "Point", "coordinates": [ -73.9866, 40.718006 ] } },
{ "type": "Feature", "properties": { "latitude": 40.59423, "longitude": -73.908325, "collision_count": 67 }, "geometry": { "type": "Point", "coordinates": [ -73.908325, 40.59423 ] } },
{ "type": "Feature", "properties": { "latitude": 40.731659, "longitude": -73.985445, "collision_count": 67 }, "geometry": { "type": "Point", "coordinates": [ -73.985445, 40.731659 ] } },
{ "type": "Feature", "properties": { "latitude": 40.721462, "longitude": -73.804529, "collision_count": 67 }, "geometry": { "type": "Point", "coordinates": [ -73.804529, 40.721462 ] } },
{ "type": "Feature", "properties": { "latitude": 40.862581, "longitude": -73.925374, "collision_count": 67 }, "geometry": { "type": "Point", "coordinates": [ -73.925374, 40.862581 ] } },
{ "type": "Feature", "properties": { "latitude": 40.734261, "longitude": -73.98355, "collision_count": 67 }, "geometry": { "type": "Point", "coordinates": [ -73.98355, 40.734261 ] } },
{ "type": "Feature", "properties": { "latitude": 40.556923, "longitude": -74.17485, "collision_count": 67 }, "geometry": { "type": "Point", "coordinates": [ -74.17485, 40.556923 ] } },
{ "type": "Feature", "properties": { "latitude": 40.722572, "longitude": -73.851364, "collision_count": 67 }, "geometry": { "type": "Point", "coordinates": [ -73.851364, 40.722572 ] } },
{ "type": "Feature", "properties": { "latitude": 40.647243, "longitude": -73.96048, "collision_count": 67 }, "geometry": { "type": "Point", "coordinates": [ -73.96048, 40.647243 ] } },
{ "type": "Feature", "properties": { "latitude": 40.792263, "longitude": -73.79332, "collision_count": 67 }, "geometry": { "type": "Point", "coordinates": [ -73.79332, 40.792263 ] } },
{ "type": "Feature", "properties": { "latitude": 40.71235, "longitude": -73.89129, "collision_count": 67 }, "geometry": { "type": "Point", "coordinates": [ -73.89129, 40.71235 ] } },
{ "type": "Feature", "properties": { "latitude": 40.6742, "longitude": -73.999985, "collision_count": 67 }, "geometry": { "type": "Point", "coordinates": [ -73.999985, 40.6742 ] } },
{ "type": "Feature", "properties": { "latitude": 40.77012, "longitude": -73.957403, "collision_count": 67 }, "geometry": { "type": "Point", "coordinates": [ -73.957403, 40.77012 ] } },
{ "type": "Feature", "properties": { "latitude": 40.771394, "longitude": -73.982158, "collision_count": 67 }, "geometry": { "type": "Point", "coordinates": [ -73.982158, 40.771394 ] } },
{ "type": "Feature", "properties": { "latitude": 40.735988, "longitude": -73.989456, "collision_count": 67 }, "geometry": { "type": "Point", "coordinates": [ -73.989456, 40.735988 ] } },
{ "type": "Feature", "properties": { "latitude": 40.80322, "longitude": -73.95253, "collision_count": 67 }, "geometry": { "type": "Point", "coordinates": [ -73.95253, 40.80322 ] } },
{ "type": "Feature", "properties": { "latitude": 40.757725, "longitude": -73.779274, "collision_count": 67 }, "geometry": { "type": "Point", "coordinates": [ -73.779274, 40.757725 ] } },
{ "type": "Feature", "properties": { "latitude": 40.742839, "longitude": -74.000274, "collision_count": 67 }, "geometry": { "type": "Point", "coordinates": [ -74.000274, 40.742839 ] } },
{ "type": "Feature", "properties": { "latitude": 40.801801, "longitude": -73.961077, "collision_count": 67 }, "geometry": { "type": "Point", "coordinates": [ -73.961077, 40.801801 ] } },
{ "type": "Feature", "properties": { "latitude": 40.753082, "longitude": -73.72459, "collision_count": 67 }, "geometry": { "type": "Point", "coordinates": [ -73.72459, 40.753082 ] } },
{ "type": "Feature", "properties": { "latitude": 40.61242, "longitude": -74.09935, "collision_count": 67 }, "geometry": { "type": "Point", "coordinates": [ -74.09935, 40.61242 ] } },
{ "type": "Feature", "properties": { "latitude": 40.753722, "longitude": -73.832822, "collision_count": 67 }, "geometry": { "type": "Point", "coordinates": [ -73.832822, 40.753722 ] } },
{ "type": "Feature", "properties": { "latitude": 40.604803, "longitude": -73.966796, "collision_count": 67 }, "geometry": { "type": "Point", "coordinates": [ -73.966796, 40.604803 ] } },
{ "type": "Feature", "properties": { "latitude": 40.696117, "longitude": -73.970436, "collision_count": 67 }, "geometry": { "type": "Point", "coordinates": [ -73.970436, 40.696117 ] } },
{ "type": "Feature", "properties": { "latitude": 40.754131, "longitude": -73.988335, "collision_count": 67 }, "geometry": { "type": "Point", "coordinates": [ -73.988335, 40.754131 ] } },
{ "type": "Feature", "properties": { "latitude": 40.67452, "longitude": -73.80321, "collision_count": 67 }, "geometry": { "type": "Point", "coordinates": [ -73.80321, 40.67452 ] } },
{ "type": "Feature", "properties": { "latitude": 40.741028, "longitude": -73.99417, "collision_count": 66 }, "geometry": { "type": "Point", "coordinates": [ -73.99417, 40.741028 ] } },
{ "type": "Feature", "properties": { "latitude": 40.816319, "longitude": -73.896213, "collision_count": 66 }, "geometry": { "type": "Point", "coordinates": [ -73.896213, 40.816319 ] } },
{ "type": "Feature", "properties": { "latitude": 40.785805, "longitude": -73.942847, "collision_count": 66 }, "geometry": { "type": "Point", "coordinates": [ -73.942847, 40.785805 ] } },
{ "type": "Feature", "properties": { "latitude": 40.833558, "longitude": -73.857733, "collision_count": 66 }, "geometry": { "type": "Point", "coordinates": [ -73.857733, 40.833558 ] } },
{ "type": "Feature", "properties": { "latitude": 40.713715, "longitude": -73.99802, "collision_count": 66 }, "geometry": { "type": "Point", "coordinates": [ -73.99802, 40.713715 ] } },
{ "type": "Feature", "properties": { "latitude": 40.687945, "longitude": -73.981401, "collision_count": 66 }, "geometry": { "type": "Point", "coordinates": [ -73.981401, 40.687945 ] } },
{ "type": "Feature", "properties": { "latitude": 40.65114, "longitude": -73.89, "collision_count": 66 }, "geometry": { "type": "Point", "coordinates": [ -73.89, 40.65114 ] } },
{ "type": "Feature", "properties": { "latitude": 40.682265, "longitude": -73.845133, "collision_count": 66 }, "geometry": { "type": "Point", "coordinates": [ -73.845133, 40.682265 ] } },
{ "type": "Feature", "properties": { "latitude": 40.735313, "longitude": -73.994118, "collision_count": 66 }, "geometry": { "type": "Point", "coordinates": [ -73.994118, 40.735313 ] } },
{ "type": "Feature", "properties": { "latitude": 40.678787, "longitude": -73.84427, "collision_count": 66 }, "geometry": { "type": "Point", "coordinates": [ -73.84427, 40.678787 ] } },
{ "type": "Feature", "properties": { "latitude": 40.75906, "longitude": -73.97262, "collision_count": 66 }, "geometry": { "type": "Point", "coordinates": [ -73.97262, 40.75906 ] } },
{ "type": "Feature", "properties": { "latitude": 40.633564, "longitude": -74.01595, "collision_count": 66 }, "geometry": { "type": "Point", "coordinates": [ -74.01595, 40.633564 ] } },
{ "type": "Feature", "properties": { "latitude": 40.746813, "longitude": -74.007958, "collision_count": 66 }, "geometry": { "type": "Point", "coordinates": [ -74.007958, 40.746813 ] } },
{ "type": "Feature", "properties": { "latitude": 40.840226, "longitude": -73.917683, "collision_count": 66 }, "geometry": { "type": "Point", "coordinates": [ -73.917683, 40.840226 ] } },
{ "type": "Feature", "properties": { "latitude": 40.85914, "longitude": -73.81824, "collision_count": 66 }, "geometry": { "type": "Point", "coordinates": [ -73.81824, 40.85914 ] } },
{ "type": "Feature", "properties": { "latitude": 40.733762, "longitude": -73.937422, "collision_count": 66 }, "geometry": { "type": "Point", "coordinates": [ -73.937422, 40.733762 ] } },
{ "type": "Feature", "properties": { "latitude": 40.687557, "longitude": -73.93896, "collision_count": 66 }, "geometry": { "type": "Point", "coordinates": [ -73.93896, 40.687557 ] } },
{ "type": "Feature", "properties": { "latitude": 40.814632, "longitude": -73.9442, "collision_count": 66 }, "geometry": { "type": "Point", "coordinates": [ -73.9442, 40.814632 ] } },
{ "type": "Feature", "properties": { "latitude": 40.68888, "longitude": -73.960014, "collision_count": 66 }, "geometry": { "type": "Point", "coordinates": [ -73.960014, 40.68888 ] } },
{ "type": "Feature", "properties": { "latitude": 40.556924, "longitude": -74.174843, "collision_count": 66 }, "geometry": { "type": "Point", "coordinates": [ -74.174843, 40.556924 ] } },
{ "type": "Feature", "properties": { "latitude": 40.734135, "longitude": -73.86918, "collision_count": 66 }, "geometry": { "type": "Point", "coordinates": [ -73.86918, 40.734135 ] } },
{ "type": "Feature", "properties": { "latitude": 40.74406, "longitude": -74.00682, "collision_count": 66 }, "geometry": { "type": "Point", "coordinates": [ -74.00682, 40.74406 ] } },
{ "type": "Feature", "properties": { "latitude": 40.619545, "longitude": -73.91727, "collision_count": 66 }, "geometry": { "type": "Point", "coordinates": [ -73.91727, 40.619545 ] } },
{ "type": "Feature", "properties": { "latitude": 40.769993, "longitude": -73.915825, "collision_count": 66 }, "geometry": { "type": "Point", "coordinates": [ -73.915825, 40.769993 ] } },
{ "type": "Feature", "properties": { "latitude": 40.66755, "longitude": -73.773575, "collision_count": 66 }, "geometry": { "type": "Point", "coordinates": [ -73.773575, 40.66755 ] } },
{ "type": "Feature", "properties": { "latitude": 40.754876, "longitude": -73.968522, "collision_count": 66 }, "geometry": { "type": "Point", "coordinates": [ -73.968522, 40.754876 ] } },
{ "type": "Feature", "properties": { "latitude": 40.73828, "longitude": -73.80296, "collision_count": 66 }, "geometry": { "type": "Point", "coordinates": [ -73.80296, 40.73828 ] } },
{ "type": "Feature", "properties": { "latitude": 40.753166, "longitude": -73.82194, "collision_count": 66 }, "geometry": { "type": "Point", "coordinates": [ -73.82194, 40.753166 ] } },
{ "type": "Feature", "properties": { "latitude": 40.6722, "longitude": -73.734604, "collision_count": 66 }, "geometry": { "type": "Point", "coordinates": [ -73.734604, 40.6722 ] } },
{ "type": "Feature", "properties": { "latitude": 40.88814, "longitude": -73.89277, "collision_count": 66 }, "geometry": { "type": "Point", "coordinates": [ -73.89277, 40.88814 ] } },
{ "type": "Feature", "properties": { "latitude": 40.663222, "longitude": -73.89365, "collision_count": 66 }, "geometry": { "type": "Point", "coordinates": [ -73.89365, 40.663222 ] } },
{ "type": "Feature", "properties": { "latitude": 40.642002, "longitude": -73.898834, "collision_count": 66 }, "geometry": { "type": "Point", "coordinates": [ -73.898834, 40.642002 ] } },
{ "type": "Feature", "properties": { "latitude": 40.714314, "longitude": -73.97481, "collision_count": 66 }, "geometry": { "type": "Point", "coordinates": [ -73.97481, 40.714314 ] } },
{ "type": "Feature", "properties": { "latitude": 40.745815, "longitude": -73.945656, "collision_count": 66 }, "geometry": { "type": "Point", "coordinates": [ -73.945656, 40.745815 ] } },
{ "type": "Feature", "properties": { "latitude": 40.764706, "longitude": -73.811005, "collision_count": 66 }, "geometry": { "type": "Point", "coordinates": [ -73.811005, 40.764706 ] } },
{ "type": "Feature", "properties": { "latitude": 40.70663, "longitude": -73.806595, "collision_count": 66 }, "geometry": { "type": "Point", "coordinates": [ -73.806595, 40.70663 ] } },
{ "type": "Feature", "properties": { "latitude": 40.595097, "longitude": -74.00092, "collision_count": 66 }, "geometry": { "type": "Point", "coordinates": [ -74.00092, 40.595097 ] } },
{ "type": "Feature", "properties": { "latitude": 40.816535, "longitude": -73.928218, "collision_count": 66 }, "geometry": { "type": "Point", "coordinates": [ -73.928218, 40.816535 ] } },
{ "type": "Feature", "properties": { "latitude": 40.7616, "longitude": -73.96865, "collision_count": 66 }, "geometry": { "type": "Point", "coordinates": [ -73.96865, 40.7616 ] } },
{ "type": "Feature", "properties": { "latitude": 40.689445, "longitude": -73.955121, "collision_count": 66 }, "geometry": { "type": "Point", "coordinates": [ -73.955121, 40.689445 ] } },
{ "type": "Feature", "properties": { "latitude": 40.789497, "longitude": -73.78225, "collision_count": 66 }, "geometry": { "type": "Point", "coordinates": [ -73.78225, 40.789497 ] } },
{ "type": "Feature", "properties": { "latitude": 40.840496, "longitude": -73.94599, "collision_count": 66 }, "geometry": { "type": "Point", "coordinates": [ -73.94599, 40.840496 ] } },
{ "type": "Feature", "properties": { "latitude": 40.728474, "longitude": -73.882614, "collision_count": 66 }, "geometry": { "type": "Point", "coordinates": [ -73.882614, 40.728474 ] } },
{ "type": "Feature", "properties": { "latitude": 40.696572, "longitude": -73.958434, "collision_count": 66 }, "geometry": { "type": "Point", "coordinates": [ -73.958434, 40.696572 ] } },
{ "type": "Feature", "properties": { "latitude": 40.753318, "longitude": -73.972587, "collision_count": 66 }, "geometry": { "type": "Point", "coordinates": [ -73.972587, 40.753318 ] } },
{ "type": "Feature", "properties": { "latitude": 40.727778, "longitude": -73.929016, "collision_count": 66 }, "geometry": { "type": "Point", "coordinates": [ -73.929016, 40.727778 ] } },
{ "type": "Feature", "properties": { "latitude": 40.690357, "longitude": -73.84109, "collision_count": 66 }, "geometry": { "type": "Point", "coordinates": [ -73.84109, 40.690357 ] } },
{ "type": "Feature", "properties": { "latitude": 40.772655, "longitude": -73.955553, "collision_count": 66 }, "geometry": { "type": "Point", "coordinates": [ -73.955553, 40.772655 ] } },
{ "type": "Feature", "properties": { "latitude": 40.604195, "longitude": -73.972177, "collision_count": 66 }, "geometry": { "type": "Point", "coordinates": [ -73.972177, 40.604195 ] } },
{ "type": "Feature", "properties": { "latitude": 40.7963, "longitude": -73.93829, "collision_count": 66 }, "geometry": { "type": "Point", "coordinates": [ -73.93829, 40.7963 ] } },
{ "type": "Feature", "properties": { "latitude": 40.843975, "longitude": -73.913864, "collision_count": 66 }, "geometry": { "type": "Point", "coordinates": [ -73.913864, 40.843975 ] } },
{ "type": "Feature", "properties": { "latitude": 40.687943, "longitude": -73.98141, "collision_count": 66 }, "geometry": { "type": "Point", "coordinates": [ -73.98141, 40.687943 ] } },
{ "type": "Feature", "properties": { "latitude": 40.701775, "longitude": -73.80794, "collision_count": 66 }, "geometry": { "type": "Point", "coordinates": [ -73.80794, 40.701775 ] } },
{ "type": "Feature", "properties": { "latitude": 40.84492, "longitude": -73.90552, "collision_count": 66 }, "geometry": { "type": "Point", "coordinates": [ -73.90552, 40.84492 ] } },
{ "type": "Feature", "properties": { "latitude": 40.784355, "longitude": -73.98117, "collision_count": 66 }, "geometry": { "type": "Point", "coordinates": [ -73.98117, 40.784355 ] } },
{ "type": "Feature", "properties": { "latitude": 40.84353, "longitude": -73.89401, "collision_count": 66 }, "geometry": { "type": "Point", "coordinates": [ -73.89401, 40.84353 ] } },
{ "type": "Feature", "properties": { "latitude": 40.743396, "longitude": -73.837543, "collision_count": 66 }, "geometry": { "type": "Point", "coordinates": [ -73.837543, 40.743396 ] } },
{ "type": "Feature", "properties": { "latitude": 40.68723, "longitude": -73.941795, "collision_count": 66 }, "geometry": { "type": "Point", "coordinates": [ -73.941795, 40.68723 ] } },
{ "type": "Feature", "properties": { "latitude": 40.746616, "longitude": -73.99382, "collision_count": 66 }, "geometry": { "type": "Point", "coordinates": [ -73.99382, 40.746616 ] } },
{ "type": "Feature", "properties": { "latitude": 40.676597, "longitude": -73.890377, "collision_count": 66 }, "geometry": { "type": "Point", "coordinates": [ -73.890377, 40.676597 ] } },
{ "type": "Feature", "properties": { "latitude": 40.763601, "longitude": -73.77097, "collision_count": 66 }, "geometry": { "type": "Point", "coordinates": [ -73.77097, 40.763601 ] } },
{ "type": "Feature", "properties": { "latitude": 40.85493, "longitude": -73.82617, "collision_count": 66 }, "geometry": { "type": "Point", "coordinates": [ -73.82617, 40.85493 ] } },
{ "type": "Feature", "properties": { "latitude": 40.620436, "longitude": -74.024466, "collision_count": 66 }, "geometry": { "type": "Point", "coordinates": [ -74.024466, 40.620436 ] } },
{ "type": "Feature", "properties": { "latitude": 40.742256, "longitude": -73.97768, "collision_count": 66 }, "geometry": { "type": "Point", "coordinates": [ -73.97768, 40.742256 ] } },
{ "type": "Feature", "properties": { "latitude": 40.707097, "longitude": -73.83498, "collision_count": 66 }, "geometry": { "type": "Point", "coordinates": [ -73.83498, 40.707097 ] } },
{ "type": "Feature", "properties": { "latitude": 40.678843, "longitude": -73.754179, "collision_count": 66 }, "geometry": { "type": "Point", "coordinates": [ -73.754179, 40.678843 ] } },
{ "type": "Feature", "properties": { "latitude": 40.885426, "longitude": -73.897446, "collision_count": 66 }, "geometry": { "type": "Point", "coordinates": [ -73.897446, 40.885426 ] } },
{ "type": "Feature", "properties": { "latitude": 40.730654, "longitude": -73.983071, "collision_count": 66 }, "geometry": { "type": "Point", "coordinates": [ -73.983071, 40.730654 ] } },
{ "type": "Feature", "properties": { "latitude": 40.698545, "longitude": -73.962349, "collision_count": 66 }, "geometry": { "type": "Point", "coordinates": [ -73.962349, 40.698545 ] } },
{ "type": "Feature", "properties": { "latitude": 40.717648, "longitude": -73.98868, "collision_count": 66 }, "geometry": { "type": "Point", "coordinates": [ -73.98868, 40.717648 ] } },
{ "type": "Feature", "properties": { "latitude": 40.845178, "longitude": -73.91416, "collision_count": 66 }, "geometry": { "type": "Point", "coordinates": [ -73.91416, 40.845178 ] } },
{ "type": "Feature", "properties": { "latitude": 40.636267, "longitude": -73.948016, "collision_count": 66 }, "geometry": { "type": "Point", "coordinates": [ -73.948016, 40.636267 ] } },
{ "type": "Feature", "properties": { "latitude": 40.65319, "longitude": -73.966213, "collision_count": 66 }, "geometry": { "type": "Point", "coordinates": [ -73.966213, 40.65319 ] } },
{ "type": "Feature", "properties": { "latitude": 40.76974, "longitude": -73.982124, "collision_count": 66 }, "geometry": { "type": "Point", "coordinates": [ -73.982124, 40.76974 ] } },
{ "type": "Feature", "properties": { "latitude": 40.67677, "longitude": -73.88949, "collision_count": 66 }, "geometry": { "type": "Point", "coordinates": [ -73.88949, 40.67677 ] } },
{ "type": "Feature", "properties": { "latitude": 40.74831, "longitude": -73.82599, "collision_count": 66 }, "geometry": { "type": "Point", "coordinates": [ -73.82599, 40.74831 ] } },
{ "type": "Feature", "properties": { "latitude": 40.636635, "longitude": -74.00838, "collision_count": 66 }, "geometry": { "type": "Point", "coordinates": [ -74.00838, 40.636635 ] } },
{ "type": "Feature", "properties": { "latitude": 40.625178, "longitude": -73.961393, "collision_count": 66 }, "geometry": { "type": "Point", "coordinates": [ -73.961393, 40.625178 ] } },
{ "type": "Feature", "properties": { "latitude": 40.650856, "longitude": -73.9486, "collision_count": 66 }, "geometry": { "type": "Point", "coordinates": [ -73.9486, 40.650856 ] } },
{ "type": "Feature", "properties": { "latitude": 40.839268, "longitude": -73.903824, "collision_count": 66 }, "geometry": { "type": "Point", "coordinates": [ -73.903824, 40.839268 ] } },
{ "type": "Feature", "properties": { "latitude": 40.83543, "longitude": -73.92341, "collision_count": 66 }, "geometry": { "type": "Point", "coordinates": [ -73.92341, 40.83543 ] } },
{ "type": "Feature", "properties": { "latitude": 40.73376, "longitude": -73.93743, "collision_count": 66 }, "geometry": { "type": "Point", "coordinates": [ -73.93743, 40.73376 ] } },
{ "type": "Feature", "properties": { "latitude": 40.76531, "longitude": -73.96385, "collision_count": 66 }, "geometry": { "type": "Point", "coordinates": [ -73.96385, 40.76531 ] } },
{ "type": "Feature", "properties": { "latitude": 40.89675, "longitude": -73.85988, "collision_count": 66 }, "geometry": { "type": "Point", "coordinates": [ -73.85988, 40.89675 ] } },
{ "type": "Feature", "properties": { "latitude": 40.806916, "longitude": -73.935561, "collision_count": 66 }, "geometry": { "type": "Point", "coordinates": [ -73.935561, 40.806916 ] } },
{ "type": "Feature", "properties": { "latitude": 40.652477, "longitude": -73.86798, "collision_count": 66 }, "geometry": { "type": "Point", "coordinates": [ -73.86798, 40.652477 ] } },
{ "type": "Feature", "properties": { "latitude": 40.70403, "longitude": -73.81711, "collision_count": 66 }, "geometry": { "type": "Point", "coordinates": [ -73.81711, 40.70403 ] } },
{ "type": "Feature", "properties": { "latitude": 40.74743, "longitude": -73.925476, "collision_count": 66 }, "geometry": { "type": "Point", "coordinates": [ -73.925476, 40.74743 ] } },
{ "type": "Feature", "properties": { "latitude": 40.58227, "longitude": -73.98612, "collision_count": 66 }, "geometry": { "type": "Point", "coordinates": [ -73.98612, 40.58227 ] } },
{ "type": "Feature", "properties": { "latitude": 40.795052, "longitude": -73.933157, "collision_count": 66 }, "geometry": { "type": "Point", "coordinates": [ -73.933157, 40.795052 ] } },
{ "type": "Feature", "properties": { "latitude": 40.610504, "longitude": -73.95767, "collision_count": 66 }, "geometry": { "type": "Point", "coordinates": [ -73.95767, 40.610504 ] } },
{ "type": "Feature", "properties": { "latitude": 40.76912, "longitude": -73.955039, "collision_count": 66 }, "geometry": { "type": "Point", "coordinates": [ -73.955039, 40.76912 ] } },
{ "type": "Feature", "properties": { "latitude": 40.764617, "longitude": -73.958323, "collision_count": 66 }, "geometry": { "type": "Point", "coordinates": [ -73.958323, 40.764617 ] } },
{ "type": "Feature", "properties": { "latitude": 40.709156, "longitude": -73.84107, "collision_count": 66 }, "geometry": { "type": "Point", "coordinates": [ -73.84107, 40.709156 ] } },
{ "type": "Feature", "properties": { "latitude": 40.837371, "longitude": -73.887767, "collision_count": 66 }, "geometry": { "type": "Point", "coordinates": [ -73.887767, 40.837371 ] } },
{ "type": "Feature", "properties": { "latitude": 40.670688, "longitude": -73.917023, "collision_count": 66 }, "geometry": { "type": "Point", "coordinates": [ -73.917023, 40.670688 ] } },
{ "type": "Feature", "properties": { "latitude": 40.726188, "longitude": -73.870211, "collision_count": 66 }, "geometry": { "type": "Point", "coordinates": [ -73.870211, 40.726188 ] } },
{ "type": "Feature", "properties": { "latitude": 40.701076, "longitude": -73.94042, "collision_count": 66 }, "geometry": { "type": "Point", "coordinates": [ -73.94042, 40.701076 ] } },
{ "type": "Feature", "properties": { "latitude": 40.776221, "longitude": -73.975954, "collision_count": 66 }, "geometry": { "type": "Point", "coordinates": [ -73.975954, 40.776221 ] } },
{ "type": "Feature", "properties": { "latitude": 40.616521, "longitude": -73.985859, "collision_count": 66 }, "geometry": { "type": "Point", "coordinates": [ -73.985859, 40.616521 ] } },
{ "type": "Feature", "properties": { "latitude": 40.560775, "longitude": -74.162722, "collision_count": 66 }, "geometry": { "type": "Point", "coordinates": [ -74.162722, 40.560775 ] } },
{ "type": "Feature", "properties": { "latitude": 40.722672, "longitude": -73.982965, "collision_count": 66 }, "geometry": { "type": "Point", "coordinates": [ -73.982965, 40.722672 ] } },
{ "type": "Feature", "properties": { "latitude": 40.74775, "longitude": -73.98086, "collision_count": 66 }, "geometry": { "type": "Point", "coordinates": [ -73.98086, 40.74775 ] } },
{ "type": "Feature", "properties": { "latitude": 40.71245, "longitude": -73.91853, "collision_count": 66 }, "geometry": { "type": "Point", "coordinates": [ -73.91853, 40.71245 ] } },
{ "type": "Feature", "properties": { "latitude": 40.74977, "longitude": -73.987785, "collision_count": 66 }, "geometry": { "type": "Point", "coordinates": [ -73.987785, 40.74977 ] } },
{ "type": "Feature", "properties": { "latitude": 40.727875, "longitude": -74.00543, "collision_count": 66 }, "geometry": { "type": "Point", "coordinates": [ -74.00543, 40.727875 ] } },
{ "type": "Feature", "properties": { "latitude": 40.706142, "longitude": -73.831765, "collision_count": 66 }, "geometry": { "type": "Point", "coordinates": [ -73.831765, 40.706142 ] } },
{ "type": "Feature", "properties": { "latitude": 40.65768, "longitude": -73.925415, "collision_count": 66 }, "geometry": { "type": "Point", "coordinates": [ -73.925415, 40.65768 ] } },
{ "type": "Feature", "properties": { "latitude": 40.83511, "longitude": -73.91945, "collision_count": 65 }, "geometry": { "type": "Point", "coordinates": [ -73.91945, 40.83511 ] } },
{ "type": "Feature", "properties": { "latitude": 40.75524, "longitude": -73.97328, "collision_count": 65 }, "geometry": { "type": "Point", "coordinates": [ -73.97328, 40.75524 ] } },
{ "type": "Feature", "properties": { "latitude": 40.848939, "longitude": -73.937071, "collision_count": 65 }, "geometry": { "type": "Point", "coordinates": [ -73.937071, 40.848939 ] } },
{ "type": "Feature", "properties": { "latitude": 40.62095, "longitude": -73.9555, "collision_count": 65 }, "geometry": { "type": "Point", "coordinates": [ -73.9555, 40.62095 ] } },
{ "type": "Feature", "properties": { "latitude": 40.585934, "longitude": -73.9519, "collision_count": 65 }, "geometry": { "type": "Point", "coordinates": [ -73.9519, 40.585934 ] } },
{ "type": "Feature", "properties": { "latitude": 40.765419, "longitude": -73.983824, "collision_count": 65 }, "geometry": { "type": "Point", "coordinates": [ -73.983824, 40.765419 ] } },
{ "type": "Feature", "properties": { "latitude": 40.834514, "longitude": -73.917704, "collision_count": 65 }, "geometry": { "type": "Point", "coordinates": [ -73.917704, 40.834514 ] } },
{ "type": "Feature", "properties": { "latitude": 40.660797, "longitude": -73.87183, "collision_count": 65 }, "geometry": { "type": "Point", "coordinates": [ -73.87183, 40.660797 ] } },
{ "type": "Feature", "properties": { "latitude": 40.71946, "longitude": -73.891162, "collision_count": 65 }, "geometry": { "type": "Point", "coordinates": [ -73.891162, 40.71946 ] } },
{ "type": "Feature", "properties": { "latitude": 40.68107, "longitude": -73.94972, "collision_count": 65 }, "geometry": { "type": "Point", "coordinates": [ -73.94972, 40.68107 ] } },
{ "type": "Feature", "properties": { "latitude": 40.79745, "longitude": -73.946702, "collision_count": 65 }, "geometry": { "type": "Point", "coordinates": [ -73.946702, 40.79745 ] } },
{ "type": "Feature", "properties": { "latitude": 40.619373, "longitude": -74.1642, "collision_count": 65 }, "geometry": { "type": "Point", "coordinates": [ -74.1642, 40.619373 ] } },
{ "type": "Feature", "properties": { "latitude": 40.75671, "longitude": -73.986465, "collision_count": 65 }, "geometry": { "type": "Point", "coordinates": [ -73.986465, 40.75671 ] } },
{ "type": "Feature", "properties": { "latitude": 40.805045, "longitude": -73.936928, "collision_count": 65 }, "geometry": { "type": "Point", "coordinates": [ -73.936928, 40.805045 ] } },
{ "type": "Feature", "properties": { "latitude": 40.643745, "longitude": -73.97009, "collision_count": 65 }, "geometry": { "type": "Point", "coordinates": [ -73.97009, 40.643745 ] } },
{ "type": "Feature", "properties": { "latitude": 40.662555, "longitude": -73.90892, "collision_count": 65 }, "geometry": { "type": "Point", "coordinates": [ -73.90892, 40.662555 ] } },
{ "type": "Feature", "properties": { "latitude": 40.754505, "longitude": -73.965706, "collision_count": 65 }, "geometry": { "type": "Point", "coordinates": [ -73.965706, 40.754505 ] } },
{ "type": "Feature", "properties": { "latitude": 40.709023, "longitude": -73.798195, "collision_count": 65 }, "geometry": { "type": "Point", "coordinates": [ -73.798195, 40.709023 ] } },
{ "type": "Feature", "properties": { "latitude": 40.82677, "longitude": -73.856155, "collision_count": 65 }, "geometry": { "type": "Point", "coordinates": [ -73.856155, 40.82677 ] } },
{ "type": "Feature", "properties": { "latitude": 40.822643, "longitude": -73.953224, "collision_count": 65 }, "geometry": { "type": "Point", "coordinates": [ -73.953224, 40.822643 ] } },
{ "type": "Feature", "properties": { "latitude": 40.67135, "longitude": -73.96134, "collision_count": 65 }, "geometry": { "type": "Point", "coordinates": [ -73.96134, 40.67135 ] } },
{ "type": "Feature", "properties": { "latitude": 40.75544, "longitude": -73.72199, "collision_count": 65 }, "geometry": { "type": "Point", "coordinates": [ -73.72199, 40.75544 ] } },
{ "type": "Feature", "properties": { "latitude": 40.726302, "longitude": -73.949118, "collision_count": 65 }, "geometry": { "type": "Point", "coordinates": [ -73.949118, 40.726302 ] } },
{ "type": "Feature", "properties": { "latitude": 40.68916, "longitude": -73.99263, "collision_count": 65 }, "geometry": { "type": "Point", "coordinates": [ -73.99263, 40.68916 ] } },
{ "type": "Feature", "properties": { "latitude": 40.732603, "longitude": -73.987682, "collision_count": 65 }, "geometry": { "type": "Point", "coordinates": [ -73.987682, 40.732603 ] } },
{ "type": "Feature", "properties": { "latitude": 40.761719, "longitude": -73.982807, "collision_count": 65 }, "geometry": { "type": "Point", "coordinates": [ -73.982807, 40.761719 ] } },
{ "type": "Feature", "properties": { "latitude": 40.795326, "longitude": -73.971306, "collision_count": 65 }, "geometry": { "type": "Point", "coordinates": [ -73.971306, 40.795326 ] } },
{ "type": "Feature", "properties": { "latitude": 40.774809, "longitude": -73.984414, "collision_count": 65 }, "geometry": { "type": "Point", "coordinates": [ -73.984414, 40.774809 ] } },
{ "type": "Feature", "properties": { "latitude": 40.787223, "longitude": -73.952058, "collision_count": 65 }, "geometry": { "type": "Point", "coordinates": [ -73.952058, 40.787223 ] } },
{ "type": "Feature", "properties": { "latitude": 40.750282, "longitude": -73.981124, "collision_count": 65 }, "geometry": { "type": "Point", "coordinates": [ -73.981124, 40.750282 ] } },
{ "type": "Feature", "properties": { "latitude": 40.728024, "longitude": -73.74764, "collision_count": 65 }, "geometry": { "type": "Point", "coordinates": [ -73.74764, 40.728024 ] } },
{ "type": "Feature", "properties": { "latitude": 40.734783, "longitude": -73.998715, "collision_count": 65 }, "geometry": { "type": "Point", "coordinates": [ -73.998715, 40.734783 ] } },
{ "type": "Feature", "properties": { "latitude": 40.73541, "longitude": -73.97515, "collision_count": 65 }, "geometry": { "type": "Point", "coordinates": [ -73.97515, 40.73541 ] } },
{ "type": "Feature", "properties": { "latitude": 40.788357, "longitude": -73.97453, "collision_count": 65 }, "geometry": { "type": "Point", "coordinates": [ -73.97453, 40.788357 ] } },
{ "type": "Feature", "properties": { "latitude": 40.653575, "longitude": -73.959452, "collision_count": 65 }, "geometry": { "type": "Point", "coordinates": [ -73.959452, 40.653575 ] } },
{ "type": "Feature", "properties": { "latitude": 40.7122, "longitude": -73.86208, "collision_count": 65 }, "geometry": { "type": "Point", "coordinates": [ -73.86208, 40.7122 ] } },
{ "type": "Feature", "properties": { "latitude": 40.75939, "longitude": -73.98508, "collision_count": 65 }, "geometry": { "type": "Point", "coordinates": [ -73.98508, 40.75939 ] } },
{ "type": "Feature", "properties": { "latitude": 40.636326, "longitude": -73.958405, "collision_count": 65 }, "geometry": { "type": "Point", "coordinates": [ -73.958405, 40.636326 ] } },
{ "type": "Feature", "properties": { "latitude": 40.708485, "longitude": -74.01518, "collision_count": 65 }, "geometry": { "type": "Point", "coordinates": [ -74.01518, 40.708485 ] } },
{ "type": "Feature", "properties": { "latitude": 40.690928, "longitude": -73.920658, "collision_count": 65 }, "geometry": { "type": "Point", "coordinates": [ -73.920658, 40.690928 ] } },
{ "type": "Feature", "properties": { "latitude": 40.719055, "longitude": -74.01245, "collision_count": 65 }, "geometry": { "type": "Point", "coordinates": [ -74.01245, 40.719055 ] } },
{ "type": "Feature", "properties": { "latitude": 40.68963, "longitude": -73.98575, "collision_count": 65 }, "geometry": { "type": "Point", "coordinates": [ -73.98575, 40.68963 ] } },
{ "type": "Feature", "properties": { "latitude": 40.845108, "longitude": -73.913025, "collision_count": 65 }, "geometry": { "type": "Point", "coordinates": [ -73.913025, 40.845108 ] } },
{ "type": "Feature", "properties": { "latitude": 40.764626, "longitude": -73.99555, "collision_count": 65 }, "geometry": { "type": "Point", "coordinates": [ -73.99555, 40.764626 ] } },
{ "type": "Feature", "properties": { "latitude": 40.738167, "longitude": -73.983632, "collision_count": 65 }, "geometry": { "type": "Point", "coordinates": [ -73.983632, 40.738167 ] } },
{ "type": "Feature", "properties": { "latitude": 40.67809, "longitude": -73.8842, "collision_count": 65 }, "geometry": { "type": "Point", "coordinates": [ -73.8842, 40.67809 ] } },
{ "type": "Feature", "properties": { "latitude": 40.796722, "longitude": -73.976172, "collision_count": 65 }, "geometry": { "type": "Point", "coordinates": [ -73.976172, 40.796722 ] } },
{ "type": "Feature", "properties": { "latitude": 40.767969, "longitude": -73.968216, "collision_count": 65 }, "geometry": { "type": "Point", "coordinates": [ -73.968216, 40.767969 ] } },
{ "type": "Feature", "properties": { "latitude": 40.831568, "longitude": -73.942981, "collision_count": 65 }, "geometry": { "type": "Point", "coordinates": [ -73.942981, 40.831568 ] } },
{ "type": "Feature", "properties": { "latitude": 40.685197, "longitude": -73.978276, "collision_count": 65 }, "geometry": { "type": "Point", "coordinates": [ -73.978276, 40.685197 ] } },
{ "type": "Feature", "properties": { "latitude": 40.779434, "longitude": -73.94752, "collision_count": 65 }, "geometry": { "type": "Point", "coordinates": [ -73.94752, 40.779434 ] } },
{ "type": "Feature", "properties": { "latitude": 40.690351, "longitude": -73.841076, "collision_count": 65 }, "geometry": { "type": "Point", "coordinates": [ -73.841076, 40.690351 ] } },
{ "type": "Feature", "properties": { "latitude": 40.763496, "longitude": -73.80734, "collision_count": 65 }, "geometry": { "type": "Point", "coordinates": [ -73.80734, 40.763496 ] } },
{ "type": "Feature", "properties": { "latitude": 40.729776, "longitude": -73.986809, "collision_count": 65 }, "geometry": { "type": "Point", "coordinates": [ -73.986809, 40.729776 ] } },
{ "type": "Feature", "properties": { "latitude": 40.732223, "longitude": -74.003554, "collision_count": 65 }, "geometry": { "type": "Point", "coordinates": [ -74.003554, 40.732223 ] } },
{ "type": "Feature", "properties": { "latitude": 40.63791, "longitude": -73.978634, "collision_count": 65 }, "geometry": { "type": "Point", "coordinates": [ -73.978634, 40.63791 ] } },
{ "type": "Feature", "properties": { "latitude": 40.857758, "longitude": -73.90095, "collision_count": 65 }, "geometry": { "type": "Point", "coordinates": [ -73.90095, 40.857758 ] } },
{ "type": "Feature", "properties": { "latitude": 40.636627, "longitude": -73.94226, "collision_count": 65 }, "geometry": { "type": "Point", "coordinates": [ -73.94226, 40.636627 ] } },
{ "type": "Feature", "properties": { "latitude": 40.68366, "longitude": -73.90788, "collision_count": 65 }, "geometry": { "type": "Point", "coordinates": [ -73.90788, 40.68366 ] } },
{ "type": "Feature", "properties": { "latitude": 40.719048, "longitude": -73.996479, "collision_count": 65 }, "geometry": { "type": "Point", "coordinates": [ -73.996479, 40.719048 ] } },
{ "type": "Feature", "properties": { "latitude": 40.832314, "longitude": -73.93161, "collision_count": 65 }, "geometry": { "type": "Point", "coordinates": [ -73.93161, 40.832314 ] } },
{ "type": "Feature", "properties": { "latitude": 40.586494, "longitude": -74.092125, "collision_count": 65 }, "geometry": { "type": "Point", "coordinates": [ -74.092125, 40.586494 ] } },
{ "type": "Feature", "properties": { "latitude": 40.83163, "longitude": -73.92252, "collision_count": 65 }, "geometry": { "type": "Point", "coordinates": [ -73.92252, 40.83163 ] } },
{ "type": "Feature", "properties": { "latitude": 40.787064, "longitude": -73.941936, "collision_count": 65 }, "geometry": { "type": "Point", "coordinates": [ -73.941936, 40.787064 ] } },
{ "type": "Feature", "properties": { "latitude": 40.68064, "longitude": -73.89672, "collision_count": 65 }, "geometry": { "type": "Point", "coordinates": [ -73.89672, 40.68064 ] } },
{ "type": "Feature", "properties": { "latitude": 40.885693, "longitude": -73.86165, "collision_count": 65 }, "geometry": { "type": "Point", "coordinates": [ -73.86165, 40.885693 ] } },
{ "type": "Feature", "properties": { "latitude": 40.664227, "longitude": -73.94547, "collision_count": 65 }, "geometry": { "type": "Point", "coordinates": [ -73.94547, 40.664227 ] } },
{ "type": "Feature", "properties": { "latitude": 40.716558, "longitude": -73.828679, "collision_count": 65 }, "geometry": { "type": "Point", "coordinates": [ -73.828679, 40.716558 ] } },
{ "type": "Feature", "properties": { "latitude": 40.730912, "longitude": -73.860831, "collision_count": 65 }, "geometry": { "type": "Point", "coordinates": [ -73.860831, 40.730912 ] } },
{ "type": "Feature", "properties": { "latitude": 40.70546, "longitude": -73.7949, "collision_count": 65 }, "geometry": { "type": "Point", "coordinates": [ -73.7949, 40.70546 ] } },
{ "type": "Feature", "properties": { "latitude": 40.73855, "longitude": -73.98042, "collision_count": 65 }, "geometry": { "type": "Point", "coordinates": [ -73.98042, 40.73855 ] } },
{ "type": "Feature", "properties": { "latitude": 40.55554, "longitude": -74.17562, "collision_count": 65 }, "geometry": { "type": "Point", "coordinates": [ -74.17562, 40.55554 ] } },
{ "type": "Feature", "properties": { "latitude": 40.564537, "longitude": -74.1317, "collision_count": 65 }, "geometry": { "type": "Point", "coordinates": [ -74.1317, 40.564537 ] } },
{ "type": "Feature", "properties": { "latitude": 40.763374, "longitude": -73.99647, "collision_count": 65 }, "geometry": { "type": "Point", "coordinates": [ -73.99647, 40.763374 ] } },
{ "type": "Feature", "properties": { "latitude": 40.58345, "longitude": -73.950386, "collision_count": 65 }, "geometry": { "type": "Point", "coordinates": [ -73.950386, 40.58345 ] } },
{ "type": "Feature", "properties": { "latitude": 40.642048, "longitude": -74.07533, "collision_count": 65 }, "geometry": { "type": "Point", "coordinates": [ -74.07533, 40.642048 ] } },
{ "type": "Feature", "properties": { "latitude": 40.744669, "longitude": -73.931684, "collision_count": 65 }, "geometry": { "type": "Point", "coordinates": [ -73.931684, 40.744669 ] } },
{ "type": "Feature", "properties": { "latitude": 40.723022, "longitude": -73.99882, "collision_count": 65 }, "geometry": { "type": "Point", "coordinates": [ -73.99882, 40.723022 ] } },
{ "type": "Feature", "properties": { "latitude": 40.66112, "longitude": -73.920135, "collision_count": 65 }, "geometry": { "type": "Point", "coordinates": [ -73.920135, 40.66112 ] } },
{ "type": "Feature", "properties": { "latitude": 40.740894, "longitude": -73.89961, "collision_count": 65 }, "geometry": { "type": "Point", "coordinates": [ -73.89961, 40.740894 ] } },
{ "type": "Feature", "properties": { "latitude": 40.756352, "longitude": -74.005403, "collision_count": 65 }, "geometry": { "type": "Point", "coordinates": [ -74.005403, 40.756352 ] } },
{ "type": "Feature", "properties": { "latitude": 40.671474, "longitude": -73.93088, "collision_count": 65 }, "geometry": { "type": "Point", "coordinates": [ -73.93088, 40.671474 ] } },
{ "type": "Feature", "properties": { "latitude": 40.729176, "longitude": -73.87898, "collision_count": 65 }, "geometry": { "type": "Point", "coordinates": [ -73.87898, 40.729176 ] } },
{ "type": "Feature", "properties": { "latitude": 40.693801, "longitude": -73.987227, "collision_count": 65 }, "geometry": { "type": "Point", "coordinates": [ -73.987227, 40.693801 ] } },
{ "type": "Feature", "properties": { "latitude": 40.752106, "longitude": -73.94424, "collision_count": 65 }, "geometry": { "type": "Point", "coordinates": [ -73.94424, 40.752106 ] } },
{ "type": "Feature", "properties": { "latitude": 40.836895, "longitude": -73.8736, "collision_count": 65 }, "geometry": { "type": "Point", "coordinates": [ -73.8736, 40.836895 ] } },
{ "type": "Feature", "properties": { "latitude": 40.757072, "longitude": -73.96986, "collision_count": 65 }, "geometry": { "type": "Point", "coordinates": [ -73.96986, 40.757072 ] } },
{ "type": "Feature", "properties": { "latitude": 40.70253, "longitude": -73.8143, "collision_count": 65 }, "geometry": { "type": "Point", "coordinates": [ -73.8143, 40.70253 ] } },
{ "type": "Feature", "properties": { "latitude": 40.77592, "longitude": -73.95317, "collision_count": 65 }, "geometry": { "type": "Point", "coordinates": [ -73.95317, 40.77592 ] } },
{ "type": "Feature", "properties": { "latitude": 40.78169, "longitude": -73.94897, "collision_count": 65 }, "geometry": { "type": "Point", "coordinates": [ -73.94897, 40.78169 ] } },
{ "type": "Feature", "properties": { "latitude": 40.768129, "longitude": -73.876244, "collision_count": 65 }, "geometry": { "type": "Point", "coordinates": [ -73.876244, 40.768129 ] } },
{ "type": "Feature", "properties": { "latitude": 40.650668, "longitude": -73.95247, "collision_count": 65 }, "geometry": { "type": "Point", "coordinates": [ -73.95247, 40.650668 ] } },
{ "type": "Feature", "properties": { "latitude": 40.739193, "longitude": -73.90128, "collision_count": 65 }, "geometry": { "type": "Point", "coordinates": [ -73.90128, 40.739193 ] } },
{ "type": "Feature", "properties": { "latitude": 40.752262, "longitude": -73.83446, "collision_count": 65 }, "geometry": { "type": "Point", "coordinates": [ -73.83446, 40.752262 ] } },
{ "type": "Feature", "properties": { "latitude": 40.78322, "longitude": -73.84586, "collision_count": 65 }, "geometry": { "type": "Point", "coordinates": [ -73.84586, 40.78322 ] } },
{ "type": "Feature", "properties": { "latitude": 40.755853, "longitude": -73.88258, "collision_count": 65 }, "geometry": { "type": "Point", "coordinates": [ -73.88258, 40.755853 ] } },
{ "type": "Feature", "properties": { "latitude": 40.852386, "longitude": -73.90369, "collision_count": 65 }, "geometry": { "type": "Point", "coordinates": [ -73.90369, 40.852386 ] } },
{ "type": "Feature", "properties": { "latitude": 40.808243, "longitude": -73.92785, "collision_count": 65 }, "geometry": { "type": "Point", "coordinates": [ -73.92785, 40.808243 ] } },
{ "type": "Feature", "properties": { "latitude": 40.637108, "longitude": -73.893375, "collision_count": 65 }, "geometry": { "type": "Point", "coordinates": [ -73.893375, 40.637108 ] } },
{ "type": "Feature", "properties": { "latitude": 40.75658, "longitude": -73.929752, "collision_count": 65 }, "geometry": { "type": "Point", "coordinates": [ -73.929752, 40.75658 ] } },
{ "type": "Feature", "properties": { "latitude": 40.653378, "longitude": -73.90658, "collision_count": 65 }, "geometry": { "type": "Point", "coordinates": [ -73.90658, 40.653378 ] } },
{ "type": "Feature", "properties": { "latitude": 40.786174, "longitude": -73.945696, "collision_count": 65 }, "geometry": { "type": "Point", "coordinates": [ -73.945696, 40.786174 ] } },
{ "type": "Feature", "properties": { "latitude": 40.594621, "longitude": -73.997419, "collision_count": 65 }, "geometry": { "type": "Point", "coordinates": [ -73.997419, 40.594621 ] } },
{ "type": "Feature", "properties": { "latitude": 40.742252, "longitude": -74.00071, "collision_count": 65 }, "geometry": { "type": "Point", "coordinates": [ -74.00071, 40.742252 ] } },
{ "type": "Feature", "properties": { "latitude": 40.663263, "longitude": -73.995109, "collision_count": 65 }, "geometry": { "type": "Point", "coordinates": [ -73.995109, 40.663263 ] } },
{ "type": "Feature", "properties": { "latitude": 40.699436, "longitude": -73.91229, "collision_count": 65 }, "geometry": { "type": "Point", "coordinates": [ -73.91229, 40.699436 ] } },
{ "type": "Feature", "properties": { "latitude": 40.829502, "longitude": -73.874609, "collision_count": 65 }, "geometry": { "type": "Point", "coordinates": [ -73.874609, 40.829502 ] } },
{ "type": "Feature", "properties": { "latitude": 40.83142, "longitude": -73.91831, "collision_count": 65 }, "geometry": { "type": "Point", "coordinates": [ -73.91831, 40.83142 ] } },
{ "type": "Feature", "properties": { "latitude": 40.70453, "longitude": -73.817245, "collision_count": 65 }, "geometry": { "type": "Point", "coordinates": [ -73.817245, 40.70453 ] } },
{ "type": "Feature", "properties": { "latitude": 40.784537, "longitude": -73.973596, "collision_count": 65 }, "geometry": { "type": "Point", "coordinates": [ -73.973596, 40.784537 ] } },
{ "type": "Feature", "properties": { "latitude": 40.721466, "longitude": -73.804535, "collision_count": 65 }, "geometry": { "type": "Point", "coordinates": [ -73.804535, 40.721466 ] } },
{ "type": "Feature", "properties": { "latitude": 40.878856, "longitude": -73.873482, "collision_count": 65 }, "geometry": { "type": "Point", "coordinates": [ -73.873482, 40.878856 ] } },
{ "type": "Feature", "properties": { "latitude": 40.848625, "longitude": -73.93425, "collision_count": 64 }, "geometry": { "type": "Point", "coordinates": [ -73.93425, 40.848625 ] } },
{ "type": "Feature", "properties": { "latitude": 40.638786, "longitude": -73.945373, "collision_count": 64 }, "geometry": { "type": "Point", "coordinates": [ -73.945373, 40.638786 ] } },
{ "type": "Feature", "properties": { "latitude": 40.76359, "longitude": -73.98144, "collision_count": 64 }, "geometry": { "type": "Point", "coordinates": [ -73.98144, 40.76359 ] } },
{ "type": "Feature", "properties": { "latitude": 40.591598, "longitude": -73.960682, "collision_count": 64 }, "geometry": { "type": "Point", "coordinates": [ -73.960682, 40.591598 ] } },
{ "type": "Feature", "properties": { "latitude": 40.774279, "longitude": -73.959393, "collision_count": 64 }, "geometry": { "type": "Point", "coordinates": [ -73.959393, 40.774279 ] } },
{ "type": "Feature", "properties": { "latitude": 40.765614, "longitude": -73.960691, "collision_count": 64 }, "geometry": { "type": "Point", "coordinates": [ -73.960691, 40.765614 ] } },
{ "type": "Feature", "properties": { "latitude": 40.858162, "longitude": -73.91699, "collision_count": 64 }, "geometry": { "type": "Point", "coordinates": [ -73.91699, 40.858162 ] } },
{ "type": "Feature", "properties": { "latitude": 40.667156, "longitude": -73.9101, "collision_count": 64 }, "geometry": { "type": "Point", "coordinates": [ -73.9101, 40.667156 ] } },
{ "type": "Feature", "properties": { "latitude": 40.714622, "longitude": -73.90117, "collision_count": 64 }, "geometry": { "type": "Point", "coordinates": [ -73.90117, 40.714622 ] } },
{ "type": "Feature", "properties": { "latitude": 40.830845, "longitude": -73.947235, "collision_count": 64 }, "geometry": { "type": "Point", "coordinates": [ -73.947235, 40.830845 ] } },
{ "type": "Feature", "properties": { "latitude": 40.758743, "longitude": -73.89069, "collision_count": 64 }, "geometry": { "type": "Point", "coordinates": [ -73.89069, 40.758743 ] } },
{ "type": "Feature", "properties": { "latitude": 40.753326, "longitude": -73.8718, "collision_count": 64 }, "geometry": { "type": "Point", "coordinates": [ -73.8718, 40.753326 ] } },
{ "type": "Feature", "properties": { "latitude": 40.683098, "longitude": -73.80595, "collision_count": 64 }, "geometry": { "type": "Point", "coordinates": [ -73.80595, 40.683098 ] } },
{ "type": "Feature", "properties": { "latitude": 40.766357, "longitude": -73.7811, "collision_count": 64 }, "geometry": { "type": "Point", "coordinates": [ -73.7811, 40.766357 ] } },
{ "type": "Feature", "properties": { "latitude": 40.74132, "longitude": -73.78478, "collision_count": 64 }, "geometry": { "type": "Point", "coordinates": [ -73.78478, 40.74132 ] } },
{ "type": "Feature", "properties": { "latitude": 40.698406, "longitude": -73.80647, "collision_count": 64 }, "geometry": { "type": "Point", "coordinates": [ -73.80647, 40.698406 ] } },
{ "type": "Feature", "properties": { "latitude": 40.667039, "longitude": -73.757315, "collision_count": 64 }, "geometry": { "type": "Point", "coordinates": [ -73.757315, 40.667039 ] } },
{ "type": "Feature", "properties": { "latitude": 40.693523, "longitude": -73.9522, "collision_count": 64 }, "geometry": { "type": "Point", "coordinates": [ -73.9522, 40.693523 ] } },
{ "type": "Feature", "properties": { "latitude": 40.610653, "longitude": -73.95355, "collision_count": 64 }, "geometry": { "type": "Point", "coordinates": [ -73.95355, 40.610653 ] } },
{ "type": "Feature", "properties": { "latitude": 40.713, "longitude": -73.78237, "collision_count": 64 }, "geometry": { "type": "Point", "coordinates": [ -73.78237, 40.713 ] } },
{ "type": "Feature", "properties": { "latitude": 40.760353, "longitude": -73.99124, "collision_count": 64 }, "geometry": { "type": "Point", "coordinates": [ -73.99124, 40.760353 ] } },
{ "type": "Feature", "properties": { "latitude": 40.616295, "longitude": -73.92991, "collision_count": 64 }, "geometry": { "type": "Point", "coordinates": [ -73.92991, 40.616295 ] } },
{ "type": "Feature", "properties": { "latitude": 40.64854, "longitude": -73.924255, "collision_count": 64 }, "geometry": { "type": "Point", "coordinates": [ -73.924255, 40.64854 ] } },
{ "type": "Feature", "properties": { "latitude": 40.7606, "longitude": -73.964325, "collision_count": 64 }, "geometry": { "type": "Point", "coordinates": [ -73.964325, 40.7606 ] } },
{ "type": "Feature", "properties": { "latitude": 40.847897, "longitude": -73.92499, "collision_count": 64 }, "geometry": { "type": "Point", "coordinates": [ -73.92499, 40.847897 ] } },
{ "type": "Feature", "properties": { "latitude": 40.755924, "longitude": -73.974889, "collision_count": 64 }, "geometry": { "type": "Point", "coordinates": [ -73.974889, 40.755924 ] } },
{ "type": "Feature", "properties": { "latitude": 40.766617, "longitude": -73.8389, "collision_count": 64 }, "geometry": { "type": "Point", "coordinates": [ -73.8389, 40.766617 ] } },
{ "type": "Feature", "properties": { "latitude": 40.741983, "longitude": -73.824745, "collision_count": 64 }, "geometry": { "type": "Point", "coordinates": [ -73.824745, 40.741983 ] } },
{ "type": "Feature", "properties": { "latitude": 40.792858, "longitude": -73.967529, "collision_count": 64 }, "geometry": { "type": "Point", "coordinates": [ -73.967529, 40.792858 ] } },
{ "type": "Feature", "properties": { "latitude": 40.737229, "longitude": -74.000646, "collision_count": 64 }, "geometry": { "type": "Point", "coordinates": [ -74.000646, 40.737229 ] } },
{ "type": "Feature", "properties": { "latitude": 40.762745, "longitude": -73.83329, "collision_count": 64 }, "geometry": { "type": "Point", "coordinates": [ -73.83329, 40.762745 ] } },
{ "type": "Feature", "properties": { "latitude": 40.605358, "longitude": -73.961732, "collision_count": 64 }, "geometry": { "type": "Point", "coordinates": [ -73.961732, 40.605358 ] } },
{ "type": "Feature", "properties": { "latitude": 40.846803, "longitude": -73.93185, "collision_count": 64 }, "geometry": { "type": "Point", "coordinates": [ -73.93185, 40.846803 ] } },
{ "type": "Feature", "properties": { "latitude": 40.702531, "longitude": -73.814293, "collision_count": 64 }, "geometry": { "type": "Point", "coordinates": [ -73.814293, 40.702531 ] } },
{ "type": "Feature", "properties": { "latitude": 40.716795, "longitude": -73.92154, "collision_count": 64 }, "geometry": { "type": "Point", "coordinates": [ -73.92154, 40.716795 ] } },
{ "type": "Feature", "properties": { "latitude": 40.682423, "longitude": -73.970684, "collision_count": 64 }, "geometry": { "type": "Point", "coordinates": [ -73.970684, 40.682423 ] } },
{ "type": "Feature", "properties": { "latitude": 40.66523, "longitude": -73.931465, "collision_count": 64 }, "geometry": { "type": "Point", "coordinates": [ -73.931465, 40.66523 ] } },
{ "type": "Feature", "properties": { "latitude": 40.685654, "longitude": -73.828636, "collision_count": 64 }, "geometry": { "type": "Point", "coordinates": [ -73.828636, 40.685654 ] } },
{ "type": "Feature", "properties": { "latitude": 40.788948, "longitude": -73.94057, "collision_count": 64 }, "geometry": { "type": "Point", "coordinates": [ -73.94057, 40.788948 ] } },
{ "type": "Feature", "properties": { "latitude": 40.632065, "longitude": -73.91861, "collision_count": 64 }, "geometry": { "type": "Point", "coordinates": [ -73.91861, 40.632065 ] } },
{ "type": "Feature", "properties": { "latitude": 40.682243, "longitude": -73.82222, "collision_count": 64 }, "geometry": { "type": "Point", "coordinates": [ -73.82222, 40.682243 ] } },
{ "type": "Feature", "properties": { "latitude": 40.678639, "longitude": -73.973508, "collision_count": 64 }, "geometry": { "type": "Point", "coordinates": [ -73.973508, 40.678639 ] } },
{ "type": "Feature", "properties": { "latitude": 40.676834, "longitude": -74.00146, "collision_count": 64 }, "geometry": { "type": "Point", "coordinates": [ -74.00146, 40.676834 ] } },
{ "type": "Feature", "properties": { "latitude": 40.74006, "longitude": -73.789894, "collision_count": 64 }, "geometry": { "type": "Point", "coordinates": [ -73.789894, 40.74006 ] } },
{ "type": "Feature", "properties": { "latitude": 40.769333, "longitude": -73.841736, "collision_count": 64 }, "geometry": { "type": "Point", "coordinates": [ -73.841736, 40.769333 ] } },
{ "type": "Feature", "properties": { "latitude": 40.78184, "longitude": -73.979284, "collision_count": 64 }, "geometry": { "type": "Point", "coordinates": [ -73.979284, 40.78184 ] } },
{ "type": "Feature", "properties": { "latitude": 40.761624, "longitude": -73.822073, "collision_count": 64 }, "geometry": { "type": "Point", "coordinates": [ -73.822073, 40.761624 ] } },
{ "type": "Feature", "properties": { "latitude": 40.767343, "longitude": -73.968672, "collision_count": 64 }, "geometry": { "type": "Point", "coordinates": [ -73.968672, 40.767343 ] } },
{ "type": "Feature", "properties": { "latitude": 40.803698, "longitude": -73.937912, "collision_count": 64 }, "geometry": { "type": "Point", "coordinates": [ -73.937912, 40.803698 ] } },
{ "type": "Feature", "properties": { "latitude": 40.884035, "longitude": -73.897966, "collision_count": 64 }, "geometry": { "type": "Point", "coordinates": [ -73.897966, 40.884035 ] } },
{ "type": "Feature", "properties": { "latitude": 40.844677, "longitude": -73.9245, "collision_count": 64 }, "geometry": { "type": "Point", "coordinates": [ -73.9245, 40.844677 ] } },
{ "type": "Feature", "properties": { "latitude": 40.836155, "longitude": -73.87179, "collision_count": 64 }, "geometry": { "type": "Point", "coordinates": [ -73.87179, 40.836155 ] } },
{ "type": "Feature", "properties": { "latitude": 40.850907, "longitude": -73.938284, "collision_count": 64 }, "geometry": { "type": "Point", "coordinates": [ -73.938284, 40.850907 ] } },
{ "type": "Feature", "properties": { "latitude": 40.758374, "longitude": -73.970993, "collision_count": 64 }, "geometry": { "type": "Point", "coordinates": [ -73.970993, 40.758374 ] } },
{ "type": "Feature", "properties": { "latitude": 40.806973, "longitude": -73.937645, "collision_count": 64 }, "geometry": { "type": "Point", "coordinates": [ -73.937645, 40.806973 ] } },
{ "type": "Feature", "properties": { "latitude": 40.754622, "longitude": -73.997127, "collision_count": 64 }, "geometry": { "type": "Point", "coordinates": [ -73.997127, 40.754622 ] } },
{ "type": "Feature", "properties": { "latitude": 40.757008, "longitude": -73.96388, "collision_count": 64 }, "geometry": { "type": "Point", "coordinates": [ -73.96388, 40.757008 ] } },
{ "type": "Feature", "properties": { "latitude": 40.690005, "longitude": -73.924128, "collision_count": 64 }, "geometry": { "type": "Point", "coordinates": [ -73.924128, 40.690005 ] } },
{ "type": "Feature", "properties": { "latitude": 40.765826, "longitude": -73.823726, "collision_count": 64 }, "geometry": { "type": "Point", "coordinates": [ -73.823726, 40.765826 ] } },
{ "type": "Feature", "properties": { "latitude": 40.789383, "longitude": -73.782326, "collision_count": 64 }, "geometry": { "type": "Point", "coordinates": [ -73.782326, 40.789383 ] } },
{ "type": "Feature", "properties": { "latitude": 40.822108, "longitude": -73.900612, "collision_count": 64 }, "geometry": { "type": "Point", "coordinates": [ -73.900612, 40.822108 ] } },
{ "type": "Feature", "properties": { "latitude": 40.763542, "longitude": -73.9852, "collision_count": 64 }, "geometry": { "type": "Point", "coordinates": [ -73.9852, 40.763542 ] } },
{ "type": "Feature", "properties": { "latitude": 40.761891, "longitude": -73.829664, "collision_count": 64 }, "geometry": { "type": "Point", "coordinates": [ -73.829664, 40.761891 ] } },
{ "type": "Feature", "properties": { "latitude": 40.74355, "longitude": -73.73246, "collision_count": 64 }, "geometry": { "type": "Point", "coordinates": [ -73.73246, 40.74355 ] } },
{ "type": "Feature", "properties": { "latitude": 40.778812, "longitude": -73.95609, "collision_count": 64 }, "geometry": { "type": "Point", "coordinates": [ -73.95609, 40.778812 ] } },
{ "type": "Feature", "properties": { "latitude": 40.83643, "longitude": -73.87415, "collision_count": 64 }, "geometry": { "type": "Point", "coordinates": [ -73.87415, 40.83643 ] } },
{ "type": "Feature", "properties": { "latitude": 40.735424, "longitude": -73.84466, "collision_count": 64 }, "geometry": { "type": "Point", "coordinates": [ -73.84466, 40.735424 ] } },
{ "type": "Feature", "properties": { "latitude": 40.587074, "longitude": -74.10393, "collision_count": 64 }, "geometry": { "type": "Point", "coordinates": [ -74.10393, 40.587074 ] } },
{ "type": "Feature", "properties": { "latitude": 40.583106, "longitude": -73.954141, "collision_count": 64 }, "geometry": { "type": "Point", "coordinates": [ -73.954141, 40.583106 ] } },
{ "type": "Feature", "properties": { "latitude": 40.801192, "longitude": -73.930022, "collision_count": 64 }, "geometry": { "type": "Point", "coordinates": [ -73.930022, 40.801192 ] } },
{ "type": "Feature", "properties": { "latitude": 40.755251, "longitude": -73.998661, "collision_count": 64 }, "geometry": { "type": "Point", "coordinates": [ -73.998661, 40.755251 ] } },
{ "type": "Feature", "properties": { "latitude": 40.748356, "longitude": -74.003689, "collision_count": 64 }, "geometry": { "type": "Point", "coordinates": [ -74.003689, 40.748356 ] } },
{ "type": "Feature", "properties": { "latitude": 40.66615, "longitude": -73.80575, "collision_count": 64 }, "geometry": { "type": "Point", "coordinates": [ -73.80575, 40.66615 ] } },
{ "type": "Feature", "properties": { "latitude": 40.701238, "longitude": -73.794641, "collision_count": 64 }, "geometry": { "type": "Point", "coordinates": [ -73.794641, 40.701238 ] } },
{ "type": "Feature", "properties": { "latitude": 40.764683, "longitude": -73.99179, "collision_count": 64 }, "geometry": { "type": "Point", "coordinates": [ -73.99179, 40.764683 ] } },
{ "type": "Feature", "properties": { "latitude": 40.748215, "longitude": -73.96854, "collision_count": 64 }, "geometry": { "type": "Point", "coordinates": [ -73.96854, 40.748215 ] } },
{ "type": "Feature", "properties": { "latitude": 40.785734, "longitude": -73.976441, "collision_count": 64 }, "geometry": { "type": "Point", "coordinates": [ -73.976441, 40.785734 ] } },
{ "type": "Feature", "properties": { "latitude": 40.684734, "longitude": -74.001016, "collision_count": 64 }, "geometry": { "type": "Point", "coordinates": [ -74.001016, 40.684734 ] } },
{ "type": "Feature", "properties": { "latitude": 40.76711, "longitude": -73.981719, "collision_count": 64 }, "geometry": { "type": "Point", "coordinates": [ -73.981719, 40.76711 ] } },
{ "type": "Feature", "properties": { "latitude": 40.608747, "longitude": -73.95828, "collision_count": 64 }, "geometry": { "type": "Point", "coordinates": [ -73.95828, 40.608747 ] } },
{ "type": "Feature", "properties": { "latitude": 40.72085, "longitude": -74.00394, "collision_count": 64 }, "geometry": { "type": "Point", "coordinates": [ -74.00394, 40.72085 ] } },
{ "type": "Feature", "properties": { "latitude": 40.88647, "longitude": -73.89603, "collision_count": 64 }, "geometry": { "type": "Point", "coordinates": [ -73.89603, 40.88647 ] } },
{ "type": "Feature", "properties": { "latitude": 40.667038, "longitude": -73.757324, "collision_count": 64 }, "geometry": { "type": "Point", "coordinates": [ -73.757324, 40.667038 ] } },
{ "type": "Feature", "properties": { "latitude": 40.752117, "longitude": -73.975558, "collision_count": 64 }, "geometry": { "type": "Point", "coordinates": [ -73.975558, 40.752117 ] } },
{ "type": "Feature", "properties": { "latitude": 40.753832, "longitude": -74.007139, "collision_count": 64 }, "geometry": { "type": "Point", "coordinates": [ -74.007139, 40.753832 ] } },
{ "type": "Feature", "properties": { "latitude": 40.67452, "longitude": -73.736084, "collision_count": 64 }, "geometry": { "type": "Point", "coordinates": [ -73.736084, 40.67452 ] } },
{ "type": "Feature", "properties": { "latitude": 40.743375, "longitude": -73.920556, "collision_count": 64 }, "geometry": { "type": "Point", "coordinates": [ -73.920556, 40.743375 ] } },
{ "type": "Feature", "properties": { "latitude": 40.666122, "longitude": -73.93139, "collision_count": 64 }, "geometry": { "type": "Point", "coordinates": [ -73.93139, 40.666122 ] } },
{ "type": "Feature", "properties": { "latitude": 40.819477, "longitude": -73.92689, "collision_count": 64 }, "geometry": { "type": "Point", "coordinates": [ -73.92689, 40.819477 ] } },
{ "type": "Feature", "properties": { "latitude": 40.836735, "longitude": -73.88584, "collision_count": 64 }, "geometry": { "type": "Point", "coordinates": [ -73.88584, 40.836735 ] } },
{ "type": "Feature", "properties": { "latitude": 40.713444, "longitude": -73.99854, "collision_count": 64 }, "geometry": { "type": "Point", "coordinates": [ -73.99854, 40.713444 ] } },
{ "type": "Feature", "properties": { "latitude": 40.80142, "longitude": -73.93446, "collision_count": 64 }, "geometry": { "type": "Point", "coordinates": [ -73.93446, 40.80142 ] } },
{ "type": "Feature", "properties": { "latitude": 40.764787, "longitude": -73.968431, "collision_count": 64 }, "geometry": { "type": "Point", "coordinates": [ -73.968431, 40.764787 ] } },
{ "type": "Feature", "properties": { "latitude": 40.622022, "longitude": -73.987255, "collision_count": 64 }, "geometry": { "type": "Point", "coordinates": [ -73.987255, 40.622022 ] } },
{ "type": "Feature", "properties": { "latitude": 40.642864, "longitude": -74.01266, "collision_count": 64 }, "geometry": { "type": "Point", "coordinates": [ -74.01266, 40.642864 ] } },
{ "type": "Feature", "properties": { "latitude": 40.802395, "longitude": -73.936775, "collision_count": 64 }, "geometry": { "type": "Point", "coordinates": [ -73.936775, 40.802395 ] } },
{ "type": "Feature", "properties": { "latitude": 40.824188, "longitude": -73.91384, "collision_count": 64 }, "geometry": { "type": "Point", "coordinates": [ -73.91384, 40.824188 ] } },
{ "type": "Feature", "properties": { "latitude": 40.71453, "longitude": -73.9444, "collision_count": 64 }, "geometry": { "type": "Point", "coordinates": [ -73.9444, 40.71453 ] } },
{ "type": "Feature", "properties": { "latitude": 40.76532, "longitude": -73.771904, "collision_count": 64 }, "geometry": { "type": "Point", "coordinates": [ -73.771904, 40.76532 ] } },
{ "type": "Feature", "properties": { "latitude": 40.77044, "longitude": -73.91655, "collision_count": 64 }, "geometry": { "type": "Point", "coordinates": [ -73.91655, 40.77044 ] } },
{ "type": "Feature", "properties": { "latitude": 40.756287, "longitude": -73.860725, "collision_count": 64 }, "geometry": { "type": "Point", "coordinates": [ -73.860725, 40.756287 ] } },
{ "type": "Feature", "properties": { "latitude": 40.721172, "longitude": -73.996576, "collision_count": 64 }, "geometry": { "type": "Point", "coordinates": [ -73.996576, 40.721172 ] } },
{ "type": "Feature", "properties": { "latitude": 40.600428, "longitude": -73.94189, "collision_count": 64 }, "geometry": { "type": "Point", "coordinates": [ -73.94189, 40.600428 ] } },
{ "type": "Feature", "properties": { "latitude": 40.7205, "longitude": -73.943726, "collision_count": 64 }, "geometry": { "type": "Point", "coordinates": [ -73.943726, 40.7205 ] } },
{ "type": "Feature", "properties": { "latitude": 40.606182, "longitude": -74.076126, "collision_count": 64 }, "geometry": { "type": "Point", "coordinates": [ -74.076126, 40.606182 ] } },
{ "type": "Feature", "properties": { "latitude": 40.879581, "longitude": -73.878991, "collision_count": 64 }, "geometry": { "type": "Point", "coordinates": [ -73.878991, 40.879581 ] } },
{ "type": "Feature", "properties": { "latitude": 40.638966, "longitude": -73.94251, "collision_count": 64 }, "geometry": { "type": "Point", "coordinates": [ -73.94251, 40.638966 ] } },
{ "type": "Feature", "properties": { "latitude": 40.716454, "longitude": -74.01306, "collision_count": 64 }, "geometry": { "type": "Point", "coordinates": [ -74.01306, 40.716454 ] } },
{ "type": "Feature", "properties": { "latitude": 40.75399, "longitude": -73.90031, "collision_count": 64 }, "geometry": { "type": "Point", "coordinates": [ -73.90031, 40.75399 ] } },
{ "type": "Feature", "properties": { "latitude": 40.690918, "longitude": -73.7623, "collision_count": 64 }, "geometry": { "type": "Point", "coordinates": [ -73.7623, 40.690918 ] } },
{ "type": "Feature", "properties": { "latitude": 40.82077, "longitude": -73.95459, "collision_count": 64 }, "geometry": { "type": "Point", "coordinates": [ -73.95459, 40.82077 ] } },
{ "type": "Feature", "properties": { "latitude": 40.767816, "longitude": -73.989505, "collision_count": 64 }, "geometry": { "type": "Point", "coordinates": [ -73.989505, 40.767816 ] } },
{ "type": "Feature", "properties": { "latitude": 40.679939, "longitude": -73.941207, "collision_count": 64 }, "geometry": { "type": "Point", "coordinates": [ -73.941207, 40.679939 ] } },
{ "type": "Feature", "properties": { "latitude": 40.650208, "longitude": -73.959984, "collision_count": 64 }, "geometry": { "type": "Point", "coordinates": [ -73.959984, 40.650208 ] } },
{ "type": "Feature", "properties": { "latitude": 40.735203, "longitude": -73.9917, "collision_count": 63 }, "geometry": { "type": "Point", "coordinates": [ -73.9917, 40.735203 ] } },
{ "type": "Feature", "properties": { "latitude": 40.715263, "longitude": -73.976326, "collision_count": 63 }, "geometry": { "type": "Point", "coordinates": [ -73.976326, 40.715263 ] } },
{ "type": "Feature", "properties": { "latitude": 40.797306, "longitude": -73.93446, "collision_count": 63 }, "geometry": { "type": "Point", "coordinates": [ -73.93446, 40.797306 ] } },
{ "type": "Feature", "properties": { "latitude": 40.732937, "longitude": -73.920395, "collision_count": 63 }, "geometry": { "type": "Point", "coordinates": [ -73.920395, 40.732937 ] } },
{ "type": "Feature", "properties": { "latitude": 40.677563, "longitude": -73.93309, "collision_count": 63 }, "geometry": { "type": "Point", "coordinates": [ -73.93309, 40.677563 ] } },
{ "type": "Feature", "properties": { "latitude": 40.741667, "longitude": -74.00113, "collision_count": 63 }, "geometry": { "type": "Point", "coordinates": [ -74.00113, 40.741667 ] } },
{ "type": "Feature", "properties": { "latitude": 40.853347, "longitude": -73.881667, "collision_count": 63 }, "geometry": { "type": "Point", "coordinates": [ -73.881667, 40.853347 ] } },
{ "type": "Feature", "properties": { "latitude": 40.58466, "longitude": -73.95086, "collision_count": 63 }, "geometry": { "type": "Point", "coordinates": [ -73.95086, 40.58466 ] } },
{ "type": "Feature", "properties": { "latitude": 40.73862, "longitude": -73.8508, "collision_count": 63 }, "geometry": { "type": "Point", "coordinates": [ -73.8508, 40.73862 ] } },
{ "type": "Feature", "properties": { "latitude": 40.842052, "longitude": -73.837908, "collision_count": 63 }, "geometry": { "type": "Point", "coordinates": [ -73.837908, 40.842052 ] } },
{ "type": "Feature", "properties": { "latitude": 40.749553, "longitude": -74.006529, "collision_count": 63 }, "geometry": { "type": "Point", "coordinates": [ -74.006529, 40.749553 ] } },
{ "type": "Feature", "properties": { "latitude": 40.675735, "longitude": -73.89685, "collision_count": 63 }, "geometry": { "type": "Point", "coordinates": [ -73.89685, 40.675735 ] } },
{ "type": "Feature", "properties": { "latitude": 40.84771, "longitude": -73.93798, "collision_count": 63 }, "geometry": { "type": "Point", "coordinates": [ -73.93798, 40.84771 ] } },
{ "type": "Feature", "properties": { "latitude": 40.641729, "longitude": -73.907637, "collision_count": 63 }, "geometry": { "type": "Point", "coordinates": [ -73.907637, 40.641729 ] } },
{ "type": "Feature", "properties": { "latitude": 40.741023, "longitude": -73.978615, "collision_count": 63 }, "geometry": { "type": "Point", "coordinates": [ -73.978615, 40.741023 ] } },
{ "type": "Feature", "properties": { "latitude": 40.755116, "longitude": -74.00248, "collision_count": 63 }, "geometry": { "type": "Point", "coordinates": [ -74.00248, 40.755116 ] } },
{ "type": "Feature", "properties": { "latitude": 40.683652, "longitude": -73.872186, "collision_count": 63 }, "geometry": { "type": "Point", "coordinates": [ -73.872186, 40.683652 ] } },
{ "type": "Feature", "properties": { "latitude": 40.744346, "longitude": -73.928898, "collision_count": 63 }, "geometry": { "type": "Point", "coordinates": [ -73.928898, 40.744346 ] } },
{ "type": "Feature", "properties": { "latitude": 40.70274, "longitude": -73.79842, "collision_count": 63 }, "geometry": { "type": "Point", "coordinates": [ -73.79842, 40.70274 ] } },
{ "type": "Feature", "properties": { "latitude": 40.675037, "longitude": -73.930534, "collision_count": 63 }, "geometry": { "type": "Point", "coordinates": [ -73.930534, 40.675037 ] } },
{ "type": "Feature", "properties": { "latitude": 40.60805, "longitude": -74.15736, "collision_count": 63 }, "geometry": { "type": "Point", "coordinates": [ -74.15736, 40.60805 ] } },
{ "type": "Feature", "properties": { "latitude": 40.583045, "longitude": -74.096171, "collision_count": 63 }, "geometry": { "type": "Point", "coordinates": [ -74.096171, 40.583045 ] } },
{ "type": "Feature", "properties": { "latitude": 40.64891, "longitude": -73.892552, "collision_count": 63 }, "geometry": { "type": "Point", "coordinates": [ -73.892552, 40.64891 ] } },
{ "type": "Feature", "properties": { "latitude": 40.760994, "longitude": -73.824421, "collision_count": 63 }, "geometry": { "type": "Point", "coordinates": [ -73.824421, 40.760994 ] } },
{ "type": "Feature", "properties": { "latitude": 40.736736, "longitude": -73.854494, "collision_count": 63 }, "geometry": { "type": "Point", "coordinates": [ -73.854494, 40.736736 ] } },
{ "type": "Feature", "properties": { "latitude": 40.72365, "longitude": -73.985284, "collision_count": 63 }, "geometry": { "type": "Point", "coordinates": [ -73.985284, 40.72365 ] } },
{ "type": "Feature", "properties": { "latitude": 40.781933, "longitude": -73.94428, "collision_count": 63 }, "geometry": { "type": "Point", "coordinates": [ -73.94428, 40.781933 ] } },
{ "type": "Feature", "properties": { "latitude": 40.84126, "longitude": -73.92805, "collision_count": 63 }, "geometry": { "type": "Point", "coordinates": [ -73.92805, 40.84126 ] } },
{ "type": "Feature", "properties": { "latitude": 40.620686, "longitude": -74.11002, "collision_count": 63 }, "geometry": { "type": "Point", "coordinates": [ -74.11002, 40.620686 ] } },
{ "type": "Feature", "properties": { "latitude": 40.768593, "longitude": -73.98522, "collision_count": 63 }, "geometry": { "type": "Point", "coordinates": [ -73.98522, 40.768593 ] } },
{ "type": "Feature", "properties": { "latitude": 40.868694, "longitude": -73.90237, "collision_count": 63 }, "geometry": { "type": "Point", "coordinates": [ -73.90237, 40.868694 ] } },
{ "type": "Feature", "properties": { "latitude": 40.69299, "longitude": -73.95583, "collision_count": 63 }, "geometry": { "type": "Point", "coordinates": [ -73.95583, 40.69299 ] } },
{ "type": "Feature", "properties": { "latitude": 40.616707, "longitude": -73.97846, "collision_count": 63 }, "geometry": { "type": "Point", "coordinates": [ -73.97846, 40.616707 ] } },
{ "type": "Feature", "properties": { "latitude": 40.84497, "longitude": -73.9092, "collision_count": 63 }, "geometry": { "type": "Point", "coordinates": [ -73.9092, 40.84497 ] } },
{ "type": "Feature", "properties": { "latitude": 40.707783, "longitude": -73.932076, "collision_count": 63 }, "geometry": { "type": "Point", "coordinates": [ -73.932076, 40.707783 ] } },
{ "type": "Feature", "properties": { "latitude": 40.860577, "longitude": -73.902546, "collision_count": 63 }, "geometry": { "type": "Point", "coordinates": [ -73.902546, 40.860577 ] } },
{ "type": "Feature", "properties": { "latitude": 40.77234, "longitude": -73.95269, "collision_count": 63 }, "geometry": { "type": "Point", "coordinates": [ -73.95269, 40.77234 ] } },
{ "type": "Feature", "properties": { "latitude": 40.61143, "longitude": -74.03485, "collision_count": 63 }, "geometry": { "type": "Point", "coordinates": [ -74.03485, 40.61143 ] } },
{ "type": "Feature", "properties": { "latitude": 40.68817, "longitude": -73.98399, "collision_count": 63 }, "geometry": { "type": "Point", "coordinates": [ -73.98399, 40.68817 ] } },
{ "type": "Feature", "properties": { "latitude": 40.593163, "longitude": -73.908586, "collision_count": 63 }, "geometry": { "type": "Point", "coordinates": [ -73.908586, 40.593163 ] } },
{ "type": "Feature", "properties": { "latitude": 40.757748, "longitude": -73.971452, "collision_count": 63 }, "geometry": { "type": "Point", "coordinates": [ -73.971452, 40.757748 ] } },
{ "type": "Feature", "properties": { "latitude": 40.789116, "longitude": -73.82259, "collision_count": 63 }, "geometry": { "type": "Point", "coordinates": [ -73.82259, 40.789116 ] } },
{ "type": "Feature", "properties": { "latitude": 40.841278, "longitude": -73.863582, "collision_count": 63 }, "geometry": { "type": "Point", "coordinates": [ -73.863582, 40.841278 ] } },
{ "type": "Feature", "properties": { "latitude": 40.82269, "longitude": -73.94947, "collision_count": 63 }, "geometry": { "type": "Point", "coordinates": [ -73.94947, 40.82269 ] } },
{ "type": "Feature", "properties": { "latitude": 40.738266, "longitude": -73.79706, "collision_count": 63 }, "geometry": { "type": "Point", "coordinates": [ -73.79706, 40.738266 ] } },
{ "type": "Feature", "properties": { "latitude": 40.72895, "longitude": -73.927923, "collision_count": 63 }, "geometry": { "type": "Point", "coordinates": [ -73.927923, 40.72895 ] } },
{ "type": "Feature", "properties": { "latitude": 40.656273, "longitude": -73.90731, "collision_count": 63 }, "geometry": { "type": "Point", "coordinates": [ -73.90731, 40.656273 ] } },
{ "type": "Feature", "properties": { "latitude": 40.789169, "longitude": -73.952743, "collision_count": 63 }, "geometry": { "type": "Point", "coordinates": [ -73.952743, 40.789169 ] } },
{ "type": "Feature", "properties": { "latitude": 40.784325, "longitude": -73.94225, "collision_count": 63 }, "geometry": { "type": "Point", "coordinates": [ -73.94225, 40.784325 ] } },
{ "type": "Feature", "properties": { "latitude": 40.761658, "longitude": -73.986565, "collision_count": 63 }, "geometry": { "type": "Point", "coordinates": [ -73.986565, 40.761658 ] } },
{ "type": "Feature", "properties": { "latitude": 40.611322, "longitude": -74.114703, "collision_count": 63 }, "geometry": { "type": "Point", "coordinates": [ -74.114703, 40.611322 ] } },
{ "type": "Feature", "properties": { "latitude": 40.83389, "longitude": -73.85466, "collision_count": 63 }, "geometry": { "type": "Point", "coordinates": [ -73.85466, 40.83389 ] } },
{ "type": "Feature", "properties": { "latitude": 40.81151, "longitude": -73.94649, "collision_count": 63 }, "geometry": { "type": "Point", "coordinates": [ -73.94649, 40.81151 ] } },
{ "type": "Feature", "properties": { "latitude": 40.774292, "longitude": -73.95127, "collision_count": 63 }, "geometry": { "type": "Point", "coordinates": [ -73.95127, 40.774292 ] } },
{ "type": "Feature", "properties": { "latitude": 40.771656, "longitude": -73.95319, "collision_count": 63 }, "geometry": { "type": "Point", "coordinates": [ -73.95319, 40.771656 ] } },
{ "type": "Feature", "properties": { "latitude": 40.810532, "longitude": -73.962055, "collision_count": 63 }, "geometry": { "type": "Point", "coordinates": [ -73.962055, 40.810532 ] } },
{ "type": "Feature", "properties": { "latitude": 40.605137, "longitude": -74.01729, "collision_count": 63 }, "geometry": { "type": "Point", "coordinates": [ -74.01729, 40.605137 ] } },
{ "type": "Feature", "properties": { "latitude": 40.8375, "longitude": -73.91061, "collision_count": 63 }, "geometry": { "type": "Point", "coordinates": [ -73.91061, 40.8375 ] } },
{ "type": "Feature", "properties": { "latitude": 40.662556, "longitude": -73.91963, "collision_count": 63 }, "geometry": { "type": "Point", "coordinates": [ -73.91963, 40.662556 ] } },
{ "type": "Feature", "properties": { "latitude": 40.750718, "longitude": -73.858765, "collision_count": 63 }, "geometry": { "type": "Point", "coordinates": [ -73.858765, 40.750718 ] } },
{ "type": "Feature", "properties": { "latitude": 40.84065, "longitude": -73.91902, "collision_count": 63 }, "geometry": { "type": "Point", "coordinates": [ -73.91902, 40.84065 ] } },
{ "type": "Feature", "properties": { "latitude": 40.664377, "longitude": -73.92375, "collision_count": 63 }, "geometry": { "type": "Point", "coordinates": [ -73.92375, 40.664377 ] } },
{ "type": "Feature", "properties": { "latitude": 40.788555, "longitude": -73.78234, "collision_count": 63 }, "geometry": { "type": "Point", "coordinates": [ -73.78234, 40.788555 ] } },
{ "type": "Feature", "properties": { "latitude": 40.781666, "longitude": -73.986694, "collision_count": 63 }, "geometry": { "type": "Point", "coordinates": [ -73.986694, 40.781666 ] } },
{ "type": "Feature", "properties": { "latitude": 40.77855, "longitude": -73.951256, "collision_count": 63 }, "geometry": { "type": "Point", "coordinates": [ -73.951256, 40.77855 ] } },
{ "type": "Feature", "properties": { "latitude": 40.74137, "longitude": -73.97252, "collision_count": 63 }, "geometry": { "type": "Point", "coordinates": [ -73.97252, 40.74137 ] } },
{ "type": "Feature", "properties": { "latitude": 40.671828, "longitude": -73.774497, "collision_count": 63 }, "geometry": { "type": "Point", "coordinates": [ -73.774497, 40.671828 ] } },
{ "type": "Feature", "properties": { "latitude": 40.7674, "longitude": -73.98238, "collision_count": 63 }, "geometry": { "type": "Point", "coordinates": [ -73.98238, 40.7674 ] } },
{ "type": "Feature", "properties": { "latitude": 40.72089, "longitude": -73.99576, "collision_count": 63 }, "geometry": { "type": "Point", "coordinates": [ -73.99576, 40.72089 ] } },
{ "type": "Feature", "properties": { "latitude": 40.706085, "longitude": -73.8085, "collision_count": 63 }, "geometry": { "type": "Point", "coordinates": [ -73.8085, 40.706085 ] } },
{ "type": "Feature", "properties": { "latitude": 40.885219, "longitude": -73.879364, "collision_count": 63 }, "geometry": { "type": "Point", "coordinates": [ -73.879364, 40.885219 ] } },
{ "type": "Feature", "properties": { "latitude": 40.800664, "longitude": -73.946461, "collision_count": 63 }, "geometry": { "type": "Point", "coordinates": [ -73.946461, 40.800664 ] } },
{ "type": "Feature", "properties": { "latitude": 40.615185, "longitude": -73.98367, "collision_count": 63 }, "geometry": { "type": "Point", "coordinates": [ -73.98367, 40.615185 ] } },
{ "type": "Feature", "properties": { "latitude": 40.531918, "longitude": -74.19175, "collision_count": 63 }, "geometry": { "type": "Point", "coordinates": [ -74.19175, 40.531918 ] } },
{ "type": "Feature", "properties": { "latitude": 40.690757, "longitude": -73.996232, "collision_count": 63 }, "geometry": { "type": "Point", "coordinates": [ -73.996232, 40.690757 ] } },
{ "type": "Feature", "properties": { "latitude": 40.79676, "longitude": -73.9451, "collision_count": 63 }, "geometry": { "type": "Point", "coordinates": [ -73.9451, 40.79676 ] } },
{ "type": "Feature", "properties": { "latitude": 40.77039, "longitude": -73.954114, "collision_count": 63 }, "geometry": { "type": "Point", "coordinates": [ -73.954114, 40.77039 ] } },
{ "type": "Feature", "properties": { "latitude": 40.716644, "longitude": -73.99582, "collision_count": 63 }, "geometry": { "type": "Point", "coordinates": [ -73.99582, 40.716644 ] } },
{ "type": "Feature", "properties": { "latitude": 40.575815, "longitude": -74.119785, "collision_count": 63 }, "geometry": { "type": "Point", "coordinates": [ -74.119785, 40.575815 ] } },
{ "type": "Feature", "properties": { "latitude": 40.76871, "longitude": -73.969986, "collision_count": 63 }, "geometry": { "type": "Point", "coordinates": [ -73.969986, 40.76871 ] } },
{ "type": "Feature", "properties": { "latitude": 40.695995, "longitude": -73.782776, "collision_count": 63 }, "geometry": { "type": "Point", "coordinates": [ -73.782776, 40.695995 ] } },
{ "type": "Feature", "properties": { "latitude": 40.693341, "longitude": -73.966882, "collision_count": 63 }, "geometry": { "type": "Point", "coordinates": [ -73.966882, 40.693341 ] } },
{ "type": "Feature", "properties": { "latitude": 40.605675, "longitude": -73.966961, "collision_count": 63 }, "geometry": { "type": "Point", "coordinates": [ -73.966961, 40.605675 ] } },
{ "type": "Feature", "properties": { "latitude": 40.64632, "longitude": -73.92981, "collision_count": 63 }, "geometry": { "type": "Point", "coordinates": [ -73.92981, 40.64632 ] } },
{ "type": "Feature", "properties": { "latitude": 40.777505, "longitude": -73.954946, "collision_count": 63 }, "geometry": { "type": "Point", "coordinates": [ -73.954946, 40.777505 ] } },
{ "type": "Feature", "properties": { "latitude": 40.750646, "longitude": -73.945656, "collision_count": 63 }, "geometry": { "type": "Point", "coordinates": [ -73.945656, 40.750646 ] } },
{ "type": "Feature", "properties": { "latitude": 40.797447, "longitude": -73.94671, "collision_count": 63 }, "geometry": { "type": "Point", "coordinates": [ -73.94671, 40.797447 ] } },
{ "type": "Feature", "properties": { "latitude": 40.714533, "longitude": -73.944387, "collision_count": 63 }, "geometry": { "type": "Point", "coordinates": [ -73.944387, 40.714533 ] } },
{ "type": "Feature", "properties": { "latitude": 40.742096, "longitude": -73.86748, "collision_count": 63 }, "geometry": { "type": "Point", "coordinates": [ -73.86748, 40.742096 ] } },
{ "type": "Feature", "properties": { "latitude": 40.650944, "longitude": -73.905975, "collision_count": 63 }, "geometry": { "type": "Point", "coordinates": [ -73.905975, 40.650944 ] } },
{ "type": "Feature", "properties": { "latitude": 40.8385, "longitude": -73.90598, "collision_count": 63 }, "geometry": { "type": "Point", "coordinates": [ -73.90598, 40.8385 ] } },
{ "type": "Feature", "properties": { "latitude": 40.690693, "longitude": -73.95728, "collision_count": 63 }, "geometry": { "type": "Point", "coordinates": [ -73.95728, 40.690693 ] } },
{ "type": "Feature", "properties": { "latitude": 40.695377, "longitude": -73.949207, "collision_count": 63 }, "geometry": { "type": "Point", "coordinates": [ -73.949207, 40.695377 ] } },
{ "type": "Feature", "properties": { "latitude": 40.749638, "longitude": -73.999036, "collision_count": 63 }, "geometry": { "type": "Point", "coordinates": [ -73.999036, 40.749638 ] } },
{ "type": "Feature", "properties": { "latitude": 40.709305, "longitude": -73.99167, "collision_count": 63 }, "geometry": { "type": "Point", "coordinates": [ -73.99167, 40.709305 ] } },
{ "type": "Feature", "properties": { "latitude": 40.791046, "longitude": -73.95138, "collision_count": 63 }, "geometry": { "type": "Point", "coordinates": [ -73.95138, 40.791046 ] } },
{ "type": "Feature", "properties": { "latitude": 40.764222, "longitude": -73.980979, "collision_count": 63 }, "geometry": { "type": "Point", "coordinates": [ -73.980979, 40.764222 ] } },
{ "type": "Feature", "properties": { "latitude": 40.5433, "longitude": -74.16424, "collision_count": 63 }, "geometry": { "type": "Point", "coordinates": [ -74.16424, 40.5433 ] } },
{ "type": "Feature", "properties": { "latitude": 40.831001, "longitude": -73.826517, "collision_count": 63 }, "geometry": { "type": "Point", "coordinates": [ -73.826517, 40.831001 ] } },
{ "type": "Feature", "properties": { "latitude": 40.71664, "longitude": -73.97561, "collision_count": 63 }, "geometry": { "type": "Point", "coordinates": [ -73.97561, 40.71664 ] } },
{ "type": "Feature", "properties": { "latitude": 40.760418, "longitude": -73.97584, "collision_count": 63 }, "geometry": { "type": "Point", "coordinates": [ -73.97584, 40.760418 ] } },
{ "type": "Feature", "properties": { "latitude": 40.644325, "longitude": -74.018061, "collision_count": 63 }, "geometry": { "type": "Point", "coordinates": [ -74.018061, 40.644325 ] } },
{ "type": "Feature", "properties": { "latitude": 40.712285, "longitude": -73.785351, "collision_count": 63 }, "geometry": { "type": "Point", "coordinates": [ -73.785351, 40.712285 ] } },
{ "type": "Feature", "properties": { "latitude": 40.673588, "longitude": -73.96296, "collision_count": 63 }, "geometry": { "type": "Point", "coordinates": [ -73.96296, 40.673588 ] } },
{ "type": "Feature", "properties": { "latitude": 40.73616, "longitude": -73.713701, "collision_count": 63 }, "geometry": { "type": "Point", "coordinates": [ -73.713701, 40.73616 ] } },
{ "type": "Feature", "properties": { "latitude": 40.675912, "longitude": -73.89491, "collision_count": 63 }, "geometry": { "type": "Point", "coordinates": [ -73.89491, 40.675912 ] } },
{ "type": "Feature", "properties": { "latitude": 40.757748, "longitude": -73.97146, "collision_count": 63 }, "geometry": { "type": "Point", "coordinates": [ -73.97146, 40.757748 ] } },
{ "type": "Feature", "properties": { "latitude": 40.700054, "longitude": -73.92459, "collision_count": 63 }, "geometry": { "type": "Point", "coordinates": [ -73.92459, 40.700054 ] } },
{ "type": "Feature", "properties": { "latitude": 40.736546, "longitude": -73.98905, "collision_count": 63 }, "geometry": { "type": "Point", "coordinates": [ -73.98905, 40.736546 ] } },
{ "type": "Feature", "properties": { "latitude": 40.647346, "longitude": -74.007996, "collision_count": 63 }, "geometry": { "type": "Point", "coordinates": [ -74.007996, 40.647346 ] } },
{ "type": "Feature", "properties": { "latitude": 40.588955, "longitude": -74.167591, "collision_count": 63 }, "geometry": { "type": "Point", "coordinates": [ -74.167591, 40.588955 ] } },
{ "type": "Feature", "properties": { "latitude": 40.698536, "longitude": -73.91788, "collision_count": 63 }, "geometry": { "type": "Point", "coordinates": [ -73.91788, 40.698536 ] } },
{ "type": "Feature", "properties": { "latitude": 40.82101, "longitude": -73.86575, "collision_count": 63 }, "geometry": { "type": "Point", "coordinates": [ -73.86575, 40.82101 ] } },
{ "type": "Feature", "properties": { "latitude": 40.865532, "longitude": -73.86238, "collision_count": 63 }, "geometry": { "type": "Point", "coordinates": [ -73.86238, 40.865532 ] } },
{ "type": "Feature", "properties": { "latitude": 40.666935, "longitude": -73.782715, "collision_count": 63 }, "geometry": { "type": "Point", "coordinates": [ -73.782715, 40.666935 ] } },
{ "type": "Feature", "properties": { "latitude": 40.832317, "longitude": -73.931601, "collision_count": 63 }, "geometry": { "type": "Point", "coordinates": [ -73.931601, 40.832317 ] } },
{ "type": "Feature", "properties": { "latitude": 40.760312, "longitude": -73.971696, "collision_count": 63 }, "geometry": { "type": "Point", "coordinates": [ -73.971696, 40.760312 ] } },
{ "type": "Feature", "properties": { "latitude": 40.833588, "longitude": -73.91498, "collision_count": 63 }, "geometry": { "type": "Point", "coordinates": [ -73.91498, 40.833588 ] } },
{ "type": "Feature", "properties": { "latitude": 40.792933, "longitude": -73.947901, "collision_count": 63 }, "geometry": { "type": "Point", "coordinates": [ -73.947901, 40.792933 ] } },
{ "type": "Feature", "properties": { "latitude": 40.823041, "longitude": -73.881916, "collision_count": 63 }, "geometry": { "type": "Point", "coordinates": [ -73.881916, 40.823041 ] } },
{ "type": "Feature", "properties": { "latitude": 40.83354, "longitude": -73.89631, "collision_count": 63 }, "geometry": { "type": "Point", "coordinates": [ -73.89631, 40.83354 ] } },
{ "type": "Feature", "properties": { "latitude": 40.72639, "longitude": -73.9918, "collision_count": 63 }, "geometry": { "type": "Point", "coordinates": [ -73.9918, 40.72639 ] } },
{ "type": "Feature", "properties": { "latitude": 40.88919, "longitude": -73.83131, "collision_count": 63 }, "geometry": { "type": "Point", "coordinates": [ -73.83131, 40.88919 ] } },
{ "type": "Feature", "properties": { "latitude": 40.74712, "longitude": -73.942382, "collision_count": 63 }, "geometry": { "type": "Point", "coordinates": [ -73.942382, 40.74712 ] } },
{ "type": "Feature", "properties": { "latitude": 40.72937, "longitude": -73.983998, "collision_count": 63 }, "geometry": { "type": "Point", "coordinates": [ -73.983998, 40.72937 ] } },
{ "type": "Feature", "properties": { "latitude": 40.753625, "longitude": -73.969432, "collision_count": 63 }, "geometry": { "type": "Point", "coordinates": [ -73.969432, 40.753625 ] } },
{ "type": "Feature", "properties": { "latitude": 40.825165, "longitude": -73.86699, "collision_count": 63 }, "geometry": { "type": "Point", "coordinates": [ -73.86699, 40.825165 ] } },
{ "type": "Feature", "properties": { "latitude": 40.816558, "longitude": -73.916762, "collision_count": 63 }, "geometry": { "type": "Point", "coordinates": [ -73.916762, 40.816558 ] } },
{ "type": "Feature", "properties": { "latitude": 40.714729, "longitude": -73.942068, "collision_count": 63 }, "geometry": { "type": "Point", "coordinates": [ -73.942068, 40.714729 ] } },
{ "type": "Feature", "properties": { "latitude": 40.714005, "longitude": -73.99749, "collision_count": 63 }, "geometry": { "type": "Point", "coordinates": [ -73.99749, 40.714005 ] } },
{ "type": "Feature", "properties": { "latitude": 40.78167, "longitude": -73.83076, "collision_count": 63 }, "geometry": { "type": "Point", "coordinates": [ -73.83076, 40.78167 ] } },
{ "type": "Feature", "properties": { "latitude": 40.75585, "longitude": -73.88259, "collision_count": 63 }, "geometry": { "type": "Point", "coordinates": [ -73.88259, 40.75585 ] } },
{ "type": "Feature", "properties": { "latitude": 40.76099, "longitude": -73.97331, "collision_count": 63 }, "geometry": { "type": "Point", "coordinates": [ -73.97331, 40.76099 ] } },
{ "type": "Feature", "properties": { "latitude": 40.67765, "longitude": -73.949776, "collision_count": 63 }, "geometry": { "type": "Point", "coordinates": [ -73.949776, 40.67765 ] } },
{ "type": "Feature", "properties": { "latitude": 40.742646, "longitude": -73.982454, "collision_count": 63 }, "geometry": { "type": "Point", "coordinates": [ -73.982454, 40.742646 ] } },
{ "type": "Feature", "properties": { "latitude": 40.71347, "longitude": -73.91567, "collision_count": 63 }, "geometry": { "type": "Point", "coordinates": [ -73.91567, 40.71347 ] } },
{ "type": "Feature", "properties": { "latitude": 40.701588, "longitude": -73.74865, "collision_count": 63 }, "geometry": { "type": "Point", "coordinates": [ -73.74865, 40.701588 ] } },
{ "type": "Feature", "properties": { "latitude": 40.67054, "longitude": -73.820885, "collision_count": 63 }, "geometry": { "type": "Point", "coordinates": [ -73.820885, 40.67054 ] } },
{ "type": "Feature", "properties": { "latitude": 40.67229, "longitude": -73.913124, "collision_count": 63 }, "geometry": { "type": "Point", "coordinates": [ -73.913124, 40.67229 ] } },
{ "type": "Feature", "properties": { "latitude": 40.607655, "longitude": -74.01703, "collision_count": 63 }, "geometry": { "type": "Point", "coordinates": [ -74.01703, 40.607655 ] } },
{ "type": "Feature", "properties": { "latitude": 40.7597, "longitude": -73.80031, "collision_count": 62 }, "geometry": { "type": "Point", "coordinates": [ -73.80031, 40.7597 ] } },
{ "type": "Feature", "properties": { "latitude": 40.67341, "longitude": -73.93348, "collision_count": 62 }, "geometry": { "type": "Point", "coordinates": [ -73.93348, 40.67341 ] } },
{ "type": "Feature", "properties": { "latitude": 40.884647, "longitude": -73.82662, "collision_count": 62 }, "geometry": { "type": "Point", "coordinates": [ -73.82662, 40.884647 ] } },
{ "type": "Feature", "properties": { "latitude": 40.761166, "longitude": -73.82938, "collision_count": 62 }, "geometry": { "type": "Point", "coordinates": [ -73.82938, 40.761166 ] } },
{ "type": "Feature", "properties": { "latitude": 40.737865, "longitude": -74.00019, "collision_count": 62 }, "geometry": { "type": "Point", "coordinates": [ -74.00019, 40.737865 ] } },
{ "type": "Feature", "properties": { "latitude": 40.62621, "longitude": -73.927666, "collision_count": 62 }, "geometry": { "type": "Point", "coordinates": [ -73.927666, 40.62621 ] } },
{ "type": "Feature", "properties": { "latitude": 40.688667, "longitude": -73.87548, "collision_count": 62 }, "geometry": { "type": "Point", "coordinates": [ -73.87548, 40.688667 ] } },
{ "type": "Feature", "properties": { "latitude": 40.764033, "longitude": -73.98247, "collision_count": 62 }, "geometry": { "type": "Point", "coordinates": [ -73.98247, 40.764033 ] } },
{ "type": "Feature", "properties": { "latitude": 40.700751, "longitude": -73.985984, "collision_count": 62 }, "geometry": { "type": "Point", "coordinates": [ -73.985984, 40.700751 ] } },
{ "type": "Feature", "properties": { "latitude": 40.742908, "longitude": -73.839308, "collision_count": 62 }, "geometry": { "type": "Point", "coordinates": [ -73.839308, 40.742908 ] } },
{ "type": "Feature", "properties": { "latitude": 40.722663, "longitude": -73.99798, "collision_count": 62 }, "geometry": { "type": "Point", "coordinates": [ -73.99798, 40.722663 ] } },
{ "type": "Feature", "properties": { "latitude": 40.60566, "longitude": -73.966965, "collision_count": 62 }, "geometry": { "type": "Point", "coordinates": [ -73.966965, 40.60566 ] } },
{ "type": "Feature", "properties": { "latitude": 40.690241, "longitude": -73.948187, "collision_count": 62 }, "geometry": { "type": "Point", "coordinates": [ -73.948187, 40.690241 ] } },
{ "type": "Feature", "properties": { "latitude": 40.75457, "longitude": -73.97169, "collision_count": 62 }, "geometry": { "type": "Point", "coordinates": [ -73.97169, 40.75457 ] } },
{ "type": "Feature", "properties": { "latitude": 40.754279, "longitude": -73.909011, "collision_count": 62 }, "geometry": { "type": "Point", "coordinates": [ -73.909011, 40.754279 ] } },
{ "type": "Feature", "properties": { "latitude": 40.751575, "longitude": -73.982285, "collision_count": 62 }, "geometry": { "type": "Point", "coordinates": [ -73.982285, 40.751575 ] } },
{ "type": "Feature", "properties": { "latitude": 40.757727, "longitude": -73.779263, "collision_count": 62 }, "geometry": { "type": "Point", "coordinates": [ -73.779263, 40.757727 ] } },
{ "type": "Feature", "properties": { "latitude": 40.74309, "longitude": -73.97402, "collision_count": 62 }, "geometry": { "type": "Point", "coordinates": [ -73.97402, 40.74309 ] } },
{ "type": "Feature", "properties": { "latitude": 40.613052, "longitude": -73.949118, "collision_count": 62 }, "geometry": { "type": "Point", "coordinates": [ -73.949118, 40.613052 ] } },
{ "type": "Feature", "properties": { "latitude": 40.758991, "longitude": -73.83453, "collision_count": 62 }, "geometry": { "type": "Point", "coordinates": [ -73.83453, 40.758991 ] } },
{ "type": "Feature", "properties": { "latitude": 40.85206, "longitude": -73.82664, "collision_count": 62 }, "geometry": { "type": "Point", "coordinates": [ -73.82664, 40.85206 ] } },
{ "type": "Feature", "properties": { "latitude": 40.82803, "longitude": -73.934845, "collision_count": 62 }, "geometry": { "type": "Point", "coordinates": [ -73.934845, 40.82803 ] } },
{ "type": "Feature", "properties": { "latitude": 40.70241, "longitude": -73.79253, "collision_count": 62 }, "geometry": { "type": "Point", "coordinates": [ -73.79253, 40.70241 ] } },
{ "type": "Feature", "properties": { "latitude": 40.849542, "longitude": -73.936398, "collision_count": 62 }, "geometry": { "type": "Point", "coordinates": [ -73.936398, 40.849542 ] } },
{ "type": "Feature", "properties": { "latitude": 40.73602, "longitude": -73.98228, "collision_count": 62 }, "geometry": { "type": "Point", "coordinates": [ -73.98228, 40.73602 ] } },
{ "type": "Feature", "properties": { "latitude": 40.737799, "longitude": -73.850691, "collision_count": 62 }, "geometry": { "type": "Point", "coordinates": [ -73.850691, 40.737799 ] } },
{ "type": "Feature", "properties": { "latitude": 40.652145, "longitude": -73.95915, "collision_count": 62 }, "geometry": { "type": "Point", "coordinates": [ -73.95915, 40.652145 ] } },
{ "type": "Feature", "properties": { "latitude": 40.648533, "longitude": -73.958262, "collision_count": 62 }, "geometry": { "type": "Point", "coordinates": [ -73.958262, 40.648533 ] } },
{ "type": "Feature", "properties": { "latitude": 40.82244, "longitude": -73.8859, "collision_count": 62 }, "geometry": { "type": "Point", "coordinates": [ -73.8859, 40.82244 ] } },
{ "type": "Feature", "properties": { "latitude": 40.785732, "longitude": -73.97645, "collision_count": 62 }, "geometry": { "type": "Point", "coordinates": [ -73.97645, 40.785732 ] } },
{ "type": "Feature", "properties": { "latitude": 40.669011, "longitude": -73.99677, "collision_count": 62 }, "geometry": { "type": "Point", "coordinates": [ -73.99677, 40.669011 ] } },
{ "type": "Feature", "properties": { "latitude": 40.771393, "longitude": -73.98216, "collision_count": 62 }, "geometry": { "type": "Point", "coordinates": [ -73.98216, 40.771393 ] } },
{ "type": "Feature", "properties": { "latitude": 40.706142, "longitude": -74.00603, "collision_count": 62 }, "geometry": { "type": "Point", "coordinates": [ -74.00603, 40.706142 ] } },
{ "type": "Feature", "properties": { "latitude": 40.61834, "longitude": -74.03018, "collision_count": 62 }, "geometry": { "type": "Point", "coordinates": [ -74.03018, 40.61834 ] } },
{ "type": "Feature", "properties": { "latitude": 40.76407, "longitude": -73.80914, "collision_count": 62 }, "geometry": { "type": "Point", "coordinates": [ -73.80914, 40.76407 ] } },
{ "type": "Feature", "properties": { "latitude": 40.71521, "longitude": -73.98427, "collision_count": 62 }, "geometry": { "type": "Point", "coordinates": [ -73.98427, 40.71521 ] } },
{ "type": "Feature", "properties": { "latitude": 40.633606, "longitude": -73.91623, "collision_count": 62 }, "geometry": { "type": "Point", "coordinates": [ -73.91623, 40.633606 ] } },
{ "type": "Feature", "properties": { "latitude": 40.6048, "longitude": -73.966805, "collision_count": 62 }, "geometry": { "type": "Point", "coordinates": [ -73.966805, 40.6048 ] } },
{ "type": "Feature", "properties": { "latitude": 40.80939, "longitude": -73.88042, "collision_count": 62 }, "geometry": { "type": "Point", "coordinates": [ -73.88042, 40.80939 ] } },
{ "type": "Feature", "properties": { "latitude": 40.657093, "longitude": -73.95026, "collision_count": 62 }, "geometry": { "type": "Point", "coordinates": [ -73.95026, 40.657093 ] } },
{ "type": "Feature", "properties": { "latitude": 40.767242, "longitude": -73.986202, "collision_count": 62 }, "geometry": { "type": "Point", "coordinates": [ -73.986202, 40.767242 ] } },
{ "type": "Feature", "properties": { "latitude": 40.711597, "longitude": -73.85819, "collision_count": 62 }, "geometry": { "type": "Point", "coordinates": [ -73.85819, 40.711597 ] } },
{ "type": "Feature", "properties": { "latitude": 40.86247, "longitude": -73.90029, "collision_count": 62 }, "geometry": { "type": "Point", "coordinates": [ -73.90029, 40.86247 ] } },
{ "type": "Feature", "properties": { "latitude": 40.76591, "longitude": -73.96341, "collision_count": 62 }, "geometry": { "type": "Point", "coordinates": [ -73.96341, 40.76591 ] } },
{ "type": "Feature", "properties": { "latitude": 40.68594, "longitude": -73.84686, "collision_count": 62 }, "geometry": { "type": "Point", "coordinates": [ -73.84686, 40.68594 ] } },
{ "type": "Feature", "properties": { "latitude": 40.732727, "longitude": -73.97451, "collision_count": 62 }, "geometry": { "type": "Point", "coordinates": [ -73.97451, 40.732727 ] } },
{ "type": "Feature", "properties": { "latitude": 40.862602, "longitude": -73.92028, "collision_count": 62 }, "geometry": { "type": "Point", "coordinates": [ -73.92028, 40.862602 ] } },
{ "type": "Feature", "properties": { "latitude": 40.825756, "longitude": -73.95094, "collision_count": 62 }, "geometry": { "type": "Point", "coordinates": [ -73.95094, 40.825756 ] } },
{ "type": "Feature", "properties": { "latitude": 40.83022, "longitude": -73.94769, "collision_count": 62 }, "geometry": { "type": "Point", "coordinates": [ -73.94769, 40.83022 ] } },
{ "type": "Feature", "properties": { "latitude": 40.7011, "longitude": -73.84157, "collision_count": 62 }, "geometry": { "type": "Point", "coordinates": [ -73.84157, 40.7011 ] } },
{ "type": "Feature", "properties": { "latitude": 40.763009, "longitude": -73.875323, "collision_count": 62 }, "geometry": { "type": "Point", "coordinates": [ -73.875323, 40.763009 ] } },
{ "type": "Feature", "properties": { "latitude": 40.745304, "longitude": -73.82595, "collision_count": 62 }, "geometry": { "type": "Point", "coordinates": [ -73.82595, 40.745304 ] } },
{ "type": "Feature", "properties": { "latitude": 40.737143, "longitude": -73.988594, "collision_count": 62 }, "geometry": { "type": "Point", "coordinates": [ -73.988594, 40.737143 ] } },
{ "type": "Feature", "properties": { "latitude": 40.84091, "longitude": -73.904755, "collision_count": 62 }, "geometry": { "type": "Point", "coordinates": [ -73.904755, 40.84091 ] } },
{ "type": "Feature", "properties": { "latitude": 40.66691, "longitude": -73.839066, "collision_count": 62 }, "geometry": { "type": "Point", "coordinates": [ -73.839066, 40.66691 ] } },
{ "type": "Feature", "properties": { "latitude": 40.767967, "longitude": -73.96822, "collision_count": 62 }, "geometry": { "type": "Point", "coordinates": [ -73.96822, 40.767967 ] } },
{ "type": "Feature", "properties": { "latitude": 40.665726, "longitude": -73.96425, "collision_count": 62 }, "geometry": { "type": "Point", "coordinates": [ -73.96425, 40.665726 ] } },
{ "type": "Feature", "properties": { "latitude": 40.644469, "longitude": -74.076854, "collision_count": 62 }, "geometry": { "type": "Point", "coordinates": [ -74.076854, 40.644469 ] } },
{ "type": "Feature", "properties": { "latitude": 40.699707, "longitude": -73.95718, "collision_count": 62 }, "geometry": { "type": "Point", "coordinates": [ -73.95718, 40.699707 ] } },
{ "type": "Feature", "properties": { "latitude": 40.711599, "longitude": -73.858188, "collision_count": 62 }, "geometry": { "type": "Point", "coordinates": [ -73.858188, 40.711599 ] } },
{ "type": "Feature", "properties": { "latitude": 40.699791, "longitude": -73.950091, "collision_count": 62 }, "geometry": { "type": "Point", "coordinates": [ -73.950091, 40.699791 ] } },
{ "type": "Feature", "properties": { "latitude": 40.73088, "longitude": -73.871635, "collision_count": 62 }, "geometry": { "type": "Point", "coordinates": [ -73.871635, 40.73088 ] } },
{ "type": "Feature", "properties": { "latitude": 40.608814, "longitude": -73.973, "collision_count": 62 }, "geometry": { "type": "Point", "coordinates": [ -73.973, 40.608814 ] } },
{ "type": "Feature", "properties": { "latitude": 40.76729, "longitude": -73.966607, "collision_count": 62 }, "geometry": { "type": "Point", "coordinates": [ -73.966607, 40.76729 ] } },
{ "type": "Feature", "properties": { "latitude": 40.68473, "longitude": -74.00102, "collision_count": 62 }, "geometry": { "type": "Point", "coordinates": [ -74.00102, 40.68473 ] } },
{ "type": "Feature", "properties": { "latitude": 40.716826, "longitude": -73.820183, "collision_count": 62 }, "geometry": { "type": "Point", "coordinates": [ -73.820183, 40.716826 ] } },
{ "type": "Feature", "properties": { "latitude": 40.63529, "longitude": -73.958206, "collision_count": 62 }, "geometry": { "type": "Point", "coordinates": [ -73.958206, 40.63529 ] } },
{ "type": "Feature", "properties": { "latitude": 40.73191, "longitude": -73.87124, "collision_count": 62 }, "geometry": { "type": "Point", "coordinates": [ -73.87124, 40.73191 ] } },
{ "type": "Feature", "properties": { "latitude": 40.703655, "longitude": -73.822459, "collision_count": 62 }, "geometry": { "type": "Point", "coordinates": [ -73.822459, 40.703655 ] } },
{ "type": "Feature", "properties": { "latitude": 40.669172, "longitude": -73.986305, "collision_count": 62 }, "geometry": { "type": "Point", "coordinates": [ -73.986305, 40.669172 ] } },
{ "type": "Feature", "properties": { "latitude": 40.725796, "longitude": -73.99762, "collision_count": 62 }, "geometry": { "type": "Point", "coordinates": [ -73.99762, 40.725796 ] } },
{ "type": "Feature", "properties": { "latitude": 40.79793, "longitude": -73.934, "collision_count": 62 }, "geometry": { "type": "Point", "coordinates": [ -73.934, 40.79793 ] } },
{ "type": "Feature", "properties": { "latitude": 40.715356, "longitude": -73.99772, "collision_count": 62 }, "geometry": { "type": "Point", "coordinates": [ -73.99772, 40.715356 ] } },
{ "type": "Feature", "properties": { "latitude": 40.76874, "longitude": -73.90881, "collision_count": 62 }, "geometry": { "type": "Point", "coordinates": [ -73.90881, 40.76874 ] } },
{ "type": "Feature", "properties": { "latitude": 40.66901, "longitude": -73.99678, "collision_count": 62 }, "geometry": { "type": "Point", "coordinates": [ -73.99678, 40.66901 ] } },
{ "type": "Feature", "properties": { "latitude": 40.789307, "longitude": -73.943405, "collision_count": 62 }, "geometry": { "type": "Point", "coordinates": [ -73.943405, 40.789307 ] } },
{ "type": "Feature", "properties": { "latitude": 40.657096, "longitude": -73.950249, "collision_count": 62 }, "geometry": { "type": "Point", "coordinates": [ -73.950249, 40.657096 ] } },
{ "type": "Feature", "properties": { "latitude": 40.747124, "longitude": -73.94239, "collision_count": 62 }, "geometry": { "type": "Point", "coordinates": [ -73.94239, 40.747124 ] } },
{ "type": "Feature", "properties": { "latitude": 40.681742, "longitude": -73.958584, "collision_count": 62 }, "geometry": { "type": "Point", "coordinates": [ -73.958584, 40.681742 ] } },
{ "type": "Feature", "properties": { "latitude": 40.611099, "longitude": -74.114659, "collision_count": 62 }, "geometry": { "type": "Point", "coordinates": [ -74.114659, 40.611099 ] } },
{ "type": "Feature", "properties": { "latitude": 40.81339, "longitude": -73.95627, "collision_count": 62 }, "geometry": { "type": "Point", "coordinates": [ -73.95627, 40.81339 ] } },
{ "type": "Feature", "properties": { "latitude": 40.661122, "longitude": -73.920128, "collision_count": 62 }, "geometry": { "type": "Point", "coordinates": [ -73.920128, 40.661122 ] } },
{ "type": "Feature", "properties": { "latitude": 40.722346, "longitude": -73.777161, "collision_count": 62 }, "geometry": { "type": "Point", "coordinates": [ -73.777161, 40.722346 ] } },
{ "type": "Feature", "properties": { "latitude": 40.8223, "longitude": -73.873, "collision_count": 62 }, "geometry": { "type": "Point", "coordinates": [ -73.873, 40.8223 ] } },
{ "type": "Feature", "properties": { "latitude": 40.641727, "longitude": -73.907646, "collision_count": 62 }, "geometry": { "type": "Point", "coordinates": [ -73.907646, 40.641727 ] } },
{ "type": "Feature", "properties": { "latitude": 40.767649, "longitude": -73.920769, "collision_count": 62 }, "geometry": { "type": "Point", "coordinates": [ -73.920769, 40.767649 ] } },
{ "type": "Feature", "properties": { "latitude": 40.88222, "longitude": -73.880458, "collision_count": 62 }, "geometry": { "type": "Point", "coordinates": [ -73.880458, 40.88222 ] } },
{ "type": "Feature", "properties": { "latitude": 40.780065, "longitude": -73.947048, "collision_count": 62 }, "geometry": { "type": "Point", "coordinates": [ -73.947048, 40.780065 ] } },
{ "type": "Feature", "properties": { "latitude": 40.87229, "longitude": -73.91269, "collision_count": 62 }, "geometry": { "type": "Point", "coordinates": [ -73.91269, 40.87229 ] } },
{ "type": "Feature", "properties": { "latitude": 40.890076, "longitude": -73.819855, "collision_count": 62 }, "geometry": { "type": "Point", "coordinates": [ -73.819855, 40.890076 ] } },
{ "type": "Feature", "properties": { "latitude": 40.643425, "longitude": -73.94588, "collision_count": 62 }, "geometry": { "type": "Point", "coordinates": [ -73.94588, 40.643425 ] } },
{ "type": "Feature", "properties": { "latitude": 40.593124, "longitude": -73.79147, "collision_count": 62 }, "geometry": { "type": "Point", "coordinates": [ -73.79147, 40.593124 ] } },
{ "type": "Feature", "properties": { "latitude": 40.616508, "longitude": -74.026647, "collision_count": 62 }, "geometry": { "type": "Point", "coordinates": [ -74.026647, 40.616508 ] } },
{ "type": "Feature", "properties": { "latitude": 40.7247, "longitude": -74.00932, "collision_count": 62 }, "geometry": { "type": "Point", "coordinates": [ -74.00932, 40.7247 ] } },
{ "type": "Feature", "properties": { "latitude": 40.704716, "longitude": -73.92875, "collision_count": 62 }, "geometry": { "type": "Point", "coordinates": [ -73.92875, 40.704716 ] } },
{ "type": "Feature", "properties": { "latitude": 40.628771, "longitude": -73.918243, "collision_count": 62 }, "geometry": { "type": "Point", "coordinates": [ -73.918243, 40.628771 ] } },
{ "type": "Feature", "properties": { "latitude": 40.732942, "longitude": -73.849605, "collision_count": 62 }, "geometry": { "type": "Point", "coordinates": [ -73.849605, 40.732942 ] } },
{ "type": "Feature", "properties": { "latitude": 40.7389, "longitude": -73.73378, "collision_count": 62 }, "geometry": { "type": "Point", "coordinates": [ -73.73378, 40.7389 ] } },
{ "type": "Feature", "properties": { "latitude": 40.595203, "longitude": -73.75603, "collision_count": 62 }, "geometry": { "type": "Point", "coordinates": [ -73.75603, 40.595203 ] } },
{ "type": "Feature", "properties": { "latitude": 40.757366, "longitude": -73.95574, "collision_count": 62 }, "geometry": { "type": "Point", "coordinates": [ -73.95574, 40.757366 ] } },
{ "type": "Feature", "properties": { "latitude": 40.726173, "longitude": -73.86489, "collision_count": 62 }, "geometry": { "type": "Point", "coordinates": [ -73.86489, 40.726173 ] } },
{ "type": "Feature", "properties": { "latitude": 40.815826, "longitude": -73.947044, "collision_count": 62 }, "geometry": { "type": "Point", "coordinates": [ -73.947044, 40.815826 ] } },
{ "type": "Feature", "properties": { "latitude": 40.70955, "longitude": -73.95887, "collision_count": 62 }, "geometry": { "type": "Point", "coordinates": [ -73.95887, 40.70955 ] } },
{ "type": "Feature", "properties": { "latitude": 40.57629, "longitude": -73.968544, "collision_count": 62 }, "geometry": { "type": "Point", "coordinates": [ -73.968544, 40.57629 ] } },
{ "type": "Feature", "properties": { "latitude": 40.724433, "longitude": -73.993459, "collision_count": 62 }, "geometry": { "type": "Point", "coordinates": [ -73.993459, 40.724433 ] } },
{ "type": "Feature", "properties": { "latitude": 40.84827, "longitude": -73.88312, "collision_count": 62 }, "geometry": { "type": "Point", "coordinates": [ -73.88312, 40.84827 ] } },
{ "type": "Feature", "properties": { "latitude": 40.647298, "longitude": -73.980292, "collision_count": 62 }, "geometry": { "type": "Point", "coordinates": [ -73.980292, 40.647298 ] } },
{ "type": "Feature", "properties": { "latitude": 40.61026, "longitude": -74.097496, "collision_count": 62 }, "geometry": { "type": "Point", "coordinates": [ -74.097496, 40.61026 ] } },
{ "type": "Feature", "properties": { "latitude": 40.778805, "longitude": -73.947975, "collision_count": 62 }, "geometry": { "type": "Point", "coordinates": [ -73.947975, 40.778805 ] } },
{ "type": "Feature", "properties": { "latitude": 40.735325, "longitude": -73.865159, "collision_count": 62 }, "geometry": { "type": "Point", "coordinates": [ -73.865159, 40.735325 ] } },
{ "type": "Feature", "properties": { "latitude": 40.818047, "longitude": -73.92246, "collision_count": 62 }, "geometry": { "type": "Point", "coordinates": [ -73.92246, 40.818047 ] } },
{ "type": "Feature", "properties": { "latitude": 40.618472, "longitude": -74.021216, "collision_count": 62 }, "geometry": { "type": "Point", "coordinates": [ -74.021216, 40.618472 ] } },
{ "type": "Feature", "properties": { "latitude": 40.64844, "longitude": -73.88242, "collision_count": 62 }, "geometry": { "type": "Point", "coordinates": [ -73.88242, 40.64844 ] } },
{ "type": "Feature", "properties": { "latitude": 40.719832, "longitude": -73.987543, "collision_count": 62 }, "geometry": { "type": "Point", "coordinates": [ -73.987543, 40.719832 ] } },
{ "type": "Feature", "properties": { "latitude": 40.711812, "longitude": -73.787845, "collision_count": 62 }, "geometry": { "type": "Point", "coordinates": [ -73.787845, 40.711812 ] } },
{ "type": "Feature", "properties": { "latitude": 40.633469, "longitude": -74.021012, "collision_count": 61 }, "geometry": { "type": "Point", "coordinates": [ -74.021012, 40.633469 ] } },
{ "type": "Feature", "properties": { "latitude": 40.848114, "longitude": -73.901474, "collision_count": 61 }, "geometry": { "type": "Point", "coordinates": [ -73.901474, 40.848114 ] } },
{ "type": "Feature", "properties": { "latitude": 40.764056, "longitude": -73.992242, "collision_count": 61 }, "geometry": { "type": "Point", "coordinates": [ -73.992242, 40.764056 ] } },
{ "type": "Feature", "properties": { "latitude": 40.757668, "longitude": -73.95915, "collision_count": 61 }, "geometry": { "type": "Point", "coordinates": [ -73.95915, 40.757668 ] } },
{ "type": "Feature", "properties": { "latitude": 40.730015, "longitude": -73.82348, "collision_count": 61 }, "geometry": { "type": "Point", "coordinates": [ -73.82348, 40.730015 ] } },
{ "type": "Feature", "properties": { "latitude": 40.713379, "longitude": -73.859656, "collision_count": 61 }, "geometry": { "type": "Point", "coordinates": [ -73.859656, 40.713379 ] } },
{ "type": "Feature", "properties": { "latitude": 40.697875, "longitude": -73.802369, "collision_count": 61 }, "geometry": { "type": "Point", "coordinates": [ -73.802369, 40.697875 ] } },
{ "type": "Feature", "properties": { "latitude": 40.868015, "longitude": -73.89997, "collision_count": 61 }, "geometry": { "type": "Point", "coordinates": [ -73.89997, 40.868015 ] } },
{ "type": "Feature", "properties": { "latitude": 40.720835, "longitude": -73.997655, "collision_count": 61 }, "geometry": { "type": "Point", "coordinates": [ -73.997655, 40.720835 ] } },
{ "type": "Feature", "properties": { "latitude": 40.72032, "longitude": -73.99405, "collision_count": 61 }, "geometry": { "type": "Point", "coordinates": [ -73.99405, 40.72032 ] } },
{ "type": "Feature", "properties": { "latitude": 40.721968, "longitude": -74.008233, "collision_count": 61 }, "geometry": { "type": "Point", "coordinates": [ -74.008233, 40.721968 ] } },
{ "type": "Feature", "properties": { "latitude": 40.591393, "longitude": -73.907875, "collision_count": 61 }, "geometry": { "type": "Point", "coordinates": [ -73.907875, 40.591393 ] } },
{ "type": "Feature", "properties": { "latitude": 40.636265, "longitude": -73.94802, "collision_count": 61 }, "geometry": { "type": "Point", "coordinates": [ -73.94802, 40.636265 ] } },
{ "type": "Feature", "properties": { "latitude": 40.70975, "longitude": -73.79562, "collision_count": 61 }, "geometry": { "type": "Point", "coordinates": [ -73.79562, 40.70975 ] } },
{ "type": "Feature", "properties": { "latitude": 40.818009, "longitude": -73.961478, "collision_count": 61 }, "geometry": { "type": "Point", "coordinates": [ -73.961478, 40.818009 ] } },
{ "type": "Feature", "properties": { "latitude": 40.57577, "longitude": -74.16981, "collision_count": 61 }, "geometry": { "type": "Point", "coordinates": [ -74.16981, 40.57577 ] } },
{ "type": "Feature", "properties": { "latitude": 40.838886, "longitude": -73.921646, "collision_count": 61 }, "geometry": { "type": "Point", "coordinates": [ -73.921646, 40.838886 ] } },
{ "type": "Feature", "properties": { "latitude": 40.720076, "longitude": -73.988355, "collision_count": 61 }, "geometry": { "type": "Point", "coordinates": [ -73.988355, 40.720076 ] } },
{ "type": "Feature", "properties": { "latitude": 40.651266, "longitude": -74.003907, "collision_count": 61 }, "geometry": { "type": "Point", "coordinates": [ -74.003907, 40.651266 ] } },
{ "type": "Feature", "properties": { "latitude": 40.707956, "longitude": -73.837146, "collision_count": 61 }, "geometry": { "type": "Point", "coordinates": [ -73.837146, 40.707956 ] } },
{ "type": "Feature", "properties": { "latitude": 40.82386, "longitude": -73.91941, "collision_count": 61 }, "geometry": { "type": "Point", "coordinates": [ -73.91941, 40.82386 ] } },
{ "type": "Feature", "properties": { "latitude": 40.73444, "longitude": -73.72179, "collision_count": 61 }, "geometry": { "type": "Point", "coordinates": [ -73.72179, 40.73444 ] } },
{ "type": "Feature", "properties": { "latitude": 40.781667, "longitude": -73.827707, "collision_count": 61 }, "geometry": { "type": "Point", "coordinates": [ -73.827707, 40.781667 ] } },
{ "type": "Feature", "properties": { "latitude": 40.744009, "longitude": -73.999423, "collision_count": 61 }, "geometry": { "type": "Point", "coordinates": [ -73.999423, 40.744009 ] } },
{ "type": "Feature", "properties": { "latitude": 40.678112, "longitude": -73.90784, "collision_count": 61 }, "geometry": { "type": "Point", "coordinates": [ -73.90784, 40.678112 ] } },
{ "type": "Feature", "properties": { "latitude": 40.761094, "longitude": -73.826869, "collision_count": 61 }, "geometry": { "type": "Point", "coordinates": [ -73.826869, 40.761094 ] } },
{ "type": "Feature", "properties": { "latitude": 40.744186, "longitude": -73.991875, "collision_count": 61 }, "geometry": { "type": "Point", "coordinates": [ -73.991875, 40.744186 ] } },
{ "type": "Feature", "properties": { "latitude": 40.732823, "longitude": -73.868392, "collision_count": 61 }, "geometry": { "type": "Point", "coordinates": [ -73.868392, 40.732823 ] } },
{ "type": "Feature", "properties": { "latitude": 40.57969, "longitude": -74.100395, "collision_count": 61 }, "geometry": { "type": "Point", "coordinates": [ -74.100395, 40.57969 ] } },
{ "type": "Feature", "properties": { "latitude": 40.695015, "longitude": -73.98876, "collision_count": 61 }, "geometry": { "type": "Point", "coordinates": [ -73.98876, 40.695015 ] } },
{ "type": "Feature", "properties": { "latitude": 40.743973, "longitude": -73.8851, "collision_count": 61 }, "geometry": { "type": "Point", "coordinates": [ -73.8851, 40.743973 ] } },
{ "type": "Feature", "properties": { "latitude": 40.752724, "longitude": -73.996796, "collision_count": 61 }, "geometry": { "type": "Point", "coordinates": [ -73.996796, 40.752724 ] } },
{ "type": "Feature", "properties": { "latitude": 40.65053, "longitude": -73.955825, "collision_count": 61 }, "geometry": { "type": "Point", "coordinates": [ -73.955825, 40.65053 ] } },
{ "type": "Feature", "properties": { "latitude": 40.771387, "longitude": -73.956478, "collision_count": 61 }, "geometry": { "type": "Point", "coordinates": [ -73.956478, 40.771387 ] } },
{ "type": "Feature", "properties": { "latitude": 40.707825, "longitude": -73.99918, "collision_count": 61 }, "geometry": { "type": "Point", "coordinates": [ -73.99918, 40.707825 ] } },
{ "type": "Feature", "properties": { "latitude": 40.74445, "longitude": -73.97304, "collision_count": 61 }, "geometry": { "type": "Point", "coordinates": [ -73.97304, 40.74445 ] } },
{ "type": "Feature", "properties": { "latitude": 40.67533, "longitude": -73.93609, "collision_count": 61 }, "geometry": { "type": "Point", "coordinates": [ -73.93609, 40.67533 ] } },
{ "type": "Feature", "properties": { "latitude": 40.586101, "longitude": -73.932364, "collision_count": 61 }, "geometry": { "type": "Point", "coordinates": [ -73.932364, 40.586101 ] } },
{ "type": "Feature", "properties": { "latitude": 40.67538, "longitude": -73.908196, "collision_count": 61 }, "geometry": { "type": "Point", "coordinates": [ -73.908196, 40.67538 ] } },
{ "type": "Feature", "properties": { "latitude": 40.716281, "longitude": -74.004534, "collision_count": 61 }, "geometry": { "type": "Point", "coordinates": [ -74.004534, 40.716281 ] } },
{ "type": "Feature", "properties": { "latitude": 40.764732, "longitude": -73.966359, "collision_count": 61 }, "geometry": { "type": "Point", "coordinates": [ -73.966359, 40.764732 ] } },
{ "type": "Feature", "properties": { "latitude": 40.76624, "longitude": -73.960232, "collision_count": 61 }, "geometry": { "type": "Point", "coordinates": [ -73.960232, 40.76624 ] } },
{ "type": "Feature", "properties": { "latitude": 40.712204, "longitude": -73.88638, "collision_count": 61 }, "geometry": { "type": "Point", "coordinates": [ -73.88638, 40.712204 ] } },
{ "type": "Feature", "properties": { "latitude": 40.58464, "longitude": -73.96017, "collision_count": 61 }, "geometry": { "type": "Point", "coordinates": [ -73.96017, 40.58464 ] } },
{ "type": "Feature", "properties": { "latitude": 40.75887, "longitude": -73.82064, "collision_count": 61 }, "geometry": { "type": "Point", "coordinates": [ -73.82064, 40.75887 ] } },
{ "type": "Feature", "properties": { "latitude": 40.756382, "longitude": -73.964324, "collision_count": 61 }, "geometry": { "type": "Point", "coordinates": [ -73.964324, 40.756382 ] } },
{ "type": "Feature", "properties": { "latitude": 40.778794, "longitude": -73.982055, "collision_count": 61 }, "geometry": { "type": "Point", "coordinates": [ -73.982055, 40.778794 ] } },
{ "type": "Feature", "properties": { "latitude": 40.72235, "longitude": -73.99327, "collision_count": 61 }, "geometry": { "type": "Point", "coordinates": [ -73.99327, 40.72235 ] } },
{ "type": "Feature", "properties": { "latitude": 40.64269, "longitude": -73.95764, "collision_count": 61 }, "geometry": { "type": "Point", "coordinates": [ -73.95764, 40.64269 ] } },
{ "type": "Feature", "properties": { "latitude": 40.859253, "longitude": -73.88674, "collision_count": 61 }, "geometry": { "type": "Point", "coordinates": [ -73.88674, 40.859253 ] } },
{ "type": "Feature", "properties": { "latitude": 40.73579, "longitude": -73.985361, "collision_count": 61 }, "geometry": { "type": "Point", "coordinates": [ -73.985361, 40.73579 ] } },
{ "type": "Feature", "properties": { "latitude": 40.81751, "longitude": -73.96069, "collision_count": 61 }, "geometry": { "type": "Point", "coordinates": [ -73.96069, 40.81751 ] } },
{ "type": "Feature", "properties": { "latitude": 40.7484, "longitude": -73.999939, "collision_count": 61 }, "geometry": { "type": "Point", "coordinates": [ -73.999939, 40.7484 ] } },
{ "type": "Feature", "properties": { "latitude": 40.791557, "longitude": -73.93866, "collision_count": 61 }, "geometry": { "type": "Point", "coordinates": [ -73.93866, 40.791557 ] } },
{ "type": "Feature", "properties": { "latitude": 40.58524, "longitude": -74.093409, "collision_count": 61 }, "geometry": { "type": "Point", "coordinates": [ -74.093409, 40.58524 ] } },
{ "type": "Feature", "properties": { "latitude": 40.72752, "longitude": -73.75879, "collision_count": 61 }, "geometry": { "type": "Point", "coordinates": [ -73.75879, 40.72752 ] } },
{ "type": "Feature", "properties": { "latitude": 40.679733, "longitude": -73.97432, "collision_count": 61 }, "geometry": { "type": "Point", "coordinates": [ -73.97432, 40.679733 ] } },
{ "type": "Feature", "properties": { "latitude": 40.85162, "longitude": -73.82653, "collision_count": 61 }, "geometry": { "type": "Point", "coordinates": [ -73.82653, 40.85162 ] } },
{ "type": "Feature", "properties": { "latitude": 40.757103, "longitude": -73.9862, "collision_count": 61 }, "geometry": { "type": "Point", "coordinates": [ -73.9862, 40.757103 ] } },
{ "type": "Feature", "properties": { "latitude": 40.838436, "longitude": -73.88263, "collision_count": 61 }, "geometry": { "type": "Point", "coordinates": [ -73.88263, 40.838436 ] } },
{ "type": "Feature", "properties": { "latitude": 40.823082, "longitude": -73.86722, "collision_count": 61 }, "geometry": { "type": "Point", "coordinates": [ -73.86722, 40.823082 ] } },
{ "type": "Feature", "properties": { "latitude": 40.802077, "longitude": -73.934063, "collision_count": 61 }, "geometry": { "type": "Point", "coordinates": [ -73.934063, 40.802077 ] } },
{ "type": "Feature", "properties": { "latitude": 40.696354, "longitude": -73.94071, "collision_count": 61 }, "geometry": { "type": "Point", "coordinates": [ -73.94071, 40.696354 ] } },
{ "type": "Feature", "properties": { "latitude": 40.66609, "longitude": -73.82809, "collision_count": 61 }, "geometry": { "type": "Point", "coordinates": [ -73.82809, 40.66609 ] } },
{ "type": "Feature", "properties": { "latitude": 40.82019, "longitude": -73.89068, "collision_count": 61 }, "geometry": { "type": "Point", "coordinates": [ -73.89068, 40.82019 ] } },
{ "type": "Feature", "properties": { "latitude": 40.84442, "longitude": -73.92505, "collision_count": 61 }, "geometry": { "type": "Point", "coordinates": [ -73.92505, 40.84442 ] } },
{ "type": "Feature", "properties": { "latitude": 40.728992, "longitude": -73.95067, "collision_count": 61 }, "geometry": { "type": "Point", "coordinates": [ -73.95067, 40.728992 ] } },
{ "type": "Feature", "properties": { "latitude": 40.823635, "longitude": -73.93095, "collision_count": 61 }, "geometry": { "type": "Point", "coordinates": [ -73.93095, 40.823635 ] } },
{ "type": "Feature", "properties": { "latitude": 40.701763, "longitude": -73.81618, "collision_count": 61 }, "geometry": { "type": "Point", "coordinates": [ -73.81618, 40.701763 ] } },
{ "type": "Feature", "properties": { "latitude": 40.771103, "longitude": -73.96383, "collision_count": 61 }, "geometry": { "type": "Point", "coordinates": [ -73.96383, 40.771103 ] } },
{ "type": "Feature", "properties": { "latitude": 40.636074, "longitude": -74.00896, "collision_count": 61 }, "geometry": { "type": "Point", "coordinates": [ -74.00896, 40.636074 ] } },
{ "type": "Feature", "properties": { "latitude": 40.666387, "longitude": -73.801767, "collision_count": 61 }, "geometry": { "type": "Point", "coordinates": [ -73.801767, 40.666387 ] } },
{ "type": "Feature", "properties": { "latitude": 40.739243, "longitude": -73.99919, "collision_count": 61 }, "geometry": { "type": "Point", "coordinates": [ -73.99919, 40.739243 ] } },
{ "type": "Feature", "properties": { "latitude": 40.870777, "longitude": -73.81923, "collision_count": 61 }, "geometry": { "type": "Point", "coordinates": [ -73.81923, 40.870777 ] } },
{ "type": "Feature", "properties": { "latitude": 40.821359, "longitude": -73.889105, "collision_count": 61 }, "geometry": { "type": "Point", "coordinates": [ -73.889105, 40.821359 ] } },
{ "type": "Feature", "properties": { "latitude": 40.83569, "longitude": -73.86857, "collision_count": 61 }, "geometry": { "type": "Point", "coordinates": [ -73.86857, 40.83569 ] } },
{ "type": "Feature", "properties": { "latitude": 40.585133, "longitude": -73.954544, "collision_count": 61 }, "geometry": { "type": "Point", "coordinates": [ -73.954544, 40.585133 ] } },
{ "type": "Feature", "properties": { "latitude": 40.623681, "longitude": -73.997713, "collision_count": 61 }, "geometry": { "type": "Point", "coordinates": [ -73.997713, 40.623681 ] } },
{ "type": "Feature", "properties": { "latitude": 40.736643, "longitude": -73.865831, "collision_count": 61 }, "geometry": { "type": "Point", "coordinates": [ -73.865831, 40.736643 ] } },
{ "type": "Feature", "properties": { "latitude": 40.74143, "longitude": -73.947925, "collision_count": 61 }, "geometry": { "type": "Point", "coordinates": [ -73.947925, 40.74143 ] } },
{ "type": "Feature", "properties": { "latitude": 40.796301, "longitude": -73.938284, "collision_count": 61 }, "geometry": { "type": "Point", "coordinates": [ -73.938284, 40.796301 ] } },
{ "type": "Feature", "properties": { "latitude": 40.762412, "longitude": -73.954425, "collision_count": 61 }, "geometry": { "type": "Point", "coordinates": [ -73.954425, 40.762412 ] } },
{ "type": "Feature", "properties": { "latitude": 40.76213, "longitude": -73.80375, "collision_count": 61 }, "geometry": { "type": "Point", "coordinates": [ -73.80375, 40.76213 ] } },
{ "type": "Feature", "properties": { "latitude": 40.743866, "longitude": -73.82568, "collision_count": 61 }, "geometry": { "type": "Point", "coordinates": [ -73.82568, 40.743866 ] } },
{ "type": "Feature", "properties": { "latitude": 40.74347, "longitude": -74.007232, "collision_count": 61 }, "geometry": { "type": "Point", "coordinates": [ -74.007232, 40.74347 ] } },
{ "type": "Feature", "properties": { "latitude": 40.744064, "longitude": -73.987755, "collision_count": 61 }, "geometry": { "type": "Point", "coordinates": [ -73.987755, 40.744064 ] } },
{ "type": "Feature", "properties": { "latitude": 40.826916, "longitude": -73.87203, "collision_count": 61 }, "geometry": { "type": "Point", "coordinates": [ -73.87203, 40.826916 ] } },
{ "type": "Feature", "properties": { "latitude": 40.683228, "longitude": -73.907135, "collision_count": 61 }, "geometry": { "type": "Point", "coordinates": [ -73.907135, 40.683228 ] } },
{ "type": "Feature", "properties": { "latitude": 40.6707, "longitude": -73.77366, "collision_count": 61 }, "geometry": { "type": "Point", "coordinates": [ -73.77366, 40.6707 ] } },
{ "type": "Feature", "properties": { "latitude": 40.766434, "longitude": -73.83767, "collision_count": 61 }, "geometry": { "type": "Point", "coordinates": [ -73.83767, 40.766434 ] } },
{ "type": "Feature", "properties": { "latitude": 40.636076, "longitude": -74.008953, "collision_count": 61 }, "geometry": { "type": "Point", "coordinates": [ -74.008953, 40.636076 ] } },
{ "type": "Feature", "properties": { "latitude": 40.78858, "longitude": -73.955284, "collision_count": 61 }, "geometry": { "type": "Point", "coordinates": [ -73.955284, 40.78858 ] } },
{ "type": "Feature", "properties": { "latitude": 40.684513, "longitude": -73.909386, "collision_count": 61 }, "geometry": { "type": "Point", "coordinates": [ -73.909386, 40.684513 ] } },
{ "type": "Feature", "properties": { "latitude": 40.881687, "longitude": -73.90283, "collision_count": 61 }, "geometry": { "type": "Point", "coordinates": [ -73.90283, 40.881687 ] } },
{ "type": "Feature", "properties": { "latitude": 40.765358, "longitude": -73.965904, "collision_count": 61 }, "geometry": { "type": "Point", "coordinates": [ -73.965904, 40.765358 ] } },
{ "type": "Feature", "properties": { "latitude": 40.719566, "longitude": -73.94561, "collision_count": 61 }, "geometry": { "type": "Point", "coordinates": [ -73.94561, 40.719566 ] } },
{ "type": "Feature", "properties": { "latitude": 40.606842, "longitude": -74.0155, "collision_count": 61 }, "geometry": { "type": "Point", "coordinates": [ -74.0155, 40.606842 ] } },
{ "type": "Feature", "properties": { "latitude": 40.786285, "longitude": -73.836337, "collision_count": 61 }, "geometry": { "type": "Point", "coordinates": [ -73.836337, 40.786285 ] } },
{ "type": "Feature", "properties": { "latitude": 40.682285, "longitude": -73.80805, "collision_count": 61 }, "geometry": { "type": "Point", "coordinates": [ -73.80805, 40.682285 ] } },
{ "type": "Feature", "properties": { "latitude": 40.654133, "longitude": -73.91234, "collision_count": 61 }, "geometry": { "type": "Point", "coordinates": [ -73.91234, 40.654133 ] } },
{ "type": "Feature", "properties": { "latitude": 40.596184, "longitude": -74.00053, "collision_count": 61 }, "geometry": { "type": "Point", "coordinates": [ -74.00053, 40.596184 ] } },
{ "type": "Feature", "properties": { "latitude": 40.750443, "longitude": -73.96599, "collision_count": 61 }, "geometry": { "type": "Point", "coordinates": [ -73.96599, 40.750443 ] } },
{ "type": "Feature", "properties": { "latitude": 40.804994, "longitude": -73.911345, "collision_count": 61 }, "geometry": { "type": "Point", "coordinates": [ -73.911345, 40.804994 ] } },
{ "type": "Feature", "properties": { "latitude": 40.637756, "longitude": -74.00721, "collision_count": 61 }, "geometry": { "type": "Point", "coordinates": [ -74.00721, 40.637756 ] } },
{ "type": "Feature", "properties": { "latitude": 40.766504, "longitude": -73.994173, "collision_count": 61 }, "geometry": { "type": "Point", "coordinates": [ -73.994173, 40.766504 ] } },
{ "type": "Feature", "properties": { "latitude": 40.756496, "longitude": -73.988075, "collision_count": 61 }, "geometry": { "type": "Point", "coordinates": [ -73.988075, 40.756496 ] } },
{ "type": "Feature", "properties": { "latitude": 40.696335, "longitude": -73.930504, "collision_count": 61 }, "geometry": { "type": "Point", "coordinates": [ -73.930504, 40.696335 ] } },
{ "type": "Feature", "properties": { "latitude": 40.769849, "longitude": -73.984314, "collision_count": 61 }, "geometry": { "type": "Point", "coordinates": [ -73.984314, 40.769849 ] } },
{ "type": "Feature", "properties": { "latitude": 40.64513, "longitude": -73.948975, "collision_count": 61 }, "geometry": { "type": "Point", "coordinates": [ -73.948975, 40.64513 ] } },
{ "type": "Feature", "properties": { "latitude": 40.749745, "longitude": -73.884309, "collision_count": 61 }, "geometry": { "type": "Point", "coordinates": [ -73.884309, 40.749745 ] } },
{ "type": "Feature", "properties": { "latitude": 40.724694, "longitude": -73.994181, "collision_count": 61 }, "geometry": { "type": "Point", "coordinates": [ -73.994181, 40.724694 ] } },
{ "type": "Feature", "properties": { "latitude": 40.747137, "longitude": -73.892408, "collision_count": 61 }, "geometry": { "type": "Point", "coordinates": [ -73.892408, 40.747137 ] } },
{ "type": "Feature", "properties": { "latitude": 40.813385, "longitude": -73.94511, "collision_count": 61 }, "geometry": { "type": "Point", "coordinates": [ -73.94511, 40.813385 ] } },
{ "type": "Feature", "properties": { "latitude": 40.615433, "longitude": -73.913875, "collision_count": 61 }, "geometry": { "type": "Point", "coordinates": [ -73.913875, 40.615433 ] } },
{ "type": "Feature", "properties": { "latitude": 40.661835, "longitude": -73.893105, "collision_count": 61 }, "geometry": { "type": "Point", "coordinates": [ -73.893105, 40.661835 ] } },
{ "type": "Feature", "properties": { "latitude": 40.59075, "longitude": -74.08837, "collision_count": 61 }, "geometry": { "type": "Point", "coordinates": [ -74.08837, 40.59075 ] } },
{ "type": "Feature", "properties": { "latitude": 40.873567, "longitude": -73.818518, "collision_count": 61 }, "geometry": { "type": "Point", "coordinates": [ -73.818518, 40.873567 ] } },
{ "type": "Feature", "properties": { "latitude": 40.868283, "longitude": -73.901067, "collision_count": 61 }, "geometry": { "type": "Point", "coordinates": [ -73.901067, 40.868283 ] } },
{ "type": "Feature", "properties": { "latitude": 40.666756, "longitude": -73.83653, "collision_count": 61 }, "geometry": { "type": "Point", "coordinates": [ -73.83653, 40.666756 ] } },
{ "type": "Feature", "properties": { "latitude": 40.876877, "longitude": -73.9034, "collision_count": 61 }, "geometry": { "type": "Point", "coordinates": [ -73.9034, 40.876877 ] } },
{ "type": "Feature", "properties": { "latitude": 40.64647, "longitude": -74.01258, "collision_count": 61 }, "geometry": { "type": "Point", "coordinates": [ -74.01258, 40.64647 ] } },
{ "type": "Feature", "properties": { "latitude": 40.633955, "longitude": -74.085749, "collision_count": 61 }, "geometry": { "type": "Point", "coordinates": [ -74.085749, 40.633955 ] } },
{ "type": "Feature", "properties": { "latitude": 40.653976, "longitude": -73.952835, "collision_count": 61 }, "geometry": { "type": "Point", "coordinates": [ -73.952835, 40.653976 ] } },
{ "type": "Feature", "properties": { "latitude": 40.861923, "longitude": -73.89357, "collision_count": 61 }, "geometry": { "type": "Point", "coordinates": [ -73.89357, 40.861923 ] } },
{ "type": "Feature", "properties": { "latitude": 40.608622, "longitude": -74.148229, "collision_count": 61 }, "geometry": { "type": "Point", "coordinates": [ -74.148229, 40.608622 ] } },
{ "type": "Feature", "properties": { "latitude": 40.556534, "longitude": -74.12813, "collision_count": 61 }, "geometry": { "type": "Point", "coordinates": [ -74.12813, 40.556534 ] } },
{ "type": "Feature", "properties": { "latitude": 40.638153, "longitude": -74.01397, "collision_count": 61 }, "geometry": { "type": "Point", "coordinates": [ -74.01397, 40.638153 ] } },
{ "type": "Feature", "properties": { "latitude": 40.696342, "longitude": -73.97644, "collision_count": 61 }, "geometry": { "type": "Point", "coordinates": [ -73.97644, 40.696342 ] } },
{ "type": "Feature", "properties": { "latitude": 40.742854, "longitude": -73.977207, "collision_count": 61 }, "geometry": { "type": "Point", "coordinates": [ -73.977207, 40.742854 ] } },
{ "type": "Feature", "properties": { "latitude": 40.8327, "longitude": -73.950226, "collision_count": 61 }, "geometry": { "type": "Point", "coordinates": [ -73.950226, 40.8327 ] } },
{ "type": "Feature", "properties": { "latitude": 40.64412, "longitude": -73.98907, "collision_count": 61 }, "geometry": { "type": "Point", "coordinates": [ -73.98907, 40.64412 ] } },
{ "type": "Feature", "properties": { "latitude": 40.876976, "longitude": -73.88966, "collision_count": 61 }, "geometry": { "type": "Point", "coordinates": [ -73.88966, 40.876976 ] } },
{ "type": "Feature", "properties": { "latitude": 40.756134, "longitude": -73.74047, "collision_count": 61 }, "geometry": { "type": "Point", "coordinates": [ -73.74047, 40.756134 ] } },
{ "type": "Feature", "properties": { "latitude": 40.678236, "longitude": -73.89752, "collision_count": 61 }, "geometry": { "type": "Point", "coordinates": [ -73.89752, 40.678236 ] } },
{ "type": "Feature", "properties": { "latitude": 40.661385, "longitude": -73.884098, "collision_count": 61 }, "geometry": { "type": "Point", "coordinates": [ -73.884098, 40.661385 ] } },
{ "type": "Feature", "properties": { "latitude": 40.828407, "longitude": -73.93125, "collision_count": 61 }, "geometry": { "type": "Point", "coordinates": [ -73.93125, 40.828407 ] } },
{ "type": "Feature", "properties": { "latitude": 40.620434, "longitude": -74.024475, "collision_count": 61 }, "geometry": { "type": "Point", "coordinates": [ -74.024475, 40.620434 ] } },
{ "type": "Feature", "properties": { "latitude": 40.726067, "longitude": -73.9089, "collision_count": 61 }, "geometry": { "type": "Point", "coordinates": [ -73.9089, 40.726067 ] } },
{ "type": "Feature", "properties": { "latitude": 40.643166, "longitude": -73.9905, "collision_count": 61 }, "geometry": { "type": "Point", "coordinates": [ -73.9905, 40.643166 ] } },
{ "type": "Feature", "properties": { "latitude": 40.66386, "longitude": -73.82297, "collision_count": 61 }, "geometry": { "type": "Point", "coordinates": [ -73.82297, 40.66386 ] } },
{ "type": "Feature", "properties": { "latitude": 40.740364, "longitude": -73.89972, "collision_count": 61 }, "geometry": { "type": "Point", "coordinates": [ -73.89972, 40.740364 ] } },
{ "type": "Feature", "properties": { "latitude": 40.66223, "longitude": -73.93997, "collision_count": 61 }, "geometry": { "type": "Point", "coordinates": [ -73.93997, 40.66223 ] } },
{ "type": "Feature", "properties": { "latitude": 40.761391, "longitude": -74.001736, "collision_count": 61 }, "geometry": { "type": "Point", "coordinates": [ -74.001736, 40.761391 ] } },
{ "type": "Feature", "properties": { "latitude": 40.736377, "longitude": -73.984935, "collision_count": 60 }, "geometry": { "type": "Point", "coordinates": [ -73.984935, 40.736377 ] } },
{ "type": "Feature", "properties": { "latitude": 40.784464, "longitude": -73.977366, "collision_count": 60 }, "geometry": { "type": "Point", "coordinates": [ -73.977366, 40.784464 ] } },
{ "type": "Feature", "properties": { "latitude": 40.727866, "longitude": -73.993145, "collision_count": 60 }, "geometry": { "type": "Point", "coordinates": [ -73.993145, 40.727866 ] } },
{ "type": "Feature", "properties": { "latitude": 40.73725, "longitude": -73.91799, "collision_count": 60 }, "geometry": { "type": "Point", "coordinates": [ -73.91799, 40.73725 ] } },
{ "type": "Feature", "properties": { "latitude": 40.70546, "longitude": -73.794895, "collision_count": 60 }, "geometry": { "type": "Point", "coordinates": [ -73.794895, 40.70546 ] } },
{ "type": "Feature", "properties": { "latitude": 40.848693, "longitude": -73.903279, "collision_count": 60 }, "geometry": { "type": "Point", "coordinates": [ -73.903279, 40.848693 ] } },
{ "type": "Feature", "properties": { "latitude": 40.698246, "longitude": -73.98055, "collision_count": 60 }, "geometry": { "type": "Point", "coordinates": [ -73.98055, 40.698246 ] } },
{ "type": "Feature", "properties": { "latitude": 40.72545, "longitude": -73.892654, "collision_count": 60 }, "geometry": { "type": "Point", "coordinates": [ -73.892654, 40.72545 ] } },
{ "type": "Feature", "properties": { "latitude": 40.746417, "longitude": -73.981833, "collision_count": 60 }, "geometry": { "type": "Point", "coordinates": [ -73.981833, 40.746417 ] } },
{ "type": "Feature", "properties": { "latitude": 40.699455, "longitude": -73.9397, "collision_count": 60 }, "geometry": { "type": "Point", "coordinates": [ -73.9397, 40.699455 ] } },
{ "type": "Feature", "properties": { "latitude": 40.697903, "longitude": -73.9468, "collision_count": 60 }, "geometry": { "type": "Point", "coordinates": [ -73.9468, 40.697903 ] } },
{ "type": "Feature", "properties": { "latitude": 40.804017, "longitude": -73.930961, "collision_count": 60 }, "geometry": { "type": "Point", "coordinates": [ -73.930961, 40.804017 ] } },
{ "type": "Feature", "properties": { "latitude": 40.60058, "longitude": -73.99161, "collision_count": 60 }, "geometry": { "type": "Point", "coordinates": [ -73.99161, 40.60058 ] } },
{ "type": "Feature", "properties": { "latitude": 40.77279, "longitude": -73.837135, "collision_count": 60 }, "geometry": { "type": "Point", "coordinates": [ -73.837135, 40.77279 ] } },
{ "type": "Feature", "properties": { "latitude": 40.583042, "longitude": -74.096176, "collision_count": 60 }, "geometry": { "type": "Point", "coordinates": [ -74.096176, 40.583042 ] } },
{ "type": "Feature", "properties": { "latitude": 40.73272, "longitude": -73.94281, "collision_count": 60 }, "geometry": { "type": "Point", "coordinates": [ -73.94281, 40.73272 ] } },
{ "type": "Feature", "properties": { "latitude": 40.80522, "longitude": -73.93214, "collision_count": 60 }, "geometry": { "type": "Point", "coordinates": [ -73.93214, 40.80522 ] } },
{ "type": "Feature", "properties": { "latitude": 40.772331, "longitude": -73.945304, "collision_count": 60 }, "geometry": { "type": "Point", "coordinates": [ -73.945304, 40.772331 ] } },
{ "type": "Feature", "properties": { "latitude": 40.771783, "longitude": -73.965435, "collision_count": 60 }, "geometry": { "type": "Point", "coordinates": [ -73.965435, 40.771783 ] } },
{ "type": "Feature", "properties": { "latitude": 40.667315, "longitude": -73.739245, "collision_count": 60 }, "geometry": { "type": "Point", "coordinates": [ -73.739245, 40.667315 ] } },
{ "type": "Feature", "properties": { "latitude": 40.663902, "longitude": -73.93993, "collision_count": 60 }, "geometry": { "type": "Point", "coordinates": [ -73.93993, 40.663902 ] } },
{ "type": "Feature", "properties": { "latitude": 40.68578, "longitude": -73.9544, "collision_count": 60 }, "geometry": { "type": "Point", "coordinates": [ -73.9544, 40.68578 ] } },
{ "type": "Feature", "properties": { "latitude": 40.724403, "longitude": -74.006039, "collision_count": 60 }, "geometry": { "type": "Point", "coordinates": [ -74.006039, 40.724403 ] } },
{ "type": "Feature", "properties": { "latitude": 40.688786, "longitude": -73.98358, "collision_count": 60 }, "geometry": { "type": "Point", "coordinates": [ -73.98358, 40.688786 ] } },
{ "type": "Feature", "properties": { "latitude": 40.75478, "longitude": -73.97994, "collision_count": 60 }, "geometry": { "type": "Point", "coordinates": [ -73.97994, 40.75478 ] } },
{ "type": "Feature", "properties": { "latitude": 40.748276, "longitude": -73.93918, "collision_count": 60 }, "geometry": { "type": "Point", "coordinates": [ -73.93918, 40.748276 ] } },
{ "type": "Feature", "properties": { "latitude": 40.824184, "longitude": -73.937225, "collision_count": 60 }, "geometry": { "type": "Point", "coordinates": [ -73.937225, 40.824184 ] } },
{ "type": "Feature", "properties": { "latitude": 40.581519, "longitude": -73.967333, "collision_count": 60 }, "geometry": { "type": "Point", "coordinates": [ -73.967333, 40.581519 ] } },
{ "type": "Feature", "properties": { "latitude": 40.73995, "longitude": -73.84553, "collision_count": 60 }, "geometry": { "type": "Point", "coordinates": [ -73.84553, 40.73995 ] } },
{ "type": "Feature", "properties": { "latitude": 40.86676, "longitude": -73.920616, "collision_count": 60 }, "geometry": { "type": "Point", "coordinates": [ -73.920616, 40.86676 ] } },
{ "type": "Feature", "properties": { "latitude": 40.85592, "longitude": -73.91719, "collision_count": 60 }, "geometry": { "type": "Point", "coordinates": [ -73.91719, 40.85592 ] } },
{ "type": "Feature", "properties": { "latitude": 40.703434, "longitude": -73.96035, "collision_count": 60 }, "geometry": { "type": "Point", "coordinates": [ -73.96035, 40.703434 ] } },
{ "type": "Feature", "properties": { "latitude": 40.738285, "longitude": -73.802953, "collision_count": 60 }, "geometry": { "type": "Point", "coordinates": [ -73.802953, 40.738285 ] } },
{ "type": "Feature", "properties": { "latitude": 40.857418, "longitude": -73.89996, "collision_count": 60 }, "geometry": { "type": "Point", "coordinates": [ -73.89996, 40.857418 ] } },
{ "type": "Feature", "properties": { "latitude": 40.781684, "longitude": -73.845938, "collision_count": 60 }, "geometry": { "type": "Point", "coordinates": [ -73.845938, 40.781684 ] } },
{ "type": "Feature", "properties": { "latitude": 40.590633, "longitude": -73.94976, "collision_count": 60 }, "geometry": { "type": "Point", "coordinates": [ -73.94976, 40.590633 ] } },
{ "type": "Feature", "properties": { "latitude": 40.732619, "longitude": -73.981501, "collision_count": 60 }, "geometry": { "type": "Point", "coordinates": [ -73.981501, 40.732619 ] } },
{ "type": "Feature", "properties": { "latitude": 40.867035, "longitude": -73.896324, "collision_count": 60 }, "geometry": { "type": "Point", "coordinates": [ -73.896324, 40.867035 ] } },
{ "type": "Feature", "properties": { "latitude": 40.768646, "longitude": -73.96983, "collision_count": 60 }, "geometry": { "type": "Point", "coordinates": [ -73.96983, 40.768646 ] } },
{ "type": "Feature", "properties": { "latitude": 40.691948, "longitude": -73.730675, "collision_count": 60 }, "geometry": { "type": "Point", "coordinates": [ -73.730675, 40.691948 ] } },
{ "type": "Feature", "properties": { "latitude": 40.626456, "longitude": -73.917993, "collision_count": 60 }, "geometry": { "type": "Point", "coordinates": [ -73.917993, 40.626456 ] } },
{ "type": "Feature", "properties": { "latitude": 40.64212, "longitude": -74.075237, "collision_count": 60 }, "geometry": { "type": "Point", "coordinates": [ -74.075237, 40.64212 ] } },
{ "type": "Feature", "properties": { "latitude": 40.734737, "longitude": -73.87227, "collision_count": 60 }, "geometry": { "type": "Point", "coordinates": [ -73.87227, 40.734737 ] } },
{ "type": "Feature", "properties": { "latitude": 40.747332, "longitude": -73.755799, "collision_count": 60 }, "geometry": { "type": "Point", "coordinates": [ -73.755799, 40.747332 ] } },
{ "type": "Feature", "properties": { "latitude": 40.761246, "longitude": -73.762928, "collision_count": 60 }, "geometry": { "type": "Point", "coordinates": [ -73.762928, 40.761246 ] } },
{ "type": "Feature", "properties": { "latitude": 40.79398, "longitude": -73.97229, "collision_count": 60 }, "geometry": { "type": "Point", "coordinates": [ -73.97229, 40.79398 ] } },
{ "type": "Feature", "properties": { "latitude": 40.708904, "longitude": -73.95926, "collision_count": 60 }, "geometry": { "type": "Point", "coordinates": [ -73.95926, 40.708904 ] } },
{ "type": "Feature", "properties": { "latitude": 40.760251, "longitude": -73.969624, "collision_count": 60 }, "geometry": { "type": "Point", "coordinates": [ -73.969624, 40.760251 ] } },
{ "type": "Feature", "properties": { "latitude": 40.796073, "longitude": -73.943485, "collision_count": 60 }, "geometry": { "type": "Point", "coordinates": [ -73.943485, 40.796073 ] } },
{ "type": "Feature", "properties": { "latitude": 40.69657, "longitude": -73.95844, "collision_count": 60 }, "geometry": { "type": "Point", "coordinates": [ -73.95844, 40.69657 ] } },
{ "type": "Feature", "properties": { "latitude": 40.782633, "longitude": -73.951198, "collision_count": 60 }, "geometry": { "type": "Point", "coordinates": [ -73.951198, 40.782633 ] } },
{ "type": "Feature", "properties": { "latitude": 40.655754, "longitude": -73.92403, "collision_count": 60 }, "geometry": { "type": "Point", "coordinates": [ -73.92403, 40.655754 ] } },
{ "type": "Feature", "properties": { "latitude": 40.659174, "longitude": -73.839863, "collision_count": 60 }, "geometry": { "type": "Point", "coordinates": [ -73.839863, 40.659174 ] } },
{ "type": "Feature", "properties": { "latitude": 40.818798, "longitude": -73.89213, "collision_count": 60 }, "geometry": { "type": "Point", "coordinates": [ -73.89213, 40.818798 ] } },
{ "type": "Feature", "properties": { "latitude": 40.78165, "longitude": -73.836695, "collision_count": 60 }, "geometry": { "type": "Point", "coordinates": [ -73.836695, 40.78165 ] } },
{ "type": "Feature", "properties": { "latitude": 40.6915, "longitude": -73.90956, "collision_count": 60 }, "geometry": { "type": "Point", "coordinates": [ -73.90956, 40.6915 ] } },
{ "type": "Feature", "properties": { "latitude": 40.85071, "longitude": -73.89408, "collision_count": 60 }, "geometry": { "type": "Point", "coordinates": [ -73.89408, 40.85071 ] } },
{ "type": "Feature", "properties": { "latitude": 40.637012, "longitude": -74.01515, "collision_count": 60 }, "geometry": { "type": "Point", "coordinates": [ -74.01515, 40.637012 ] } },
{ "type": "Feature", "properties": { "latitude": 40.750904, "longitude": -73.98068, "collision_count": 60 }, "geometry": { "type": "Point", "coordinates": [ -73.98068, 40.750904 ] } },
{ "type": "Feature", "properties": { "latitude": 40.822145, "longitude": -73.887813, "collision_count": 60 }, "geometry": { "type": "Point", "coordinates": [ -73.887813, 40.822145 ] } },
{ "type": "Feature", "properties": { "latitude": 40.619606, "longitude": -73.945526, "collision_count": 60 }, "geometry": { "type": "Point", "coordinates": [ -73.945526, 40.619606 ] } },
{ "type": "Feature", "properties": { "latitude": 40.607643, "longitude": -74.03375, "collision_count": 60 }, "geometry": { "type": "Point", "coordinates": [ -74.03375, 40.607643 ] } },
{ "type": "Feature", "properties": { "latitude": 40.68804, "longitude": -73.83275, "collision_count": 60 }, "geometry": { "type": "Point", "coordinates": [ -73.83275, 40.68804 ] } },
{ "type": "Feature", "properties": { "latitude": 40.651512, "longitude": -74.00734, "collision_count": 60 }, "geometry": { "type": "Point", "coordinates": [ -74.00734, 40.651512 ] } },
{ "type": "Feature", "properties": { "latitude": 40.727099, "longitude": -73.952686, "collision_count": 60 }, "geometry": { "type": "Point", "coordinates": [ -73.952686, 40.727099 ] } },
{ "type": "Feature", "properties": { "latitude": 40.68109, "longitude": -73.90338, "collision_count": 60 }, "geometry": { "type": "Point", "coordinates": [ -73.90338, 40.68109 ] } },
{ "type": "Feature", "properties": { "latitude": 40.668507, "longitude": -73.925606, "collision_count": 60 }, "geometry": { "type": "Point", "coordinates": [ -73.925606, 40.668507 ] } }
]
}
