{
"type": "FeatureCollection",
"name": "zip_collision_counts",
"crs": { "type": "name", "properties": { "name": "urn:ogc:def:crs:OGC:1.3:CRS84" } },
"features": [
{ "type": "Feature", "properties": { "zcta5ce10": "10174", "zip_code": "10174", "collision_count": 10 }, "geometry": { "type": "MultiPolygon", "coordinates": [ [ [ [ -73.975559440999973, 40.752124265000077 ], [ -73.973960440999974, 40.751449265000076 ], [ -73.974450440999988, 40.750774265000075 ], [ -73.976049440999986, 40.751449265000076 ], [ -73.975559440999973, 40.752124265000077 ] ] ] ] } },
{ "type": "Feature", "properties": { "zcta5ce10": "10177", "zip_code": "10177", "collision_count": 12 }, "geometry": { "type": "MultiPolygon", "coordinates": [ [ [ [ -73.975353440999982, 40.755311266000035 ], [ -73.97580844099997, 40.754686266000078 ], [ -73.976517441999988, 40.75498226600007 ], [ -73.975353440999982, 40.755311266000035 ] ] ] ] } },
{ "type": "Feature", "properties": { "zcta5ce10": "10271", "zip_code": "10271", "collision_count": 19 }, "geometry": { "type": "MultiPolygon", "coordinates": [ [ [ [ -74.010847449999972, 40.708805255000073 ], [ -74.009830448999935, 40.708125255000027 ], [ -74.010032448999937, 40.70759825500005 ], [ -74.01124944999998, 40.708312255000067 ], [ -74.010847449999972, 40.708805255000073 ] ] ] ] } },
{ "type": "Feature", "properties": { "zcta5ce10": "10278", "zip_code": "10278", "collision_count": 80 }, "geometry": { "type": "MultiPolygon", "coordinates": [ [ [ [ -74.004534447999959, 40.716288257000031 ], [ -74.002116446999935, 40.715167257000076 ], [ -74.003116447999957, 40.714090257000066 ], [ -74.005421447999936, 40.715244257000052 ], [ -74.004534447999959, 40.716288257000031 ] ] ] ] } },
{ "type": "Feature", "properties": { "zcta5ce10": "10279", "zip_code": "10279", "collision_count": 14 }, "geometry": { "type": "MultiPolygon", "coordinates": [ [ [ [ -74.009255449999955, 40.713264256000059 ], [ -74.007667448999939, 40.712541256000065 ], [ -74.00810144899998, 40.71200325600006 ], [ -74.009669449999933, 40.712733256000035 ], [ -74.009255449999955, 40.713264256000059 ] ] ] ] } },
{ "type": "Feature", "properties": { "zcta5ce10": "10280", "zip_code": "10280", "collision_count": 293 }, "geometry": { "type": "MultiPolygon", "coordinates": [ [ [ [ -74.017369451999969, 40.713386256000035 ], [ -74.016199451999967, 40.714775256000053 ], [ -74.013755450999952, 40.713698256000043 ], [ -74.014263450999977, 40.710936256000025 ], [ -74.015906450999978, 40.706666255000073 ], [ -74.016543450999961, 40.704741254000055 ], [ -74.015532450999956, 40.70028125400006 ], [ -74.019170451999969, 40.704782254000065 ], [ -74.019547451999983, 40.706561255000054 ], [ -74.018590452999945, 40.712209256000051 ], [ -74.017369451999969, 40.713386256000035 ] ] ] ] } },
{ "type": "Feature", "properties": { "zcta5ce10": "10282", "zip_code": "10282", "collision_count": 165 }, "geometry": { "type": "MultiPolygon", "coordinates": [ [ [ [ -74.012764450999953, 40.717137257000047 ], [ -74.013755450999952, 40.713698256000043 ], [ -74.016199451999967, 40.714775256000053 ], [ -74.017369451999969, 40.713386256000035 ], [ -74.018311451999978, 40.713570256000025 ], [ -74.016865451999934, 40.719619257000033 ], [ -74.013047450999977, 40.719094257000052 ], [ -74.012764450999953, 40.717137257000047 ] ] ] ] } },
{ "type": "Feature", "properties": { "zcta5ce10": "10453", "zip_code": "10453", "collision_count": 9334 }, "geometry": { "type": "MultiPolygon", "coordinates": [ [ [ [ -73.911144425999964, 40.845071286000064 ], [ -73.917029427999978, 40.846406286000047 ], [ -73.921045428999946, 40.84652828600008 ], [ -73.922686429999942, 40.844576285000073 ], [ -73.928151431999936, 40.845515285000033 ], [ -73.92390543099998, 40.850496286000066 ], [ -73.919291429999987, 40.857483288000026 ], [ -73.917191428999956, 40.856845288000045 ], [ -73.915418427999953, 40.858709288000057 ], [ -73.911016426999936, 40.860609289000081 ], [ -73.89995042299995, 40.857428288000051 ], [ -73.900853423999934, 40.855945288000044 ], [ -73.907409424999969, 40.847796286000062 ], [ -73.911144425999964, 40.845071286000064 ] ] ] ] } },
{ "type": "Feature", "properties": { "zcta5ce10": "10454", "zip_code": "10454", "collision_count": 9275 }, "geometry": { "type": "MultiPolygon", "coordinates": [ [ [ [ -73.902989420999972, 40.809372279000058 ], [ -73.901893420999954, 40.805015278000042 ], [ -73.903284420999967, 40.804699278000044 ], [ -73.907801421999977, 40.799271277000059 ], [ -73.911411422999947, 40.796694276000039 ], [ -73.913625423999974, 40.796794276000071 ], [ -73.919862425999952, 40.79936127600007 ], [ -73.921743426999967, 40.801697277000073 ], [ -73.923023426999976, 40.802433277000034 ], [ -73.926563428999941, 40.802484277000076 ], [ -73.931826430999934, 40.807910278000065 ], [ -73.926444428999957, 40.811515279000048 ], [ -73.922089427999936, 40.81373927900006 ], [ -73.919268426999963, 40.81373527900007 ], [ -73.914475424999978, 40.811659279000025 ], [ -73.915179424999963, 40.810435279000046 ], [ -73.910694423999985, 40.808817279000039 ], [ -73.910367423999958, 40.809653279000031 ], [ -73.904961421999985, 40.808539279000058 ], [ -73.902989420999972, 40.809372279000058 ] ] ] ] } },
{ "type": "Feature", "properties": { "zcta5ce10": "10455", "zip_code": "10455", "collision_count": 8942 }, "geometry": { "type": "MultiPolygon", "coordinates": [ [ [ [ -73.911949424999989, 40.82016228100008 ], [ -73.910613423999962, 40.819232281000041 ], [ -73.905314422999936, 40.81793328100008 ], [ -73.902991421999957, 40.82003528100006 ], [ -73.895429418999981, 40.815853280000056 ], [ -73.897198419999938, 40.813522280000029 ], [ -73.902989420999972, 40.809372279000058 ], [ -73.904961421999985, 40.808539279000058 ], [ -73.910367423999958, 40.809653279000031 ], [ -73.910694423999985, 40.808817279000039 ], [ -73.915179424999963, 40.810435279000046 ], [ -73.914475424999978, 40.811659279000025 ], [ -73.919268426999963, 40.81373527900007 ], [ -73.922089427999936, 40.81373927900006 ], [ -73.92035042699996, 40.814637279000067 ], [ -73.917418426999973, 40.82128528100003 ], [ -73.911949424999989, 40.82016228100008 ] ] ] ] } },
{ "type": "Feature", "properties": { "zcta5ce10": "10456", "zip_code": "10456", "collision_count": 9998 }, "geometry": { "type": "MultiPolygon", "coordinates": [ [ [ [ -73.905608423999979, 40.839852285000063 ], [ -73.905980423999949, 40.838513285000033 ], [ -73.900568421999935, 40.836600284000042 ], [ -73.901213421999955, 40.835506284000076 ], [ -73.896967420999943, 40.834351284000036 ], [ -73.896303420999971, 40.833551284000066 ], [ -73.899021420999986, 40.832009283000048 ], [ -73.898795420999988, 40.83011328300006 ], [ -73.902991421999957, 40.82003528100006 ], [ -73.905314422999936, 40.81793328100008 ], [ -73.910613423999962, 40.819232281000041 ], [ -73.911949424999989, 40.82016228100008 ], [ -73.910165423999956, 40.820490281000048 ], [ -73.908710423999935, 40.824075282000081 ], [ -73.911311424999951, 40.824857282000039 ], [ -73.912170424999942, 40.827910282000062 ], [ -73.915317425999945, 40.826554282000075 ], [ -73.920202427999982, 40.828108282000073 ], [ -73.918945427999972, 40.830343282000058 ], [ -73.920462427999951, 40.830923283000061 ], [ -73.918390427999952, 40.83381728300003 ], [ -73.913138425999989, 40.839822285000025 ], [ -73.912709425999935, 40.838368284000069 ], [ -73.909459424999966, 40.837065284000062 ], [ -73.907981424999946, 40.83718628400004 ], [ -73.905608423999979, 40.839852285000063 ] ] ] ] } },
{ "type": "Feature", "properties": { "zcta5ce10": "10457", "zip_code": "10457", "collision_count": 12372 }, "geometry": { "type": "MultiPolygon", "coordinates": [ [ [ [ -73.89995042299995, 40.857428288000051 ], [ -73.895582421999961, 40.856254288000059 ], [ -73.889608419999945, 40.853246288000037 ], [ -73.883821417999968, 40.85150728800005 ], [ -73.884803417999933, 40.849317287000076 ], [ -73.892170419999957, 40.841058285000031 ], [ -73.895368420999944, 40.84290328600008 ], [ -73.892902419999984, 40.846277286000031 ], [ -73.896178420999945, 40.84666728600007 ], [ -73.897612421999952, 40.843818286000044 ], [ -73.896640420999972, 40.843508286000031 ], [ -73.900568421999935, 40.836600284000042 ], [ -73.905980423999949, 40.838513285000033 ], [ -73.905608423999979, 40.839852285000063 ], [ -73.905001423999977, 40.842543285000033 ], [ -73.909564425999974, 40.842908285000078 ], [ -73.908911424999985, 40.838384284000028 ], [ -73.909459424999966, 40.837065284000062 ], [ -73.912709425999935, 40.838368284000069 ], [ -73.913138425999989, 40.839822285000025 ], [ -73.911144425999964, 40.845071286000064 ], [ -73.907409424999969, 40.847796286000062 ], [ -73.900853423999934, 40.855945288000044 ], [ -73.89995042299995, 40.857428288000051 ] ] ] ] } },
{ "type": "Feature", "properties": { "zcta5ce10": "11363", "zip_code": "11363", "collision_count": 1682 }, "geometry": { "type": "MultiPolygon", "coordinates": [ [ [ [ -73.733761364999964, 40.772477278000054 ], [ -73.73920336599997, 40.766707276000034 ], [ -73.748730368999986, 40.764037275000078 ], [ -73.750723369999946, 40.766520276000051 ], [ -73.753275370999972, 40.765559276000033 ], [ -73.755739371999937, 40.77148827700006 ], [ -73.753536370999939, 40.772606277000079 ], [ -73.755174371999942, 40.776465278000046 ], [ -73.754260371999976, 40.779560278000076 ], [ -73.752666371999965, 40.78190027900007 ], [ -73.75081837099998, 40.782895279000059 ], [ -73.749576370999989, 40.781906279000054 ], [ -73.746761369999945, 40.780390279000073 ], [ -73.733761364999964, 40.772477278000054 ] ] ] ] } },
{ "type": "Feature", "properties": { "zcta5ce10": "10458", "zip_code": "10458", "collision_count": 12259 }, "geometry": { "type": "MultiPolygon", "coordinates": [ [ [ [ -73.879861417999962, 40.868282291000071 ], [ -73.879289416999939, 40.867970291000063 ], [ -73.88400841899994, 40.864958290000061 ], [ -73.880612416999952, 40.860498290000066 ], [ -73.88088341699995, 40.857517289000043 ], [ -73.877419415999952, 40.855388289000075 ], [ -73.880593416999943, 40.856934289000037 ], [ -73.881669416999955, 40.853356288000043 ], [ -73.882734417999984, 40.853658288000076 ], [ -73.883821417999968, 40.85150728800005 ], [ -73.889608419999945, 40.853246288000037 ], [ -73.895582421999961, 40.856254288000059 ], [ -73.89995042299995, 40.857428288000051 ], [ -73.897069422999948, 40.862542290000079 ], [ -73.891738420999957, 40.869519291000074 ], [ -73.887378419999948, 40.872731292000026 ], [ -73.884856419999949, 40.878553293000039 ], [ -73.883425418999934, 40.875750293000067 ], [ -73.883401418999938, 40.873955292000062 ], [ -73.881755417999955, 40.872357292000061 ], [ -73.879861417999962, 40.868282291000071 ] ] ] ] } },
{ "type": "Feature", "properties": { "zcta5ce10": "10459", "zip_code": "10459", "collision_count": 10394 }, "geometry": { "type": "MultiPolygon", "coordinates": [ [ [ [ -73.879984415999957, 40.834688285000027 ], [ -73.883888415999934, 40.829817284000057 ], [ -73.884412415999975, 40.822978282000065 ], [ -73.887545416999956, 40.822569282000075 ], [ -73.890236417999972, 40.820957282000052 ], [ -73.895429418999981, 40.815853280000056 ], [ -73.902991421999957, 40.82003528100006 ], [ -73.898795420999988, 40.83011328300006 ], [ -73.899021420999986, 40.832009283000048 ], [ -73.896303420999971, 40.833551284000066 ], [ -73.892159418999938, 40.833653284000036 ], [ -73.891628418999971, 40.832741284000065 ], [ -73.885240416999977, 40.830499284000041 ], [ -73.884742416999984, 40.832349284000031 ], [ -73.882223415999988, 40.83547128500004 ], [ -73.879984415999957, 40.834688285000027 ] ] ] ] } },
{ "type": "Feature", "properties": { "zcta5ce10": "10460", "zip_code": "10460", "collision_count": 11465 }, "geometry": { "type": "MultiPolygon", "coordinates": [ [ [ [ -73.871651412999938, 40.844248287000028 ], [ -73.870411412999943, 40.845413287000042 ], [ -73.867789411999979, 40.844883287000073 ], [ -73.865168410999956, 40.842474287000073 ], [ -73.863556409999944, 40.837873286000047 ], [ -73.862944409999955, 40.834307285000079 ], [ -73.866807410999968, 40.834845285000029 ], [ -73.86999541199998, 40.835658285000079 ], [ -73.876624414999981, 40.836222285000076 ], [ -73.879984415999957, 40.834688285000027 ], [ -73.882223415999988, 40.83547128500004 ], [ -73.884742416999984, 40.832349284000031 ], [ -73.885240416999977, 40.830499284000041 ], [ -73.891628418999971, 40.832741284000065 ], [ -73.892159418999938, 40.833653284000036 ], [ -73.896303420999971, 40.833551284000066 ], [ -73.896967420999943, 40.834351284000036 ], [ -73.893378419999976, 40.836548285000049 ], [ -73.890602418999947, 40.836906285000055 ], [ -73.888413417999971, 40.838561285000026 ], [ -73.892170419999957, 40.841058285000031 ], [ -73.884803417999933, 40.849317287000076 ], [ -73.883821417999968, 40.85150728800005 ], [ -73.882734417999984, 40.853658288000076 ], [ -73.881669416999955, 40.853356288000043 ], [ -73.880593416999943, 40.856934289000037 ], [ -73.877419415999952, 40.855388289000075 ], [ -73.87658341599996, 40.853555288000052 ], [ -73.873940414999936, 40.852884288000041 ], [ -73.875316414999986, 40.850467288000061 ], [ -73.87529641499998, 40.848323288000074 ], [ -73.878172414999938, 40.84263328600008 ], [ -73.874592413999949, 40.841529286000025 ], [ -73.871651412999938, 40.844248287000028 ] ] ] ] } },
{ "type": "Feature", "properties": { "zcta5ce10": "11109", "zip_code": "11109", "collision_count": 118 }, "geometry": { "type": "MultiPolygon", "coordinates": [ [ [ [ -73.956851434999976, 40.748233265000067 ], [ -73.954877433999968, 40.747978265000029 ], [ -73.956209433999959, 40.74388026400004 ], [ -73.958468434999986, 40.74421426400005 ], [ -73.959979435999969, 40.742546264000055 ], [ -73.961545435999938, 40.743089264000048 ], [ -73.958301434999953, 40.745739265000054 ], [ -73.956851434999976, 40.748233265000067 ] ] ] ] } },
{ "type": "Feature", "properties": { "zcta5ce10": "10461", "zip_code": "10461", "collision_count": 10643 }, "geometry": { "type": "MultiPolygon", "coordinates": [ [ [ [ -73.861792410999954, 40.857991290000029 ], [ -73.849310406999962, 40.85872629000005 ], [ -73.843296404999933, 40.85829829100004 ], [ -73.836820402999933, 40.857285291000039 ], [ -73.833089401999985, 40.856153291000055 ], [ -73.831994400999974, 40.856753291000075 ], [ -73.828373400999965, 40.860955292000028 ], [ -73.827034399999945, 40.858836291000046 ], [ -73.826148398999976, 40.852898290000041 ], [ -73.82691239899998, 40.85059829000005 ], [ -73.826577398999973, 40.847921289000055 ], [ -73.824958398999968, 40.846113289000073 ], [ -73.825181397999984, 40.84270828800004 ], [ -73.826242398999966, 40.843002288000037 ], [ -73.825496397999984, 40.835226287000069 ], [ -73.826014397999984, 40.834029286000032 ], [ -73.82835739899997, 40.833292286000074 ], [ -73.829234398999972, 40.834457286000031 ], [ -73.832241399999987, 40.835278286000062 ], [ -73.835312400999953, 40.833894286000032 ], [ -73.836391401999947, 40.835845286000051 ], [ -73.838442401999941, 40.835142286000064 ], [ -73.83832240299995, 40.840657287000056 ], [ -73.839568402999987, 40.840555287000029 ], [ -73.839333401999966, 40.833562286000074 ], [ -73.842280402999961, 40.831275285000061 ], [ -73.844207403999974, 40.831347285000049 ], [ -73.839956402999974, 40.834909286000027 ], [ -73.84002940299996, 40.835671286000036 ], [ -73.843705403999934, 40.835175286000037 ], [ -73.845906404999937, 40.83628128600003 ], [ -73.852901406999933, 40.841080287000068 ], [ -73.853336406999972, 40.842478287000063 ], [ -73.85110840699997, 40.843862287000036 ], [ -73.85299940799996, 40.84530128800003 ], [ -73.859487409999986, 40.853603289000034 ], [ -73.861792410999954, 40.857991290000029 ] ] ] ] } },
{ "type": "Feature", "properties": { "zcta5ce10": "10462", "zip_code": "10462", "collision_count": 10230 }, "geometry": { "type": "MultiPolygon", "coordinates": [ [ [ [ -73.868384412999944, 40.857820290000063 ], [ -73.861792410999954, 40.857991290000029 ], [ -73.859487409999986, 40.853603289000034 ], [ -73.85299940799996, 40.84530128800003 ], [ -73.85110840699997, 40.843862287000036 ], [ -73.853336406999972, 40.842478287000063 ], [ -73.852901406999933, 40.841080287000068 ], [ -73.845906404999937, 40.83628128600003 ], [ -73.843705403999934, 40.835175286000037 ], [ -73.84002940299996, 40.835671286000036 ], [ -73.839956402999974, 40.834909286000027 ], [ -73.844207403999974, 40.831347285000049 ], [ -73.842280402999961, 40.831275285000061 ], [ -73.842705402999968, 40.828508285000055 ], [ -73.84525640399994, 40.828471285000035 ], [ -73.86030440899998, 40.833096285000067 ], [ -73.866807410999968, 40.834845285000029 ], [ -73.862944409999955, 40.834307285000079 ], [ -73.863556409999944, 40.837873286000047 ], [ -73.865168410999956, 40.842474287000073 ], [ -73.867789411999979, 40.844883287000073 ], [ -73.870411412999943, 40.845413287000042 ], [ -73.871651412999938, 40.844248287000028 ], [ -73.87118841399996, 40.849986288000025 ], [ -73.871764413999983, 40.854121289000034 ], [ -73.87049441399995, 40.856429289000062 ], [ -73.868384412999944, 40.857820290000063 ] ] ] ] } },
{ "type": "Feature", "properties": { "zcta5ce10": "10463", "zip_code": "10463", "collision_count": 8946 }, "geometry": { "type": "MultiPolygon", "coordinates": [ [ [ [ -73.920957431999966, 40.887296294000066 ], [ -73.918697430999941, 40.88689329400006 ], [ -73.918762430999948, 40.885578293000037 ], [ -73.916038429999958, 40.88487529300005 ], [ -73.913979429999983, 40.886382294000043 ], [ -73.916688429999965, 40.886909294000077 ], [ -73.916345430999968, 40.891295294000031 ], [ -73.912905428999977, 40.889757294000049 ], [ -73.909065427999963, 40.889516294000032 ], [ -73.90626442699994, 40.887579294000034 ], [ -73.905514426999957, 40.890203295000049 ], [ -73.902860425999961, 40.889173295000035 ], [ -73.902368425999953, 40.887262294000038 ], [ -73.895711423999956, 40.885789294000062 ], [ -73.88754542099997, 40.884274294000079 ], [ -73.887106420999942, 40.882931294000059 ], [ -73.887897420999934, 40.882858294000073 ], [ -73.891408421999984, 40.878977293000048 ], [ -73.897328422999976, 40.871454291000077 ], [ -73.898434423999959, 40.873750292000068 ], [ -73.90215242499994, 40.875594292000073 ], [ -73.903649424999969, 40.86988129100007 ], [ -73.906753425999966, 40.868630290000056 ], [ -73.908088426999939, 40.869080290000056 ], [ -73.908606426999938, 40.87168629100006 ], [ -73.910525427999971, 40.874071291000064 ], [ -73.919809430999976, 40.876585291000026 ], [ -73.92163143199997, 40.878329292000046 ], [ -73.924975432999986, 40.879152292000072 ], [ -73.920957431999966, 40.887296294000066 ] ] ] ] } },
{ "type": "Feature", "properties": { "zcta5ce10": "10469", "zip_code": "10469", "collision_count": 11550 }, "geometry": { "type": "MultiPolygon", "coordinates": [ [ [ [ -73.861792410999954, 40.857991290000029 ], [ -73.861307411999974, 40.873681293000061 ], [ -73.85569241099995, 40.884220295000034 ], [ -73.847546407999971, 40.880939295000076 ], [ -73.842739405999964, 40.879433295000069 ], [ -73.838744404999943, 40.881274295000026 ], [ -73.835190403999945, 40.875062294000031 ], [ -73.833161402999963, 40.868328293000047 ], [ -73.829595400999949, 40.862181292000059 ], [ -73.828373400999965, 40.860955292000028 ], [ -73.831994400999974, 40.856753291000075 ], [ -73.833089401999985, 40.856153291000055 ], [ -73.836820402999933, 40.857285291000039 ], [ -73.843296404999933, 40.85829829100004 ], [ -73.849310406999962, 40.85872629000005 ], [ -73.861792410999954, 40.857991290000029 ] ] ], [ [ [ -73.868384412999944, 40.857820290000063 ], [ -73.87049441399995, 40.856429289000062 ], [ -73.871764413999983, 40.854121289000034 ], [ -73.872480413999938, 40.85706028900006 ], [ -73.871613414999956, 40.863786291000054 ], [ -73.872163414999989, 40.870535292000056 ], [ -73.870149414999958, 40.878322294000043 ], [ -73.870563414999936, 40.871519292000073 ], [ -73.870420413999966, 40.865371291000031 ], [ -73.871084413999938, 40.857385289000035 ], [ -73.868384412999944, 40.857820290000063 ] ] ] ] } },
{ "type": "Feature", "properties": { "zcta5ce10": "11214", "zip_code": "11214", "collision_count": 11555 }, "geometry": { "type": "MultiPolygon", "coordinates": [ [ [ [ -73.982813432999933, 40.583800232000044 ], [ -73.98576243399998, 40.581449231000079 ], [ -73.988223434999952, 40.580289231000052 ], [ -73.992318435999948, 40.581495231000076 ], [ -73.990647435999961, 40.584750232000033 ], [ -73.995877436999933, 40.582480231000034 ], [ -74.000419438999984, 40.583554231000051 ], [ -73.99842543799997, 40.585661232000064 ], [ -74.000485438999988, 40.587385232000031 ], [ -73.998032437999939, 40.588474232000067 ], [ -73.998587438999948, 40.590551233000042 ], [ -74.000951439999938, 40.592522233000068 ], [ -74.003447440999935, 40.59618723400007 ], [ -74.00625544199994, 40.597419234000029 ], [ -74.012004443999956, 40.600943234000056 ], [ -74.014776444999939, 40.60202223400006 ], [ -74.014176444999976, 40.603997235000065 ], [ -74.009079442999962, 40.608386236000058 ], [ -74.000825440999961, 40.616322238000066 ], [ -73.993969438999954, 40.612181237000073 ], [ -73.994598438999958, 40.611579237000058 ], [ -73.98797643599994, 40.608083236000027 ], [ -73.987256435999939, 40.607253236000076 ], [ -73.982813432999933, 40.583800232000044 ] ] ] ] } },
{ "type": "Feature", "properties": { "zcta5ce10": "10470", "zip_code": "10470", "collision_count": 4544 }, "geometry": { "type": "MultiPolygon", "coordinates": [ [ [ [ -73.85267941099994, 40.909907300000043 ], [ -73.853529410999954, 40.907473300000049 ], [ -73.85105841099994, 40.906466300000034 ], [ -73.850226409999948, 40.907376300000067 ], [ -73.845321408999951, 40.905590300000028 ], [ -73.844729407999978, 40.904740300000071 ], [ -73.847474408999972, 40.90210429900003 ], [ -73.849551409999947, 40.903053299000078 ], [ -73.853435410999964, 40.89812329800003 ], [ -73.859259412999961, 40.900346298000045 ], [ -73.86287641399997, 40.89516229700007 ], [ -73.867562414999952, 40.888389296000071 ], [ -73.868073414999969, 40.886224295000034 ], [ -73.870921414999941, 40.88026629400008 ], [ -73.874793416999978, 40.88008329400003 ], [ -73.874676416999989, 40.881571294000025 ], [ -73.878127417999963, 40.882162294000068 ], [ -73.878021417999946, 40.887098295000044 ], [ -73.880399418999957, 40.892834296000046 ], [ -73.880507418999969, 40.896813297000051 ], [ -73.879252418999954, 40.899555297000063 ], [ -73.878190418999964, 40.90599129900005 ], [ -73.877856418999954, 40.905930299000033 ], [ -73.859311412999944, 40.90048729800003 ], [ -73.85960541299994, 40.90218629900005 ], [ -73.857200411999941, 40.902886299000045 ], [ -73.857322412999963, 40.905025299000044 ], [ -73.854105411999967, 40.906687300000044 ], [ -73.854882411999938, 40.908225300000026 ], [ -73.85267941099994, 40.909907300000043 ] ] ] ] } },
{ "type": "Feature", "properties": { "zcta5ce10": "10471", "zip_code": "10471", "collision_count": 2751 }, "geometry": { "type": "MultiPolygon", "coordinates": [ [ [ [ -73.886125421999964, 40.908024299000033 ], [ -73.886335421999945, 40.900158297000075 ], [ -73.884881420999989, 40.898666297000034 ], [ -73.884689420999962, 40.896088296000073 ], [ -73.887724420999973, 40.889827295000032 ], [ -73.894240422999985, 40.887444294000034 ], [ -73.895711423999956, 40.885789294000062 ], [ -73.902368425999953, 40.887262294000038 ], [ -73.902860425999961, 40.889173295000035 ], [ -73.905514426999957, 40.890203295000049 ], [ -73.90626442699994, 40.887579294000034 ], [ -73.909065427999963, 40.889516294000032 ], [ -73.912905428999977, 40.889757294000049 ], [ -73.916345430999968, 40.891295294000031 ], [ -73.916688429999965, 40.886909294000077 ], [ -73.913979429999983, 40.886382294000043 ], [ -73.916038429999958, 40.88487529300005 ], [ -73.918762430999948, 40.885578293000037 ], [ -73.918697430999941, 40.88689329400006 ], [ -73.920957431999966, 40.887296294000066 ], [ -73.91976243199997, 40.891138294000029 ], [ -73.918151430999956, 40.89412029500005 ], [ -73.915125430999979, 40.903133297000068 ], [ -73.914295430999971, 40.90424729700004 ], [ -73.911589429999935, 40.914037299000029 ], [ -73.91051742999997, 40.915290299000048 ], [ -73.897254425999961, 40.911663299000054 ], [ -73.886125421999964, 40.908024299000033 ] ] ] ] } },
{ "type": "Feature", "properties": { "zcta5ce10": "10472", "zip_code": "10472", "collision_count": 9057 }, "geometry": { "type": "MultiPolygon", "coordinates": [ [ [ [ -73.884412415999975, 40.822978282000065 ], [ -73.883888415999934, 40.829817284000057 ], [ -73.879984415999957, 40.834688285000027 ], [ -73.876624414999981, 40.836222285000076 ], [ -73.86999541199998, 40.835658285000079 ], [ -73.866807410999968, 40.834845285000029 ], [ -73.86030440899998, 40.833096285000067 ], [ -73.84525640399994, 40.828471285000035 ], [ -73.84700040499996, 40.828008285000067 ], [ -73.884412415999975, 40.822978282000065 ] ] ] ] } },
{ "type": "Feature", "properties": { "zcta5ce10": "10473", "zip_code": "10473", "collision_count": 7225 }, "geometry": { "type": "MultiPolygon", "coordinates": [ [ [ [ -73.84525640399994, 40.828471285000035 ], [ -73.842705402999968, 40.828508285000055 ], [ -73.842613402999973, 40.828070285000081 ], [ -73.840321401999972, 40.820725283000058 ], [ -73.839794401999939, 40.820181283000068 ], [ -73.844134402999941, 40.815913282000054 ], [ -73.84448740299996, 40.813679282000066 ], [ -73.847066402999985, 40.81024928100004 ], [ -73.848724403999938, 40.812158281000052 ], [ -73.850288403999969, 40.808483281000065 ], [ -73.847986403999982, 40.807473280000067 ], [ -73.846498402999941, 40.803843280000081 ], [ -73.856324405999942, 40.802627279000035 ], [ -73.858666406999987, 40.806841280000071 ], [ -73.859205406999934, 40.810708281000075 ], [ -73.862490407999985, 40.810302281000077 ], [ -73.867462409999973, 40.810657280000044 ], [ -73.871099410999989, 40.814645281000026 ], [ -73.877514413999961, 40.81659428100005 ], [ -73.880547414999967, 40.818476281000073 ], [ -73.884329415999957, 40.822622282000054 ], [ -73.884412415999975, 40.822978282000065 ], [ -73.84700040499996, 40.828008285000067 ], [ -73.84525640399994, 40.828471285000035 ] ] ] ] } },
{ "type": "Feature", "properties": { "zcta5ce10": "11215", "zip_code": "11215", "collision_count": 12555 }, "geometry": { "type": "MultiPolygon", "coordinates": [ [ [ [ -73.998498443999949, 40.671482249000064 ], [ -73.998660443999938, 40.671713249000049 ], [ -73.995276442999966, 40.675786250000044 ], [ -73.990803440999969, 40.675791250000032 ], [ -73.988561440999945, 40.679567250000048 ], [ -73.987858440999958, 40.680041251000034 ], [ -73.982612438999979, 40.678059250000047 ], [ -73.983042438999973, 40.677425250000056 ], [ -73.970750434999957, 40.672647250000068 ], [ -73.970420434999937, 40.67251925000005 ], [ -73.979655436999963, 40.661249247000057 ], [ -73.975158434999969, 40.658731247000048 ], [ -73.976750435999975, 40.655522246000032 ], [ -73.979771436999954, 40.657237246000079 ], [ -73.981797436999955, 40.655254246000027 ], [ -73.980292435999957, 40.647305244000052 ], [ -73.981806436999989, 40.64713624400008 ], [ -73.989060438999957, 40.64412724400006 ], [ -73.993986440999947, 40.647109244000035 ], [ -73.99827744199996, 40.649742244000038 ], [ -73.99781944199998, 40.650290244000075 ], [ -74.00214544399995, 40.652964245000078 ], [ -73.991674440999986, 40.663036247000036 ], [ -73.995796441999971, 40.665524247000064 ], [ -73.994856441999957, 40.666790248000041 ], [ -73.998498443999949, 40.671482249000064 ] ] ] ] } },
{ "type": "Feature", "properties": { "zcta5ce10": "11216", "zip_code": "11216", "collision_count": 11133 }, "geometry": { "type": "MultiPolygon", "coordinates": [ [ [ [ -73.957133430999988, 40.688471253000046 ], [ -73.951574429999937, 40.689499254000054 ], [ -73.951811429999964, 40.691607254000075 ], [ -73.945643427999983, 40.69204125400006 ], [ -73.945350427999983, 40.690575254000066 ], [ -73.948186428999975, 40.690250254000034 ], [ -73.947894427999984, 40.688784254000041 ], [ -73.945057427999984, 40.68911025400007 ], [ -73.943963426999971, 40.683609253000043 ], [ -73.938224424999987, 40.683902253000042 ], [ -73.937399424999967, 40.67973825200005 ], [ -73.941210425999941, 40.679946252000036 ], [ -73.941536425999971, 40.676429252000048 ], [ -73.947090426999978, 40.676565251000056 ], [ -73.947732426999949, 40.669713250000029 ], [ -73.955270429999985, 40.670133250000049 ], [ -73.957975430999966, 40.67066525000007 ], [ -73.955196429999944, 40.678351251000038 ], [ -73.957133430999988, 40.688471253000046 ] ] ] ] } },
{ "type": "Feature", "properties": { "zcta5ce10": "10301", "zip_code": "10301", "collision_count": 8650 }, "geometry": { "type": "MultiPolygon", "coordinates": [ [ [ [ -74.104784475999963, 40.64599024000006 ], [ -74.100023474999944, 40.645423240000071 ], [ -74.093814472999952, 40.646090240000035 ], [ -74.086279469999965, 40.64889824100004 ], [ -74.082241468999939, 40.648695241000041 ], [ -74.07824846799997, 40.649476241000059 ], [ -74.075131466999949, 40.648533241000052 ], [ -74.073639465999975, 40.64564424100007 ], [ -74.072472465999965, 40.64635024100005 ], [ -74.069475464999982, 40.642844240000045 ], [ -74.069354463999957, 40.638104240000075 ], [ -74.075074465999933, 40.63779123900008 ], [ -74.075849465999966, 40.635943239000028 ], [ -74.075171465999972, 40.63417423900006 ], [ -74.07596046599997, 40.631978238000045 ], [ -74.077948466999942, 40.632557238000061 ], [ -74.079499466999948, 40.636246239000059 ], [ -74.082314467999936, 40.633670238000036 ], [ -74.084118468999975, 40.634784238000066 ], [ -74.085750468999947, 40.633963238000035 ], [ -74.088078469999971, 40.631089237000026 ], [ -74.086824468999964, 40.630326237000077 ], [ -74.088515469999948, 40.628921237000043 ], [ -74.08867646899995, 40.621039235000069 ], [ -74.087628468999981, 40.619551235000074 ], [ -74.088153468999963, 40.617013235000059 ], [ -74.089803469999936, 40.616816235000044 ], [ -74.093605470999989, 40.618203235000067 ], [ -74.094304470999987, 40.616663234000043 ], [ -74.092476469999951, 40.614925234000054 ], [ -74.093526469999972, 40.612925234000045 ], [ -74.096298470999955, 40.614044234000062 ], [ -74.099352471999964, 40.612427233000062 ], [ -74.096027470999957, 40.608542233000037 ], [ -74.097897470999953, 40.60603023200008 ], [ -74.101823472999968, 40.605165232000047 ], [ -74.103974472999937, 40.603102231000037 ], [ -74.107092473999955, 40.604321232000075 ], [ -74.112699475999989, 40.603075231000048 ], [ -74.111556475999976, 40.601071231000049 ], [ -74.113024475999964, 40.600143231000061 ], [ -74.114872476999949, 40.602145231000065 ], [ -74.110659475999967, 40.60594023200008 ], [ -74.110063475999937, 40.610190233000026 ], [ -74.113594476999936, 40.611705233000066 ], [ -74.114705477999962, 40.618083234000039 ], [ -74.117936478999979, 40.617853234000052 ], [ -74.119670478999979, 40.621753235000028 ], [ -74.116973478999967, 40.624635235000028 ], [ -74.11331047699997, 40.623050235000051 ], [ -74.110016475999942, 40.620696235000025 ], [ -74.106823474999942, 40.621802235000075 ], [ -74.103518473999941, 40.623765236000054 ], [ -74.104359474999967, 40.628223236000053 ], [ -74.105002474999935, 40.628146236000077 ], [ -74.105982475999951, 40.634298237000053 ], [ -74.102527474999988, 40.634671238000067 ], [ -74.103134474999933, 40.63736123800004 ], [ -74.104467474999979, 40.637190238000073 ], [ -74.105423475999942, 40.638907238000058 ], [ -74.106548476999933, 40.64425023900003 ], [ -74.104784475999963, 40.64599024000006 ] ] ] ] } },
{ "type": "Feature", "properties": { "zcta5ce10": "10302", "zip_code": "10302", "collision_count": 614 }, "geometry": { "type": "MultiPolygon", "coordinates": [ [ [ [ -74.143087487999935, 40.639792237000052 ], [ -74.134415484999977, 40.642099238000071 ], [ -74.128579482999953, 40.64129323800006 ], [ -74.12696348299994, 40.640189238000062 ], [ -74.126889482999957, 40.63721823700007 ], [ -74.12784848299998, 40.637285237000071 ], [ -74.128444482999953, 40.633681237000076 ], [ -74.130610482999941, 40.631328236000058 ], [ -74.13026548299996, 40.628718236000054 ], [ -74.132059482999978, 40.623395234000043 ], [ -74.130611482999939, 40.623503235000044 ], [ -74.130410482999935, 40.62177923400003 ], [ -74.134012483999982, 40.622151234000057 ], [ -74.13639548499998, 40.623475234000068 ], [ -74.136663484999985, 40.621522234000054 ], [ -74.141680485999984, 40.621635234000053 ], [ -74.14161848599997, 40.616530233000049 ], [ -74.147321487999989, 40.617083233000074 ], [ -74.145291486999952, 40.618558233000044 ], [ -74.144972486999961, 40.620234233000076 ], [ -74.147933487999978, 40.621344233000059 ], [ -74.146121487999949, 40.624938234000069 ], [ -74.145917487999952, 40.630976235000048 ], [ -74.143983487999947, 40.630608235000068 ], [ -74.143568487999971, 40.631886236000071 ], [ -74.145802487999958, 40.632202236000069 ], [ -74.143087487999935, 40.639792237000052 ] ] ] ] } },
{ "type": "Feature", "properties": { "zcta5ce10": "10303", "zip_code": "10303", "collision_count": 550 }, "geometry": { "type": "MultiPolygon", "coordinates": [ [ [ [ -74.195989504999943, 40.635180234000075 ], [ -74.193133503999945, 40.639200235000033 ], [ -74.190367502999948, 40.640522236000038 ], [ -74.189103502999956, 40.64219423600008 ], [ -74.185078501999953, 40.644423237000069 ], [ -74.17872049999994, 40.64500423700008 ], [ -74.178875499999947, 40.643101237000053 ], [ -74.175764498999968, 40.643551237000054 ], [ -74.175453498999957, 40.645124237000061 ], [ -74.173810497999966, 40.645036237000056 ], [ -74.169792496999946, 40.642257237000081 ], [ -74.165650494999966, 40.641416237000044 ], [ -74.162735493999946, 40.64143623700005 ], [ -74.160193492999952, 40.640219237000053 ], [ -74.152733490999935, 40.638846237000052 ], [ -74.149527489999969, 40.638721237000027 ], [ -74.143087487999935, 40.639792237000052 ], [ -74.145802487999958, 40.632202236000069 ], [ -74.143568487999971, 40.631886236000071 ], [ -74.143983487999947, 40.630608235000068 ], [ -74.145917487999952, 40.630976235000048 ], [ -74.146121487999949, 40.624938234000069 ], [ -74.14876948899996, 40.625112234000028 ], [ -74.149485488999971, 40.622919234000051 ], [ -74.15154248999994, 40.621210233000056 ], [ -74.162462492999964, 40.622187233000034 ], [ -74.164986493999947, 40.621627233000027 ], [ -74.165346493999948, 40.620240233000061 ], [ -74.168726494999987, 40.621217233000039 ], [ -74.174233496999989, 40.619554232000041 ], [ -74.176654497999948, 40.620760232000066 ], [ -74.176329497999973, 40.623784233000038 ], [ -74.179113498999982, 40.625891233000061 ], [ -74.18377849999996, 40.628320234000057 ], [ -74.18900150199994, 40.629534234000062 ], [ -74.191351502999964, 40.628420233000043 ], [ -74.192375502999937, 40.630714234000038 ], [ -74.195316503999948, 40.631089234000058 ], [ -74.195142503999989, 40.632175234000044 ], [ -74.192454502999965, 40.633433234000051 ], [ -74.195989504999943, 40.635180234000075 ] ] ] ] } },
{ "type": "Feature", "properties": { "zcta5ce10": "10304", "zip_code": "10304", "collision_count": 8845 }, "geometry": { "type": "MultiPolygon", "coordinates": [ [ [ [ -74.093526469999972, 40.612925234000045 ], [ -74.092476469999951, 40.614925234000054 ], [ -74.094304470999987, 40.616663234000043 ], [ -74.093605470999989, 40.618203235000067 ], [ -74.089803469999936, 40.616816235000044 ], [ -74.088153468999963, 40.617013235000059 ], [ -74.087628468999981, 40.619551235000074 ], [ -74.08867646899995, 40.621039235000069 ], [ -74.088515469999948, 40.628921237000043 ], [ -74.086824468999964, 40.630326237000077 ], [ -74.088078469999971, 40.631089237000026 ], [ -74.085750468999947, 40.633963238000035 ], [ -74.084118468999975, 40.634784238000066 ], [ -74.082314467999936, 40.633670238000036 ], [ -74.079499466999948, 40.636246239000059 ], [ -74.077948466999942, 40.632557238000061 ], [ -74.07596046599997, 40.631978238000045 ], [ -74.075171465999972, 40.63417423900006 ], [ -74.075849465999966, 40.635943239000028 ], [ -74.075074465999933, 40.63779123900008 ], [ -74.069354463999957, 40.638104240000075 ], [ -74.069251463999933, 40.631741238000075 ], [ -74.068762462999985, 40.627416237000034 ], [ -74.074153464999938, 40.626824237000051 ], [ -74.070288463999987, 40.62101623600006 ], [ -74.074548464999964, 40.616951235000045 ], [ -74.079430465999963, 40.609107233000032 ], [ -74.085484466999958, 40.601136232000044 ], [ -74.087734467999951, 40.596020231000068 ], [ -74.089250467999989, 40.594117230000052 ], [ -74.098494469999935, 40.587114228000075 ], [ -74.102080471999955, 40.58874922900003 ], [ -74.107782472999986, 40.584361228000034 ], [ -74.113922474999981, 40.580514227000037 ], [ -74.115424474999941, 40.578639226000064 ], [ -74.11829047599997, 40.578200226000035 ], [ -74.119150476999948, 40.581516227000066 ], [ -74.123113477999937, 40.585112227000025 ], [ -74.120559477999961, 40.588513228000068 ], [ -74.11592647699996, 40.595827230000054 ], [ -74.11131147499998, 40.597065230000055 ], [ -74.113024475999964, 40.600143231000061 ], [ -74.111556475999976, 40.601071231000049 ], [ -74.112699475999989, 40.603075231000048 ], [ -74.107092473999955, 40.604321232000075 ], [ -74.103974472999937, 40.603102231000037 ], [ -74.101823472999968, 40.605165232000047 ], [ -74.097897470999953, 40.60603023200008 ], [ -74.096027470999957, 40.608542233000037 ], [ -74.099352471999964, 40.612427233000062 ], [ -74.096298470999955, 40.614044234000062 ], [ -74.093526469999972, 40.612925234000045 ] ] ] ] } },
{ "type": "Feature", "properties": { "zcta5ce10": "10305", "zip_code": "10305", "collision_count": 7561 }, "geometry": { "type": "MultiPolygon", "coordinates": [ [ [ [ -74.068762462999985, 40.627416237000034 ], [ -74.067710462999969, 40.624949237000067 ], [ -74.063705460999984, 40.619451236000032 ], [ -74.06230446099994, 40.618145236000032 ], [ -74.06396246099996, 40.616853236000054 ], [ -74.061521459999938, 40.614841235000029 ], [ -74.060275459999957, 40.611596235000036 ], [ -74.055069457999934, 40.606912234000049 ], [ -74.051417456999957, 40.604703234000056 ], [ -74.057920457999955, 40.59204623100004 ], [ -74.064370459999964, 40.588557230000049 ], [ -74.068333460999952, 40.584225229000026 ], [ -74.073817461999965, 40.58045622800006 ], [ -74.07669346299997, 40.577670227000056 ], [ -74.083912464999969, 40.572736226000075 ], [ -74.089094465999949, 40.568013225000072 ], [ -74.091165466999939, 40.566726225000025 ], [ -74.092687466999962, 40.568073225000035 ], [ -74.088767465999979, 40.572383226000056 ], [ -74.085803465999959, 40.574143226000047 ], [ -74.08985946699994, 40.576202227000067 ], [ -74.088975466999955, 40.577153227000053 ], [ -74.093444467999973, 40.579057227000078 ], [ -74.092003467999973, 40.580898227000034 ], [ -74.096170469999947, 40.583052228000042 ], [ -74.097719469999959, 40.581823227000029 ], [ -74.101977470999941, 40.584593228000074 ], [ -74.098494469999935, 40.587114228000075 ], [ -74.089250467999989, 40.594117230000052 ], [ -74.087734467999951, 40.596020231000068 ], [ -74.085484466999958, 40.601136232000044 ], [ -74.079430465999963, 40.609107233000032 ], [ -74.074548464999964, 40.616951235000045 ], [ -74.070288463999987, 40.62101623600006 ], [ -74.074153464999938, 40.626824237000051 ], [ -74.068762462999985, 40.627416237000034 ] ] ] ] } },
{ "type": "Feature", "properties": { "zcta5ce10": "10306", "zip_code": "10306", "collision_count": 10881 }, "geometry": { "type": "MultiPolygon", "coordinates": [ [ [ [ -74.13455947999995, 40.551263220000067 ], [ -74.137763480999979, 40.553890221000074 ], [ -74.141178481999987, 40.554277221000063 ], [ -74.14554448399997, 40.553862220000042 ], [ -74.139666481999939, 40.558657221000033 ], [ -74.142589482999938, 40.559902222000062 ], [ -74.151701485999979, 40.567865223000069 ], [ -74.15487548699997, 40.56531422200004 ], [ -74.15726948799994, 40.562558222000064 ], [ -74.164942489999987, 40.560120221000034 ], [ -74.164440489999947, 40.565261222000061 ], [ -74.165944490999948, 40.567008222000027 ], [ -74.169612491999942, 40.566451222000069 ], [ -74.169836491999945, 40.570887223000057 ], [ -74.152529486999981, 40.580625225000063 ], [ -74.146323485999972, 40.58607822700003 ], [ -74.145835485999953, 40.588572227000043 ], [ -74.138668482999947, 40.589028227000028 ], [ -74.133941481999955, 40.586307227000077 ], [ -74.133521481999935, 40.58425722700008 ], [ -74.130401479999989, 40.582767227000033 ], [ -74.129103479999969, 40.58629922700004 ], [ -74.127783479999948, 40.587457228000062 ], [ -74.127822479999963, 40.589445228000045 ], [ -74.126386479999951, 40.590733228000033 ], [ -74.126286479999976, 40.593463229000065 ], [ -74.122644478999973, 40.59942723000006 ], [ -74.11957747799994, 40.601825231000078 ], [ -74.119429477999972, 40.598368230000062 ], [ -74.116642476999971, 40.599070230000052 ], [ -74.11684547699997, 40.601903231000051 ], [ -74.114872476999949, 40.602145231000065 ], [ -74.113024475999964, 40.600143231000061 ], [ -74.11131147499998, 40.597065230000055 ], [ -74.11592647699996, 40.595827230000054 ], [ -74.120559477999961, 40.588513228000068 ], [ -74.123113477999937, 40.585112227000025 ], [ -74.119150476999948, 40.581516227000066 ], [ -74.11829047599997, 40.578200226000035 ], [ -74.115424474999941, 40.578639226000064 ], [ -74.113922474999981, 40.580514227000037 ], [ -74.107782472999986, 40.584361228000034 ], [ -74.102080471999955, 40.58874922900003 ], [ -74.098494469999935, 40.587114228000075 ], [ -74.101977470999941, 40.584593228000074 ], [ -74.097719469999959, 40.581823227000029 ], [ -74.096170469999947, 40.583052228000042 ], [ -74.092003467999973, 40.580898227000034 ], [ -74.093444467999973, 40.579057227000078 ], [ -74.088975466999955, 40.577153227000053 ], [ -74.08985946699994, 40.576202227000067 ], [ -74.085803465999959, 40.574143226000047 ], [ -74.088767465999979, 40.572383226000056 ], [ -74.092687466999962, 40.568073225000035 ], [ -74.091165466999939, 40.566726225000025 ], [ -74.094298467999977, 40.563030224000045 ], [ -74.095198467999978, 40.562798224000062 ], [ -74.098146468999971, 40.559154223000064 ], [ -74.101066469999978, 40.558550223000054 ], [ -74.104727469999943, 40.552513221000027 ], [ -74.106469470999969, 40.553360222000038 ], [ -74.109128471999952, 40.551918221000051 ], [ -74.112728472999947, 40.547369220000064 ], [ -74.114984473999982, 40.549587221000024 ], [ -74.116025473999969, 40.549369220000074 ], [ -74.119402474999958, 40.552191221000044 ], [ -74.127302477999933, 40.55730322200003 ], [ -74.13455947999995, 40.551263220000067 ] ] ] ] } },
{ "type": "Feature", "properties": { "zcta5ce10": "10010", "zip_code": "10010", "collision_count": 8437 }, "geometry": { "type": "MultiPolygon", "coordinates": [ [ [ [ -73.990946444999963, 40.739681262000033 ], [ -73.994029445999956, 40.741227262000052 ], [ -73.992064445999972, 40.743927263000046 ], [ -73.990969445999951, 40.745429263000062 ], [ -73.987747444999968, 40.744074263000073 ], [ -73.984530442999983, 40.742716263000034 ], [ -73.984978443999978, 40.742097263000062 ], [ -73.975250439999968, 40.73802326200007 ], [ -73.971567438999955, 40.743001264000043 ], [ -73.972495438999943, 40.739772263000077 ], [ -73.972146438999971, 40.735676262000027 ], [ -73.973846439999988, 40.73565526200008 ], [ -73.97365143899998, 40.732318261000046 ], [ -73.979865440999959, 40.734983262000071 ], [ -73.990946444999963, 40.739681262000033 ] ] ] ] } },
{ "type": "Feature", "properties": { "zcta5ce10": "10307", "zip_code": "10307", "collision_count": 1396 }, "geometry": { "type": "MultiPolygon", "coordinates": [ [ [ [ -74.242417511999975, 40.520333210000047 ], [ -74.234822509999958, 40.519524210000043 ], [ -74.232823508999957, 40.516345210000054 ], [ -74.23115650799997, 40.510829209000065 ], [ -74.228001506999988, 40.501798207000036 ], [ -74.225267505999966, 40.501006207000046 ], [ -74.229170506999935, 40.501599207000027 ], [ -74.232587507999938, 40.500261207000051 ], [ -74.233087507999983, 40.500885207000067 ], [ -74.236534508999966, 40.499857206000058 ], [ -74.238871509999967, 40.497567206000042 ], [ -74.241633510999975, 40.496377206000034 ], [ -74.244752511999934, 40.496624206000035 ], [ -74.246527511999943, 40.495937205000075 ], [ -74.249978512999974, 40.496573205000061 ], [ -74.254254514999957, 40.502136206000046 ], [ -74.25589651599995, 40.50773620700005 ], [ -74.253824514999963, 40.509715208000046 ], [ -74.253403514999945, 40.512330208000037 ], [ -74.25211851499995, 40.514247209000075 ], [ -74.248090513999955, 40.516725209000072 ], [ -74.246427512999958, 40.516188209000063 ], [ -74.244391512999982, 40.51878221000004 ], [ -74.242480511999986, 40.518436210000061 ], [ -74.242417511999975, 40.520333210000047 ] ] ], [ [ [ -74.210086501999967, 40.510798210000075 ], [ -74.211638501999971, 40.508185209000033 ], [ -74.211582501999942, 40.506524209000077 ], [ -74.21643050299997, 40.50226520800004 ], [ -74.22163450499994, 40.501079207000032 ], [ -74.223216505999972, 40.508667209000066 ], [ -74.21373650299995, 40.510418209000079 ], [ -74.210436501999936, 40.511744210000074 ], [ -74.210086501999967, 40.510798210000075 ] ] ] ] } },
{ "type": "Feature", "properties": { "zcta5ce10": "10308", "zip_code": "10308", "collision_count": 3367 }, "geometry": { "type": "MultiPolygon", "coordinates": [ [ [ [ -74.13455947999995, 40.551263220000067 ], [ -74.138642480999977, 40.548483219000047 ], [ -74.135684479999952, 40.546381219000068 ], [ -74.139700480999977, 40.544159219000051 ], [ -74.141475481999976, 40.542262218000076 ], [ -74.142170480999937, 40.537301217000049 ], [ -74.145171481999967, 40.535764217000064 ], [ -74.147235482999974, 40.535795217000043 ], [ -74.151786484999946, 40.537709217000042 ], [ -74.159192486999984, 40.545238218000065 ], [ -74.159370487999979, 40.547335219000047 ], [ -74.162097488999962, 40.549093219000042 ], [ -74.164942489999987, 40.560120221000034 ], [ -74.15726948799994, 40.562558222000064 ], [ -74.15487548699997, 40.56531422200004 ], [ -74.151701485999979, 40.567865223000069 ], [ -74.142589482999938, 40.559902222000062 ], [ -74.139666481999939, 40.558657221000033 ], [ -74.14554448399997, 40.553862220000042 ], [ -74.141178481999987, 40.554277221000063 ], [ -74.137763480999979, 40.553890221000074 ], [ -74.13455947999995, 40.551263220000067 ] ] ] ] } },
{ "type": "Feature", "properties": { "zcta5ce10": "11217", "zip_code": "11217", "collision_count": 12990 }, "geometry": { "type": "MultiPolygon", "coordinates": [ [ [ [ -73.97312743699996, 40.689630253000075 ], [ -73.972688435999942, 40.687423253000077 ], [ -73.972774435999952, 40.682871252000041 ], [ -73.970641434999948, 40.682422252000038 ], [ -73.972446435999984, 40.677170251000064 ], [ -73.971051434999936, 40.675245250000046 ], [ -73.970750434999957, 40.672647250000068 ], [ -73.983042438999973, 40.677425250000056 ], [ -73.982612438999979, 40.678059250000047 ], [ -73.987858440999958, 40.680041251000034 ], [ -73.988561440999945, 40.679567250000048 ], [ -73.988700440999935, 40.681225251000058 ], [ -73.990868441999964, 40.682066251000037 ], [ -73.989993441999957, 40.683327251000037 ], [ -73.986569440999972, 40.688416252000025 ], [ -73.984401439999942, 40.687572252000052 ], [ -73.983573439999986, 40.688794252000037 ], [ -73.980430438999974, 40.689909253000053 ], [ -73.97312743699996, 40.689630253000075 ] ] ] ] } },
{ "type": "Feature", "properties": { "zcta5ce10": "10309", "zip_code": "10309", "collision_count": 4579 }, "geometry": { "type": "MultiPolygon", "coordinates": [ [ [ [ -74.212996504999978, 40.558333219000076 ], [ -74.211991504999958, 40.557641219000061 ], [ -74.206393502999958, 40.558110219000071 ], [ -74.204997502999959, 40.557481219000067 ], [ -74.211109504999968, 40.555695218000039 ], [ -74.206130501999951, 40.543550216000028 ], [ -74.20305450099994, 40.544285216000048 ], [ -74.19858249899994, 40.534489215000065 ], [ -74.203094500999953, 40.532491214000061 ], [ -74.202891500999954, 40.531720214000075 ], [ -74.197485498999981, 40.532429214000047 ], [ -74.196085497999945, 40.529920214000072 ], [ -74.196877497999935, 40.528251213000033 ], [ -74.199437498999941, 40.525881213000048 ], [ -74.197536497999977, 40.523762213000055 ], [ -74.19326549699997, 40.517313211000044 ], [ -74.193643495999936, 40.512717211000052 ], [ -74.197545497999954, 40.511195210000039 ], [ -74.200176497999962, 40.512149210000075 ], [ -74.204936499999974, 40.512043210000058 ], [ -74.210086501999967, 40.510798210000075 ], [ -74.210436501999936, 40.511744210000074 ], [ -74.21373650299995, 40.510418209000079 ], [ -74.223216505999972, 40.508667209000066 ], [ -74.22163450499994, 40.501079207000032 ], [ -74.225267505999966, 40.501006207000046 ], [ -74.228001506999988, 40.501798207000036 ], [ -74.23115650799997, 40.510829209000065 ], [ -74.232823508999957, 40.516345210000054 ], [ -74.234822509999958, 40.519524210000043 ], [ -74.242417511999975, 40.520333210000047 ], [ -74.243667512999934, 40.524946211000042 ], [ -74.241772512999944, 40.531127212000058 ], [ -74.242274512999984, 40.534325213000045 ], [ -74.245976514999938, 40.537045213000056 ], [ -74.245117513999958, 40.538464214000044 ], [ -74.246649514999945, 40.542306214000064 ], [ -74.248161515999982, 40.543060215000025 ], [ -74.246596514999965, 40.54538421500007 ], [ -74.243528513999934, 40.547608216000071 ], [ -74.242348513999957, 40.546848216000058 ], [ -74.235801511999966, 40.551660217000062 ], [ -74.234165511999947, 40.551923217000081 ], [ -74.229142509999974, 40.555881218000025 ], [ -74.22617250899998, 40.556230218000053 ], [ -74.22145250799997, 40.555663218000063 ], [ -74.218408506999936, 40.556031218000044 ], [ -74.217471506999971, 40.555139218000079 ], [ -74.214118505999977, 40.556588218000059 ], [ -74.212996504999978, 40.558333219000076 ] ] ] ] } },
{ "type": "Feature", "properties": { "zcta5ce10": "10310", "zip_code": "10310", "collision_count": 5074 }, "geometry": { "type": "MultiPolygon", "coordinates": [ [ [ [ -74.119670478999979, 40.621753235000028 ], [ -74.12204547999994, 40.624192235000066 ], [ -74.130611482999939, 40.623503235000044 ], [ -74.132059482999978, 40.623395234000043 ], [ -74.13026548299996, 40.628718236000054 ], [ -74.130610482999941, 40.631328236000058 ], [ -74.128444482999953, 40.633681237000076 ], [ -74.12784848299998, 40.637285237000071 ], [ -74.126889482999957, 40.63721823700007 ], [ -74.12696348299994, 40.640189238000062 ], [ -74.123745481999947, 40.640210238000066 ], [ -74.120660480999959, 40.641204238000057 ], [ -74.118430479999972, 40.642785239000034 ], [ -74.110925477999956, 40.645558240000071 ], [ -74.104784475999963, 40.64599024000006 ], [ -74.106548476999933, 40.64425023900003 ], [ -74.105423475999942, 40.638907238000058 ], [ -74.104467474999979, 40.637190238000073 ], [ -74.103134474999933, 40.63736123800004 ], [ -74.102527474999988, 40.634671238000067 ], [ -74.105982475999951, 40.634298237000053 ], [ -74.105002474999935, 40.628146236000077 ], [ -74.104359474999967, 40.628223236000053 ], [ -74.103518473999941, 40.623765236000054 ], [ -74.106823474999942, 40.621802235000075 ], [ -74.110016475999942, 40.620696235000025 ], [ -74.11331047699997, 40.623050235000051 ], [ -74.116973478999967, 40.624635235000028 ], [ -74.119670478999979, 40.621753235000028 ] ] ] ] } },
{ "type": "Feature", "properties": { "zcta5ce10": "10312", "zip_code": "10312", "collision_count": 8079 }, "geometry": { "type": "MultiPolygon", "coordinates": [ [ [ [ -74.206393502999958, 40.558110219000071 ], [ -74.199380500999951, 40.560416220000036 ], [ -74.193551499999955, 40.566310221000037 ], [ -74.197962501999939, 40.578419223000026 ], [ -74.191786499999978, 40.576184223000041 ], [ -74.186876497999947, 40.577064223000036 ], [ -74.183767496999963, 40.573621223000032 ], [ -74.178877494999938, 40.571776223000029 ], [ -74.17671949399994, 40.569913222000025 ], [ -74.174699493999981, 40.566873222000027 ], [ -74.169612491999942, 40.566451222000069 ], [ -74.165944490999948, 40.567008222000027 ], [ -74.164440489999947, 40.565261222000061 ], [ -74.164942489999987, 40.560120221000034 ], [ -74.162097488999962, 40.549093219000042 ], [ -74.159370487999979, 40.547335219000047 ], [ -74.159192486999984, 40.545238218000065 ], [ -74.151786484999946, 40.537709217000042 ], [ -74.147235482999974, 40.535795217000043 ], [ -74.145171481999967, 40.535764217000064 ], [ -74.14944348399996, 40.533746216000054 ], [ -74.152597483999955, 40.530485215000056 ], [ -74.156228484999986, 40.528573215000051 ], [ -74.163790487999961, 40.526342214000067 ], [ -74.166035487999977, 40.523744214000033 ], [ -74.169845488999954, 40.522206213000061 ], [ -74.171614489999968, 40.522798213000044 ], [ -74.177891491999958, 40.519470212000044 ], [ -74.179784491999953, 40.520121212000049 ], [ -74.183169493999969, 40.519912212000065 ], [ -74.186573493999958, 40.517911212000058 ], [ -74.192015495999954, 40.511786210000025 ], [ -74.195872496999982, 40.509765210000069 ], [ -74.197545497999954, 40.511195210000039 ], [ -74.193643495999936, 40.512717211000052 ], [ -74.19326549699997, 40.517313211000044 ], [ -74.197536497999977, 40.523762213000055 ], [ -74.199437498999941, 40.525881213000048 ], [ -74.196877497999935, 40.528251213000033 ], [ -74.196085497999945, 40.529920214000072 ], [ -74.197485498999981, 40.532429214000047 ], [ -74.202891500999954, 40.531720214000075 ], [ -74.203094500999953, 40.532491214000061 ], [ -74.19858249899994, 40.534489215000065 ], [ -74.20305450099994, 40.544285216000048 ], [ -74.206130501999951, 40.543550216000028 ], [ -74.211109504999968, 40.555695218000039 ], [ -74.204997502999959, 40.557481219000067 ], [ -74.206393502999958, 40.558110219000071 ] ] ] ] } },
{ "type": "Feature", "properties": { "zcta5ce10": "10011", "zip_code": "10011", "collision_count": 11456 }, "geometry": { "type": "MultiPolygon", "coordinates": [ [ [ [ -73.992064445999972, 40.743927263000046 ], [ -73.994029445999956, 40.741227262000052 ], [ -73.990946444999963, 40.739681262000033 ], [ -73.996975446999954, 40.731417260000057 ], [ -73.998613446999968, 40.732223260000069 ], [ -73.999605447999954, 40.731051260000072 ], [ -74.000955447999957, 40.731714260000047 ], [ -73.999556447999964, 40.733619261000058 ], [ -74.002406448999977, 40.738769262000062 ], [ -74.002731448999953, 40.740299262000065 ], [ -74.007706450999933, 40.742842262000067 ], [ -74.009332450999977, 40.742580262000047 ], [ -74.008800450999956, 40.74482226300006 ], [ -74.009997451999936, 40.74893826300007 ], [ -74.007847451999965, 40.753800264000063 ], [ -74.00614645099995, 40.756197265000026 ], [ -74.005609450999941, 40.755890265000062 ], [ -74.008338451999975, 40.750303264000024 ], [ -74.000849448999986, 40.747155263000025 ], [ -74.000400448999983, 40.747775263000051 ], [ -73.995031446999974, 40.74494926300008 ], [ -73.992064445999972, 40.743927263000046 ] ] ] ] } },
{ "type": "Feature", "properties": { "zcta5ce10": "10173", "zip_code": "10173", "collision_count": 5 }, "geometry": { "type": "MultiPolygon", "coordinates": [ [ [ [ -73.97993844299998, 40.754791266000041 ], [ -73.978333441999951, 40.75410826500007 ], [ -73.978784441999949, 40.753489265000042 ], [ -73.980396442999961, 40.754163265000045 ], [ -73.97993844299998, 40.754791266000041 ] ] ] ] } },
{ "type": "Feature", "properties": { "zcta5ce10": "10069", "zip_code": "10069", "collision_count": 267 }, "geometry": { "type": "MultiPolygon", "coordinates": [ [ [ [ -73.987266446999968, 40.781040270000062 ], [ -73.986610445999986, 40.780720270000074 ], [ -73.989995446999956, 40.77225026900004 ], [ -73.990455446999988, 40.771620268000049 ], [ -73.993953447999957, 40.772884269000031 ], [ -73.992420447999962, 40.775568269000075 ], [ -73.987266446999968, 40.781040270000062 ] ] ] ] } },
{ "type": "Feature", "properties": { "zcta5ce10": "10103", "zip_code": "10103", "collision_count": 12 }, "geometry": { "type": "MultiPolygon", "coordinates": [ [ [ [ -73.975832441999955, 40.760426267000071 ], [ -73.976290441999936, 40.759795267000072 ], [ -73.979514442999971, 40.761156267000047 ], [ -73.979058442999985, 40.761779267000065 ], [ -73.975832441999955, 40.760426267000071 ] ] ] ] } },
{ "type": "Feature", "properties": { "zcta5ce10": "10110", "zip_code": "10110", "collision_count": 18 }, "geometry": { "type": "MultiPolygon", "coordinates": [ [ [ [ -73.980396442999961, 40.754163265000045 ], [ -73.980889442999967, 40.753489265000042 ], [ -73.984119443999987, 40.754850265000073 ], [ -73.983625443999983, 40.755524266000066 ], [ -73.980396442999961, 40.754163265000045 ] ] ] ] } },
{ "type": "Feature", "properties": { "zcta5ce10": "10111", "zip_code": "10111", "collision_count": 23 }, "geometry": { "type": "MultiPolygon", "coordinates": [ [ [ [ -73.977990441999964, 40.759697267000035 ], [ -73.976745441999981, 40.759173267000051 ], [ -73.977202441999964, 40.758546266000053 ], [ -73.978451441999937, 40.75907326600003 ], [ -73.977990441999964, 40.759697267000035 ] ] ] ] } },
{ "type": "Feature", "properties": { "zcta5ce10": "10112", "zip_code": "10112", "collision_count": 28 }, "geometry": { "type": "MultiPolygon", "coordinates": [ [ [ [ -73.98042744299994, 40.759907267000074 ], [ -73.978451441999937, 40.75907326600003 ], [ -73.980887442999972, 40.759278266000081 ], [ -73.98042744299994, 40.759907267000074 ] ] ] ] } },
{ "type": "Feature", "properties": { "zcta5ce10": "10115", "zip_code": "10115", "collision_count": 14 }, "geometry": { "type": "MultiPolygon", "coordinates": [ [ [ [ -73.964020440999946, 40.811339277000059 ], [ -73.963059440999984, 40.810955277000062 ], [ -73.96347844099995, 40.810381277000033 ], [ -73.964425440999946, 40.810763277000035 ], [ -73.964020440999946, 40.811339277000059 ] ] ] ] } },
{ "type": "Feature", "properties": { "zcta5ce10": "10119", "zip_code": "10119", "collision_count": 256 }, "geometry": { "type": "MultiPolygon", "coordinates": [ [ [ [ -73.993949446999977, 40.751530264000053 ], [ -73.991111445999934, 40.750327264000077 ], [ -73.992007445999946, 40.749109264000026 ], [ -73.994845446999989, 40.750301264000029 ], [ -73.993949446999977, 40.751530264000053 ] ] ] ] } },
{ "type": "Feature", "properties": { "zcta5ce10": "10128", "zip_code": "10128", "collision_count": 6620 }, "geometry": { "type": "MultiPolygon", "coordinates": [ [ [ [ -73.955779436999933, 40.787922273000049 ], [ -73.95092843499998, 40.785874273000047 ], [ -73.950435434999974, 40.786548273000051 ], [ -73.944224432999988, 40.78394127200005 ], [ -73.943605432999959, 40.782658272000049 ], [ -73.943836432999944, 40.781363272000078 ], [ -73.941938431999972, 40.776039271000059 ], [ -73.944338431999938, 40.77311627000006 ], [ -73.94572943299994, 40.773630270000069 ], [ -73.944955432999961, 40.77559227100005 ], [ -73.951249434999966, 40.778559271000063 ], [ -73.951744434999966, 40.777883271000064 ], [ -73.957203436999976, 40.780187271000045 ], [ -73.956709436999972, 40.780864271000041 ], [ -73.959922437999978, 40.782221272000072 ], [ -73.955779436999933, 40.787922273000049 ] ] ] ] } },
{ "type": "Feature", "properties": { "zcta5ce10": "10152", "zip_code": "10152", "collision_count": 5 }, "geometry": { "type": "MultiPolygon", "coordinates": [ [ [ [ -73.97145243999995, 40.757757266000056 ], [ -73.97306944099995, 40.758440266000036 ], [ -73.972614440999962, 40.759067267000034 ], [ -73.97099443999997, 40.758381267000061 ], [ -73.97145243999995, 40.757757266000056 ] ] ] ] } },
{ "type": "Feature", "properties": { "zcta5ce10": "10153", "zip_code": "10153", "collision_count": 25 }, "geometry": { "type": "MultiPolygon", "coordinates": [ [ [ [ -73.97301644099997, 40.764287268000032 ], [ -73.971412440999984, 40.763596268000072 ], [ -73.971870440999965, 40.762972267000066 ], [ -73.973466440999971, 40.763667268000063 ], [ -73.97301644099997, 40.764287268000032 ] ] ] ] } },
{ "type": "Feature", "properties": { "zcta5ce10": "10154", "zip_code": "10154", "collision_count": 12 }, "geometry": { "type": "MultiPolygon", "coordinates": [ [ [ [ -73.97306944099995, 40.758440266000036 ], [ -73.97145243999995, 40.757757266000056 ], [ -73.971908439999936, 40.757133266000039 ], [ -73.973525440999936, 40.757816266000077 ], [ -73.97306944099995, 40.758440266000036 ] ] ] ] } },
{ "type": "Feature", "properties": { "zcta5ce10": "10162", "zip_code": "10162", "collision_count": 1 }, "geometry": { "type": "MultiPolygon", "coordinates": [ [ [ [ -73.948193432999972, 40.769545270000037 ], [ -73.949216433999936, 40.768350269000052 ], [ -73.95185943499996, 40.769449269000063 ], [ -73.948193432999972, 40.769545270000037 ] ] ] ] } },
{ "type": "Feature", "properties": { "zcta5ce10": "10165", "zip_code": "10165", "collision_count": 63 }, "geometry": { "type": "MultiPolygon", "coordinates": [ [ [ [ -73.977678441999956, 40.75212726500007 ], [ -73.978160441999989, 40.751468265000028 ], [ -73.979769441999963, 40.752149265000071 ], [ -73.979288441999984, 40.752809265000053 ], [ -73.977678441999956, 40.75212726500007 ] ] ] ] } },
{ "type": "Feature", "properties": { "zcta5ce10": "10167", "zip_code": "10167", "collision_count": 7 }, "geometry": { "type": "MultiPolygon", "coordinates": [ [ [ [ -73.975353440999982, 40.755311266000035 ], [ -73.973736440999971, 40.754627266000057 ], [ -73.975210440999945, 40.754433266000035 ], [ -73.97580844099997, 40.754686266000078 ], [ -73.975353440999982, 40.755311266000035 ] ] ] ] } },
{ "type": "Feature", "properties": { "zcta5ce10": "10168", "zip_code": "10168", "collision_count": 152 }, "geometry": { "type": "MultiPolygon", "coordinates": [ [ [ [ -73.977678441999956, 40.75212726500007 ], [ -73.977108441999974, 40.75189126500004 ], [ -73.976049440999986, 40.751449265000076 ], [ -73.978160441999989, 40.751468265000028 ], [ -73.977678441999956, 40.75212726500007 ] ] ] ] } },
{ "type": "Feature", "properties": { "zcta5ce10": "10169", "zip_code": "10169", "collision_count": 66 }, "geometry": { "type": "MultiPolygon", "coordinates": [ [ [ [ -73.976517441999988, 40.75498226600007 ], [ -73.97580844099997, 40.754686266000078 ], [ -73.975210440999945, 40.754433266000035 ], [ -73.975703440999951, 40.753819265000061 ], [ -73.976517441999988, 40.75498226600007 ] ] ] ] } },
{ "type": "Feature", "properties": { "zcta5ce10": "10170", "zip_code": "10170", "collision_count": 13 }, "geometry": { "type": "MultiPolygon", "coordinates": [ [ [ [ -73.977108441999974, 40.75189126500004 ], [ -73.975703440999951, 40.753819265000061 ], [ -73.975559440999973, 40.752124265000077 ], [ -73.976049440999986, 40.751449265000076 ], [ -73.977108441999974, 40.75189126500004 ] ] ] ] } },
{ "type": "Feature", "properties": { "zcta5ce10": "10171", "zip_code": "10171", "collision_count": 7 }, "geometry": { "type": "MultiPolygon", "coordinates": [ [ [ [ -73.974440440999956, 40.756564266000055 ], [ -73.972821439999962, 40.755878266000025 ], [ -73.973277440999937, 40.755251266000073 ], [ -73.974898440999937, 40.755936266000049 ], [ -73.974440440999956, 40.756564266000055 ] ] ] ] } },
{ "type": "Feature", "properties": { "zcta5ce10": "10172", "zip_code": "10172", "collision_count": 114 }, "geometry": { "type": "MultiPolygon", "coordinates": [ [ [ [ -73.974898440999937, 40.755936266000049 ], [ -73.973277440999937, 40.755251266000073 ], [ -73.973736440999971, 40.754627266000057 ], [ -73.975353440999982, 40.755311266000035 ], [ -73.974898440999937, 40.755936266000049 ] ] ] ] } },
{ "type": "Feature", "properties": { "zcta5ce10": "10314", "zip_code": "10314", "collision_count": 4778 }, "geometry": { "type": "MultiPolygon", "coordinates": [ [ [ [ -74.195989504999943, 40.635180234000075 ], [ -74.192454502999965, 40.633433234000051 ], [ -74.195142503999989, 40.632175234000044 ], [ -74.195316503999948, 40.631089234000058 ], [ -74.192375502999937, 40.630714234000038 ], [ -74.191351502999964, 40.628420233000043 ], [ -74.18900150199994, 40.629534234000062 ], [ -74.18377849999996, 40.628320234000057 ], [ -74.179113498999982, 40.625891233000061 ], [ -74.176329497999973, 40.623784233000038 ], [ -74.176654497999948, 40.620760232000066 ], [ -74.174233496999989, 40.619554232000041 ], [ -74.168726494999987, 40.621217233000039 ], [ -74.165346493999948, 40.620240233000061 ], [ -74.164986493999947, 40.621627233000027 ], [ -74.162462492999964, 40.622187233000034 ], [ -74.15154248999994, 40.621210233000056 ], [ -74.149485488999971, 40.622919234000051 ], [ -74.14876948899996, 40.625112234000028 ], [ -74.146121487999949, 40.624938234000069 ], [ -74.147933487999978, 40.621344233000059 ], [ -74.144972486999961, 40.620234233000076 ], [ -74.145291486999952, 40.618558233000044 ], [ -74.147321487999989, 40.617083233000074 ], [ -74.14161848599997, 40.616530233000049 ], [ -74.141680485999984, 40.621635234000053 ], [ -74.136663484999985, 40.621522234000054 ], [ -74.13639548499998, 40.623475234000068 ], [ -74.134012483999982, 40.622151234000057 ], [ -74.130410482999935, 40.62177923400003 ], [ -74.130611482999939, 40.623503235000044 ], [ -74.12204547999994, 40.624192235000066 ], [ -74.119670478999979, 40.621753235000028 ], [ -74.117936478999979, 40.617853234000052 ], [ -74.114705477999962, 40.618083234000039 ], [ -74.113594476999936, 40.611705233000066 ], [ -74.110063475999937, 40.610190233000026 ], [ -74.110659475999967, 40.60594023200008 ], [ -74.114872476999949, 40.602145231000065 ], [ -74.11684547699997, 40.601903231000051 ], [ -74.116642476999971, 40.599070230000052 ], [ -74.119429477999972, 40.598368230000062 ], [ -74.11957747799994, 40.601825231000078 ], [ -74.122644478999973, 40.59942723000006 ], [ -74.126286479999976, 40.593463229000065 ], [ -74.126386479999951, 40.590733228000033 ], [ -74.127822479999963, 40.589445228000045 ], [ -74.127783479999948, 40.587457228000062 ], [ -74.129103479999969, 40.58629922700004 ], [ -74.130401479999989, 40.582767227000033 ], [ -74.133521481999935, 40.58425722700008 ], [ -74.133941481999955, 40.586307227000077 ], [ -74.138668482999947, 40.589028227000028 ], [ -74.145835485999953, 40.588572227000043 ], [ -74.146323485999972, 40.58607822700003 ], [ -74.152529486999981, 40.580625225000063 ], [ -74.169836491999945, 40.570887223000057 ], [ -74.169612491999942, 40.566451222000069 ], [ -74.174699493999981, 40.566873222000027 ], [ -74.17671949399994, 40.569913222000025 ], [ -74.178877494999938, 40.571776223000029 ], [ -74.183767496999963, 40.573621223000032 ], [ -74.186876497999947, 40.577064223000036 ], [ -74.191786499999978, 40.576184223000041 ], [ -74.197962501999939, 40.578419223000026 ], [ -74.193551499999955, 40.566310221000037 ], [ -74.199380500999951, 40.560416220000036 ], [ -74.206393502999958, 40.558110219000071 ], [ -74.211991504999958, 40.557641219000061 ], [ -74.212996504999978, 40.558333219000076 ], [ -74.211171504999982, 40.56090221900007 ], [ -74.21134150499995, 40.565126220000025 ], [ -74.207703504999984, 40.573376222000036 ], [ -74.205528503999972, 40.581508224000061 ], [ -74.203643503999956, 40.58532522400003 ], [ -74.204060503999983, 40.589641225000037 ], [ -74.197394502999941, 40.596886227000027 ], [ -74.19704150299998, 40.599991228000079 ], [ -74.198792502999936, 40.60089922800006 ], [ -74.200150503999964, 40.603691228000059 ], [ -74.202631504999943, 40.605869229000064 ], [ -74.202359504999947, 40.613163230000055 ], [ -74.200773504999972, 40.614238230000069 ], [ -74.200384504999988, 40.616439231000072 ], [ -74.201293504999967, 40.619054231000064 ], [ -74.201673505999963, 40.623613232000025 ], [ -74.201156505999961, 40.629359233000059 ], [ -74.200515505999988, 40.631479234000039 ], [ -74.198767504999978, 40.633146234000037 ], [ -74.196518504999972, 40.633363234000058 ], [ -74.195989504999943, 40.635180234000075 ] ], [ [ -74.177424496999947, 40.606401230000074 ], [ -74.179176497999947, 40.607875230000047 ], [ -74.182465497999942, 40.604218229000026 ], [ -74.180414497999948, 40.602935229000025 ], [ -74.176552496999989, 40.605871229000059 ], [ -74.177424496999947, 40.606401230000074 ] ] ] ] } },
{ "type": "Feature", "properties": { "zcta5ce10": "10012", "zip_code": "10012", "collision_count": 8493 }, "geometry": { "type": "MultiPolygon", "coordinates": [ [ [ [ -73.992605444999981, 40.72414425900007 ], [ -73.994036444999949, 40.720331258000044 ], [ -73.995261444999983, 40.719875258000059 ], [ -74.004576448999956, 40.724181259000034 ], [ -74.003731448999986, 40.726258259000076 ], [ -74.000955447999957, 40.731714260000047 ], [ -73.999605447999954, 40.731051260000072 ], [ -73.993148444999974, 40.727875260000076 ], [ -73.99179544499998, 40.726399260000051 ], [ -73.992605444999981, 40.72414425900007 ] ] ] ] } },
{ "type": "Feature", "properties": { "zcta5ce10": "10013", "zip_code": "10013", "collision_count": 15391 }, "geometry": { "type": "MultiPolygon", "coordinates": [ [ [ [ -74.012764450999953, 40.717137257000047 ], [ -74.013047450999977, 40.719094257000052 ], [ -74.011979450999945, 40.724341258000038 ], [ -74.009624450999979, 40.727565259000073 ], [ -74.005546448999951, 40.72716525900006 ], [ -74.003731448999986, 40.726258259000076 ], [ -74.004576448999956, 40.724181259000034 ], [ -73.995261444999983, 40.719875258000059 ], [ -73.994036444999949, 40.720331258000044 ], [ -73.997533445999977, 40.714031257000045 ], [ -74.000456446999976, 40.714373257000034 ], [ -74.002116446999935, 40.715167257000076 ], [ -74.004534447999959, 40.716288257000031 ], [ -74.006250448999936, 40.717084257000067 ], [ -74.007941448999986, 40.714935257000036 ], [ -74.012764450999953, 40.717137257000047 ] ] ] ] } },
{ "type": "Feature", "properties": { "zcta5ce10": "10014", "zip_code": "10014", "collision_count": 6273 }, "geometry": { "type": "MultiPolygon", "coordinates": [ [ [ [ -74.000955447999957, 40.731714260000047 ], [ -74.003731448999986, 40.726258259000076 ], [ -74.005546448999951, 40.72716525900006 ], [ -74.009624450999979, 40.727565259000073 ], [ -74.011979450999945, 40.724341258000038 ], [ -74.011377450999987, 40.728241259000072 ], [ -74.014358451999954, 40.728620259000024 ], [ -74.014073451999934, 40.730697260000056 ], [ -74.011165450999954, 40.73045226000005 ], [ -74.010395451999955, 40.739144261000035 ], [ -74.009332450999977, 40.742580262000047 ], [ -74.007706450999933, 40.742842262000067 ], [ -74.002731448999953, 40.740299262000065 ], [ -74.002406448999977, 40.738769262000062 ], [ -73.999556447999964, 40.733619261000058 ], [ -74.000955447999957, 40.731714260000047 ] ] ] ] } },
{ "type": "Feature", "properties": { "zcta5ce10": "10016", "zip_code": "10016", "collision_count": 17430 }, "geometry": { "type": "MultiPolygon", "coordinates": [ [ [ [ -73.981823442999939, 40.752205265000043 ], [ -73.97078143899995, 40.747551264000037 ], [ -73.968193437999957, 40.747259264000036 ], [ -73.971567438999955, 40.743001264000043 ], [ -73.975250439999968, 40.73802326200007 ], [ -73.984978443999978, 40.742097263000062 ], [ -73.984530442999983, 40.742716263000034 ], [ -73.987747444999968, 40.744074263000073 ], [ -73.984077443999979, 40.74911026400008 ], [ -73.981823442999939, 40.752205265000043 ] ] ] ] } },
{ "type": "Feature", "properties": { "zcta5ce10": "11218", "zip_code": "11218", "collision_count": 11119 }, "geometry": { "type": "MultiPolygon", "coordinates": [ [ [ [ -73.975158434999969, 40.658731247000048 ], [ -73.974045434999937, 40.657355247000055 ], [ -73.972392433999971, 40.651675246000025 ], [ -73.97162343399998, 40.651089246000026 ], [ -73.966214431999958, 40.653197246000047 ], [ -73.964655431999972, 40.650895246000061 ], [ -73.967029431999947, 40.649956245000055 ], [ -73.965942431999963, 40.644209244000081 ], [ -73.966000430999941, 40.641274244000044 ], [ -73.964926430999981, 40.63885924300007 ], [ -73.965383430999964, 40.636287243000027 ], [ -73.972809432999952, 40.632814242000052 ], [ -73.975739433999934, 40.630894241000078 ], [ -73.977250433999984, 40.630715241000075 ], [ -73.980143434999945, 40.632362242000056 ], [ -73.978974434999941, 40.633484242000065 ], [ -73.981433435999975, 40.634963242000026 ], [ -73.98289043699998, 40.636755242000049 ], [ -73.991930439999976, 40.642213243000072 ], [ -73.989060438999957, 40.64412724400006 ], [ -73.981806436999989, 40.64713624400008 ], [ -73.980292435999957, 40.647305244000052 ], [ -73.981797436999955, 40.655254246000027 ], [ -73.979771436999954, 40.657237246000079 ], [ -73.976750435999975, 40.655522246000032 ], [ -73.975158434999969, 40.658731247000048 ] ] ] ] } },
{ "type": "Feature", "properties": { "zcta5ce10": "10451", "zip_code": "10451", "collision_count": 11264 }, "geometry": { "type": "MultiPolygon", "coordinates": [ [ [ [ -73.920462427999951, 40.830923283000061 ], [ -73.918945427999972, 40.830343282000058 ], [ -73.920202427999982, 40.828108282000073 ], [ -73.915317425999945, 40.826554282000075 ], [ -73.912170424999942, 40.827910282000062 ], [ -73.911311424999951, 40.824857282000039 ], [ -73.908710423999935, 40.824075282000081 ], [ -73.910165423999956, 40.820490281000048 ], [ -73.911949424999989, 40.82016228100008 ], [ -73.917418426999973, 40.82128528100003 ], [ -73.92035042699996, 40.814637279000067 ], [ -73.922089427999936, 40.81373927900006 ], [ -73.926444428999957, 40.811515279000048 ], [ -73.931826430999934, 40.807910278000065 ], [ -73.932571430999985, 40.809264278000057 ], [ -73.932264430999965, 40.818010280000067 ], [ -73.933063431999983, 40.828210282000043 ], [ -73.928757430999951, 40.82919428200006 ], [ -73.922670428999936, 40.826862282000036 ], [ -73.920462427999951, 40.830923283000061 ] ] ] ] } },
{ "type": "Feature", "properties": { "zcta5ce10": "10452", "zip_code": "10452", "collision_count": 8550 }, "geometry": { "type": "MultiPolygon", "coordinates": [ [ [ [ -73.911144425999964, 40.845071286000064 ], [ -73.913138425999989, 40.839822285000025 ], [ -73.918390427999952, 40.83381728300003 ], [ -73.920462427999951, 40.830923283000061 ], [ -73.922670428999936, 40.826862282000036 ], [ -73.928757430999951, 40.82919428200006 ], [ -73.933063431999983, 40.828210282000043 ], [ -73.933460432999937, 40.833192283000074 ], [ -73.933007432999943, 40.835687283000027 ], [ -73.930607431999988, 40.839687284000036 ], [ -73.928151431999936, 40.845515285000033 ], [ -73.922686429999942, 40.844576285000073 ], [ -73.921045428999946, 40.84652828600008 ], [ -73.917029427999978, 40.846406286000047 ], [ -73.911144425999964, 40.845071286000064 ] ] ] ] } },
{ "type": "Feature", "properties": { "zcta5ce10": "10464", "zip_code": "10464", "collision_count": 1029 }, "geometry": { "type": "MultiPolygon", "coordinates": [ [ [ [ -73.792943390999937, 40.883419297000046 ], [ -73.795447390999982, 40.880894297000054 ], [ -73.797382390999985, 40.875045295000064 ], [ -73.79919739199994, 40.875142295000046 ], [ -73.800473391999958, 40.872959295000044 ], [ -73.804801392999934, 40.868598294000037 ], [ -73.801959391999958, 40.865973294000071 ], [ -73.797218390999944, 40.873357295000062 ], [ -73.794179389999954, 40.874723295000081 ], [ -73.79419939099995, 40.878688296000064 ], [ -73.791058389999989, 40.881106297000031 ], [ -73.789486388999933, 40.879436297000041 ], [ -73.785777387999985, 40.87889229700005 ], [ -73.785301387999937, 40.876642296000057 ], [ -73.787704387999952, 40.873005295000041 ], [ -73.783825386999979, 40.872813295000071 ], [ -73.782515386999989, 40.871666295000068 ], [ -73.785829386999978, 40.869054295000069 ], [ -73.79018138899994, 40.868156294000073 ], [ -73.791905388999965, 40.860837293000031 ], [ -73.793688388999954, 40.859184292000066 ], [ -73.794033388999935, 40.856559292000043 ], [ -73.79647338999996, 40.856215292000059 ], [ -73.797986389999949, 40.85485729100003 ], [ -73.798494389999973, 40.850667291000036 ], [ -73.800207390999958, 40.847935290000066 ], [ -73.804994392999959, 40.853245291000064 ], [ -73.805631392999942, 40.85471829100004 ], [ -73.804576392999934, 40.861199292000038 ], [ -73.807580393999956, 40.860393292000026 ], [ -73.815090396999949, 40.865252293000026 ], [ -73.816753396999957, 40.864552293000031 ], [ -73.816342396999971, 40.866108293000025 ], [ -73.821268398999962, 40.869079293000027 ], [ -73.823297399999944, 40.873106294000024 ], [ -73.819927398999937, 40.882128296000076 ], [ -73.819815398999935, 40.885582297000042 ], [ -73.815414397999973, 40.886663297000041 ], [ -73.815166397999974, 40.889007298000081 ], [ -73.804790394999941, 40.886513297000079 ], [ -73.792943390999937, 40.883419297000046 ] ] ], [ [ [ -73.785699385999976, 40.851465291000068 ], [ -73.783591385999955, 40.850055291000047 ], [ -73.781715384999984, 40.84577629000006 ], [ -73.783306384999946, 40.844532290000075 ], [ -73.782953384999985, 40.84271429000006 ], [ -73.781315383999981, 40.841133289000027 ], [ -73.781712383999945, 40.838531289000059 ], [ -73.78402938499994, 40.836596288000067 ], [ -73.786840385999938, 40.839952289000053 ], [ -73.791193387999954, 40.846966290000069 ], [ -73.789429386999984, 40.851193291000072 ], [ -73.792561388999957, 40.855981292000081 ], [ -73.790130387999966, 40.85896529300004 ], [ -73.788795387999983, 40.857964292000077 ], [ -73.788328386999979, 40.853613292000034 ], [ -73.785699385999976, 40.851465291000068 ] ] ], [ [ [ -73.772714381999947, 40.85280729200008 ], [ -73.772402382999985, 40.860017293000055 ], [ -73.770682381999961, 40.860460294000063 ], [ -73.76751238099996, 40.858829293000042 ], [ -73.764662379999947, 40.855514293000056 ], [ -73.767690380999966, 40.854776293000043 ], [ -73.768189380999956, 40.851249292000034 ], [ -73.769415380999988, 40.848157291000064 ], [ -73.767262379999977, 40.845782291000035 ], [ -73.768735379999953, 40.845485291000045 ], [ -73.771555381999974, 40.848080291000031 ], [ -73.771091381999952, 40.850344292000045 ], [ -73.772714381999947, 40.85280729200008 ] ] ], [ [ [ -73.787496386999976, 40.858810293000033 ], [ -73.787552386999948, 40.859893293000027 ], [ -73.784869386999958, 40.860280293000073 ], [ -73.784855385999947, 40.859049293000055 ], [ -73.787496386999976, 40.858810293000033 ] ] ] ] } },
{ "type": "Feature", "properties": { "zcta5ce10": "11219", "zip_code": "11219", "collision_count": 11977 }, "geometry": { "type": "MultiPolygon", "coordinates": [ [ [ [ -73.997286439999982, 40.61972023800007 ], [ -74.012143444999936, 40.628692240000078 ], [ -74.012703445999989, 40.629032240000072 ], [ -73.997735441999964, 40.643418243000042 ], [ -73.993986440999947, 40.647109244000035 ], [ -73.989060438999957, 40.64412724400006 ], [ -73.991930439999976, 40.642213243000072 ], [ -73.98289043699998, 40.636755242000049 ], [ -73.981433435999975, 40.634963242000026 ], [ -73.997286439999982, 40.61972023800007 ] ] ] ] } },
{ "type": "Feature", "properties": { "zcta5ce10": "10465", "zip_code": "10465", "collision_count": 6534 }, "geometry": { "type": "MultiPolygon", "coordinates": [ [ [ [ -73.824958398999968, 40.846113289000073 ], [ -73.82048539699997, 40.848509289000049 ], [ -73.820142396999984, 40.848028289000069 ], [ -73.815675395999961, 40.848863290000054 ], [ -73.815787395999962, 40.845721289000039 ], [ -73.817374395999934, 40.843773289000069 ], [ -73.815676394999969, 40.842429288000062 ], [ -73.814738394999949, 40.839098288000059 ], [ -73.816343394999933, 40.838039288000061 ], [ -73.816409394999937, 40.835940287000028 ], [ -73.815187394999953, 40.83118928600004 ], [ -73.812870393999958, 40.827717286000052 ], [ -73.814168393999978, 40.825905285000033 ], [ -73.813739393999981, 40.824085285000081 ], [ -73.808470391999947, 40.825869285000067 ], [ -73.806533390999959, 40.82418728500005 ], [ -73.805729390999943, 40.820185284000047 ], [ -73.803492389999974, 40.818237284000077 ], [ -73.800688388999959, 40.818107284000064 ], [ -73.798065387999941, 40.816819284000076 ], [ -73.800112388999935, 40.814032283000074 ], [ -73.80352838999994, 40.812003283000081 ], [ -73.802089388999946, 40.810091283000077 ], [ -73.798165387999973, 40.809550283000078 ], [ -73.790730384999961, 40.806593282000051 ], [ -73.790160384999979, 40.805000282000037 ], [ -73.791357384999969, 40.804123282000035 ], [ -73.796817386999976, 40.80498328200008 ], [ -73.796025386999986, 40.805758282000056 ], [ -73.802159388999939, 40.808846282000047 ], [ -73.803928389999953, 40.808536282000034 ], [ -73.810412391999989, 40.812956283000062 ], [ -73.816862393999941, 40.81369628300007 ], [ -73.820468394999978, 40.81318228300006 ], [ -73.826346396999952, 40.811204282000062 ], [ -73.829569397999933, 40.811077282000042 ], [ -73.831898398999954, 40.808871281000052 ], [ -73.831604397999968, 40.805082281000068 ], [ -73.834500398999978, 40.805023280000057 ], [ -73.83798539999998, 40.806234281000059 ], [ -73.840427400999943, 40.811881282000058 ], [ -73.840226401999985, 40.817229283000074 ], [ -73.838370400999963, 40.822045284000069 ], [ -73.842613402999973, 40.828070285000081 ], [ -73.842705402999968, 40.828508285000055 ], [ -73.842280402999961, 40.831275285000061 ], [ -73.839333401999966, 40.833562286000074 ], [ -73.839568402999987, 40.840555287000029 ], [ -73.83832240299995, 40.840657287000056 ], [ -73.838442401999941, 40.835142286000064 ], [ -73.836391401999947, 40.835845286000051 ], [ -73.835312400999953, 40.833894286000032 ], [ -73.832241399999987, 40.835278286000062 ], [ -73.829234398999972, 40.834457286000031 ], [ -73.82835739899997, 40.833292286000074 ], [ -73.826014397999984, 40.834029286000032 ], [ -73.825496397999984, 40.835226287000069 ], [ -73.826242398999966, 40.843002288000037 ], [ -73.825181397999984, 40.84270828800004 ], [ -73.824958398999968, 40.846113289000073 ] ] ] ] } },
{ "type": "Feature", "properties": { "zcta5ce10": "10466", "zip_code": "10466", "collision_count": 12872 }, "geometry": { "type": "MultiPolygon", "coordinates": [ [ [ [ -73.823245400999951, 40.89120729800004 ], [ -73.819720399999937, 40.890214298000046 ], [ -73.826050400999975, 40.886541297000065 ], [ -73.834347403999971, 40.883858296000028 ], [ -73.838744404999943, 40.881274295000026 ], [ -73.842739405999964, 40.879433295000069 ], [ -73.847546407999971, 40.880939295000076 ], [ -73.85569241099995, 40.884220295000034 ], [ -73.865381413999955, 40.886892295000052 ], [ -73.861361412999941, 40.894671297000059 ], [ -73.86287641399997, 40.89516229700007 ], [ -73.859259412999961, 40.900346298000045 ], [ -73.853435410999964, 40.89812329800003 ], [ -73.849551409999947, 40.903053299000078 ], [ -73.847474408999972, 40.90210429900003 ], [ -73.844729407999978, 40.904740300000071 ], [ -73.841319406999958, 40.903995300000076 ], [ -73.840651406999939, 40.901422299000046 ], [ -73.839222405999976, 40.899483299000053 ], [ -73.839697405999971, 40.897393298000054 ], [ -73.838408405999985, 40.894069298000034 ], [ -73.824404400999981, 40.889986297000064 ], [ -73.823245400999951, 40.89120729800004 ] ] ] ] } },
{ "type": "Feature", "properties": { "zcta5ce10": "10017", "zip_code": "10017", "collision_count": 10270 }, "geometry": { "type": "MultiPolygon", "coordinates": [ [ [ [ -73.981823442999939, 40.752205265000043 ], [ -73.980889442999967, 40.753489265000042 ], [ -73.980396442999961, 40.754163265000045 ], [ -73.978784441999949, 40.753489265000042 ], [ -73.978333441999951, 40.75410826500007 ], [ -73.97993844299998, 40.754791266000041 ], [ -73.978117441999984, 40.757292266000036 ], [ -73.977656441999954, 40.757920266000042 ], [ -73.974440440999956, 40.756564266000055 ], [ -73.974898440999937, 40.755936266000049 ], [ -73.975353440999982, 40.755311266000035 ], [ -73.976517441999988, 40.75498226600007 ], [ -73.975703440999951, 40.753819265000061 ], [ -73.975210440999945, 40.754433266000035 ], [ -73.973736440999971, 40.754627266000057 ], [ -73.973277440999937, 40.755251266000073 ], [ -73.972821439999962, 40.755878266000025 ], [ -73.972363439999981, 40.756506266000031 ], [ -73.966158437999979, 40.753886266000052 ], [ -73.964716437999982, 40.751725265000061 ], [ -73.968193437999957, 40.747259264000036 ], [ -73.97078143899995, 40.747551264000037 ], [ -73.981823442999939, 40.752205265000043 ] ], [ [ -73.975703440999951, 40.753819265000061 ], [ -73.977108441999974, 40.75189126500004 ], [ -73.977678441999956, 40.75212726500007 ], [ -73.979288441999984, 40.752809265000053 ], [ -73.979769441999963, 40.752149265000071 ], [ -73.978160441999989, 40.751468265000028 ], [ -73.976049440999986, 40.751449265000076 ], [ -73.974450440999988, 40.750774265000075 ], [ -73.973960440999974, 40.751449265000076 ], [ -73.975559440999973, 40.752124265000077 ], [ -73.975703440999951, 40.753819265000061 ] ] ] ] } },
{ "type": "Feature", "properties": { "zcta5ce10": "10018", "zip_code": "10018", "collision_count": 12296 }, "geometry": { "type": "MultiPolygon", "coordinates": [ [ [ [ -74.005609450999941, 40.755890265000062 ], [ -74.00614645099995, 40.756197265000026 ], [ -74.004744450999965, 40.759041265000064 ], [ -74.001717449999944, 40.762216266000053 ], [ -74.001049449999982, 40.761981266000078 ], [ -74.001592449999976, 40.761342266000042 ], [ -73.984597443999974, 40.754185265000046 ], [ -73.985044443999982, 40.753562265000028 ], [ -73.981823442999939, 40.752205265000043 ], [ -73.984077443999979, 40.74911026400008 ], [ -73.998662448999937, 40.755260265000061 ], [ -74.000068448999968, 40.758411266000053 ], [ -74.002825449999989, 40.759684266000079 ], [ -74.005609450999941, 40.755890265000062 ] ] ] ] } },
{ "type": "Feature", "properties": { "zcta5ce10": "10019", "zip_code": "10019", "collision_count": 17078 }, "geometry": { "type": "MultiPolygon", "coordinates": [ [ [ [ -74.001049449999982, 40.761981266000078 ], [ -74.001717449999944, 40.762216266000053 ], [ -73.998753448999935, 40.764690267000049 ], [ -73.996306448999974, 40.767965268000069 ], [ -73.996446448999961, 40.769803268000032 ], [ -73.993953447999957, 40.772884269000031 ], [ -73.990455446999988, 40.771620268000049 ], [ -73.989995446999956, 40.77225026900004 ], [ -73.987147445999938, 40.771062268000037 ], [ -73.987616445999947, 40.770423268000059 ], [ -73.982068443999935, 40.768489268000053 ], [ -73.981363443999953, 40.767845268000031 ], [ -73.97301644099997, 40.764287268000032 ], [ -73.973466440999971, 40.763667268000063 ], [ -73.975832441999955, 40.760426267000071 ], [ -73.979058442999985, 40.761779267000065 ], [ -73.979514442999971, 40.761156267000047 ], [ -73.976290441999936, 40.759795267000072 ], [ -73.976745441999981, 40.759173267000051 ], [ -73.977990441999964, 40.759697267000035 ], [ -73.98042744299994, 40.759907267000074 ], [ -73.983264443999985, 40.761102267000069 ], [ -73.983731443999943, 40.760465267000029 ], [ -73.980887442999972, 40.759278266000081 ], [ -73.98134244299996, 40.758653266000067 ], [ -73.993366447999961, 40.763718267000058 ], [ -73.992957446999981, 40.764365267000073 ], [ -73.997622448999948, 40.765517267000064 ], [ -74.001049449999982, 40.761981266000078 ] ] ] ] } },
{ "type": "Feature", "properties": { "zcta5ce10": "10467", "zip_code": "10467", "collision_count": 15264 }, "geometry": { "type": "MultiPolygon", "coordinates": [ [ [ [ -73.886125421999964, 40.908024299000033 ], [ -73.878190418999964, 40.90599129900005 ], [ -73.879252418999954, 40.899555297000063 ], [ -73.880507418999969, 40.896813297000051 ], [ -73.880399418999957, 40.892834296000046 ], [ -73.878021417999946, 40.887098295000044 ], [ -73.878127417999963, 40.882162294000068 ], [ -73.874676416999989, 40.881571294000025 ], [ -73.874793416999978, 40.88008329400003 ], [ -73.870921414999941, 40.88026629400008 ], [ -73.868073414999969, 40.886224295000034 ], [ -73.867562414999952, 40.888389296000071 ], [ -73.86287641399997, 40.89516229700007 ], [ -73.861361412999941, 40.894671297000059 ], [ -73.865381413999955, 40.886892295000052 ], [ -73.85569241099995, 40.884220295000034 ], [ -73.861307411999974, 40.873681293000061 ], [ -73.861792410999954, 40.857991290000029 ], [ -73.868384412999944, 40.857820290000063 ], [ -73.871084413999938, 40.857385289000035 ], [ -73.870420413999966, 40.865371291000031 ], [ -73.870563414999936, 40.871519292000073 ], [ -73.870149414999958, 40.878322294000043 ], [ -73.870945414999937, 40.878519294000057 ], [ -73.872554415999957, 40.875183293000077 ], [ -73.876293416999943, 40.870534292000059 ], [ -73.879861417999962, 40.868282291000071 ], [ -73.881755417999955, 40.872357292000061 ], [ -73.883401418999938, 40.873955292000062 ], [ -73.883425418999934, 40.875750293000067 ], [ -73.884856419999949, 40.878553293000039 ], [ -73.887106420999942, 40.882931294000059 ], [ -73.88754542099997, 40.884274294000079 ], [ -73.895711423999956, 40.885789294000062 ], [ -73.894240422999985, 40.887444294000034 ], [ -73.887724420999973, 40.889827295000032 ], [ -73.884689420999962, 40.896088296000073 ], [ -73.884881420999989, 40.898666297000034 ], [ -73.886335421999945, 40.900158297000075 ], [ -73.886125421999964, 40.908024299000033 ] ] ] ] } },
{ "type": "Feature", "properties": { "zcta5ce10": "10020", "zip_code": "10020", "collision_count": 751 }, "geometry": { "type": "MultiPolygon", "coordinates": [ [ [ [ -73.980887442999972, 40.759278266000081 ], [ -73.978451441999937, 40.75907326600003 ], [ -73.977202441999964, 40.758546266000053 ], [ -73.977656441999954, 40.757920266000042 ], [ -73.978117441999984, 40.757292266000036 ], [ -73.98134244299996, 40.758653266000067 ], [ -73.980887442999972, 40.759278266000081 ] ] ], [ [ [ -73.980887442999972, 40.759278266000081 ], [ -73.983731443999943, 40.760465267000029 ], [ -73.983264443999985, 40.761102267000069 ], [ -73.98042744299994, 40.759907267000074 ], [ -73.980887442999972, 40.759278266000081 ] ] ], [ [ [ -73.98042744299994, 40.759907267000074 ], [ -73.977990441999964, 40.759697267000035 ], [ -73.978451441999937, 40.75907326600003 ], [ -73.98042744299994, 40.759907267000074 ] ] ] ] } },
{ "type": "Feature", "properties": { "zcta5ce10": "10468", "zip_code": "10468", "collision_count": 10602 }, "geometry": { "type": "MultiPolygon", "coordinates": [ [ [ [ -73.884856419999949, 40.878553293000039 ], [ -73.887378419999948, 40.872731292000026 ], [ -73.891738420999957, 40.869519291000074 ], [ -73.897069422999948, 40.862542290000079 ], [ -73.89995042299995, 40.857428288000051 ], [ -73.911016426999936, 40.860609289000081 ], [ -73.915418427999953, 40.858709288000057 ], [ -73.917191428999956, 40.856845288000045 ], [ -73.919291429999987, 40.857483288000026 ], [ -73.910852426999952, 40.866536290000056 ], [ -73.908606426999938, 40.87168629100006 ], [ -73.908088426999939, 40.869080290000056 ], [ -73.906753425999966, 40.868630290000056 ], [ -73.903649424999969, 40.86988129100007 ], [ -73.90215242499994, 40.875594292000073 ], [ -73.898434423999959, 40.873750292000068 ], [ -73.897328422999976, 40.871454291000077 ], [ -73.891408421999984, 40.878977293000048 ], [ -73.887897420999934, 40.882858294000073 ], [ -73.887106420999942, 40.882931294000059 ], [ -73.884856419999949, 40.878553293000039 ] ] ] ] } },
{ "type": "Feature", "properties": { "zcta5ce10": "10001", "zip_code": "10001", "collision_count": 16425 }, "geometry": { "type": "MultiPolygon", "coordinates": [ [ [ [ -74.005609450999941, 40.755890265000062 ], [ -74.002825449999989, 40.759684266000079 ], [ -74.000068448999968, 40.758411266000053 ], [ -73.998662448999937, 40.755260265000061 ], [ -73.984077443999979, 40.74911026400008 ], [ -73.987747444999968, 40.744074263000073 ], [ -73.990969445999951, 40.745429263000062 ], [ -73.992064445999972, 40.743927263000046 ], [ -73.995031446999974, 40.74494926300008 ], [ -74.000400448999983, 40.747775263000051 ], [ -74.000849448999986, 40.747155263000025 ], [ -74.008338451999975, 40.750303264000024 ], [ -74.005609450999941, 40.755890265000062 ] ], [ [ -74.001431448999938, 40.751453264000077 ], [ -73.998595447999946, 40.750249264000047 ], [ -73.998121447999949, 40.750911264000081 ], [ -74.000944448999974, 40.752113264000059 ], [ -74.001431448999938, 40.751453264000077 ] ], [ [ -73.993949446999977, 40.751530264000053 ], [ -73.996791447999954, 40.752731265000079 ], [ -73.99768144799998, 40.751493264000032 ], [ -73.994845446999989, 40.750301264000029 ], [ -73.992007445999946, 40.749109264000026 ], [ -73.991111445999934, 40.750327264000077 ], [ -73.993949446999977, 40.751530264000053 ] ] ] ] } },
{ "type": "Feature", "properties": { "zcta5ce10": "10002", "zip_code": "10002", "collision_count": 16367 }, "geometry": { "type": "MultiPolygon", "coordinates": [ [ [ [ -73.997533445999977, 40.714031257000045 ], [ -73.994036444999949, 40.720331258000044 ], [ -73.992605444999981, 40.72414425900007 ], [ -73.988644443999988, 40.722941259000038 ], [ -73.978754439999989, 40.719942259000049 ], [ -73.978232439999942, 40.720682259000057 ], [ -73.973636437999971, 40.718620259000033 ], [ -73.975934438999957, 40.712915257000077 ], [ -73.977788438999937, 40.710679257000038 ], [ -73.981241439999962, 40.709833257000071 ], [ -73.988510442999939, 40.709156256000028 ], [ -73.988699442999973, 40.709978256000056 ], [ -73.99189744399996, 40.709543256000075 ], [ -73.996174444999951, 40.709192256000051 ], [ -73.997533445999977, 40.714031257000045 ] ] ] ] } },
{ "type": "Feature", "properties": { "zcta5ce10": "10003", "zip_code": "10003", "collision_count": 10644 }, "geometry": { "type": "MultiPolygon", "coordinates": [ [ [ [ -73.999605447999954, 40.731051260000072 ], [ -73.998613446999968, 40.732223260000069 ], [ -73.996975446999954, 40.731417260000057 ], [ -73.990946444999963, 40.739681262000033 ], [ -73.979865440999959, 40.734983262000071 ], [ -73.988644443999988, 40.722941259000038 ], [ -73.992605444999981, 40.72414425900007 ], [ -73.99179544499998, 40.726399260000051 ], [ -73.993148444999974, 40.727875260000076 ], [ -73.999605447999954, 40.731051260000072 ] ] ] ] } },
{ "type": "Feature", "properties": { "zcta5ce10": "10004", "zip_code": "10004", "collision_count": 2400 }, "geometry": { "type": "MultiPolygon", "coordinates": [ [ [ [ -74.026678452999988, 40.685553250000055 ], [ -74.02642745299994, 40.686183250000056 ], [ -74.020283451999944, 40.692209252000055 ], [ -74.019635451999989, 40.693296252000039 ], [ -74.016310450999981, 40.693800252000074 ], [ -74.013870449999956, 40.693299252000031 ], [ -74.012207448999959, 40.691132252000045 ], [ -74.012307448999934, 40.689289252000037 ], [ -74.014882449999959, 40.68726225100005 ], [ -74.016505449999954, 40.687083251000047 ], [ -74.022986451999941, 40.684158250000053 ], [ -74.025845452999988, 40.684318250000047 ], [ -74.026678452999988, 40.685553250000055 ] ] ], [ [ [ -74.007927448999965, 40.703117254000063 ], [ -74.007532447999949, 40.70260425400005 ], [ -74.011397448999958, 40.700644254000053 ], [ -74.015532450999956, 40.70028125400006 ], [ -74.016543450999961, 40.704741254000055 ], [ -74.015906450999978, 40.706666255000073 ], [ -74.013255449999974, 40.70587925500007 ], [ -74.012509449999982, 40.706775255000025 ], [ -74.011473449999983, 40.705041255000026 ], [ -74.007927448999965, 40.703117254000063 ] ] ], [ [ [ -74.047286459999953, 40.690511251000032 ], [ -74.046071459999951, 40.691193251000072 ], [ -74.043774458999962, 40.690091251000069 ], [ -74.044397458999981, 40.688550250000048 ], [ -74.047286459999953, 40.690511251000032 ] ] ], [ [ [ -73.995658444999947, 40.702859255000078 ], [ -73.99764244499994, 40.700164254000072 ], [ -73.999541445999967, 40.700626254000042 ], [ -73.997326444999942, 40.703265255000076 ], [ -73.995658444999947, 40.702859255000078 ] ] ], [ [ [ -74.000425445999952, 40.695003253000039 ], [ -74.000626445999956, 40.693999253000072 ], [ -74.003500446999965, 40.694962253000028 ], [ -74.002884445999939, 40.695878253000046 ], [ -74.000425445999952, 40.695003253000039 ] ] ] ] } },
{ "type": "Feature", "properties": { "zcta5ce10": "10005", "zip_code": "10005", "collision_count": 1464 }, "geometry": { "type": "MultiPolygon", "coordinates": [ [ [ [ -74.012509449999982, 40.706775255000025 ], [ -74.01124944999998, 40.708312255000067 ], [ -74.010032448999937, 40.70759825500005 ], [ -74.009830448999935, 40.708125255000027 ], [ -74.010847449999972, 40.708805255000073 ], [ -74.010543449999943, 40.70916225600007 ], [ -74.008894448999968, 40.709052256000064 ], [ -74.008270448999951, 40.707730255000058 ], [ -74.005195447999938, 40.704953255000078 ], [ -74.007927448999965, 40.703117254000063 ], [ -74.011473449999983, 40.705041255000026 ], [ -74.012509449999982, 40.706775255000025 ] ] ] ] } },
{ "type": "Feature", "properties": { "zcta5ce10": "10006", "zip_code": "10006", "collision_count": 1512 }, "geometry": { "type": "MultiPolygon", "coordinates": [ [ [ [ -74.015906450999978, 40.706666255000073 ], [ -74.014263450999977, 40.710936256000025 ], [ -74.013755450999952, 40.713698256000043 ], [ -74.010154449999959, 40.712072256000056 ], [ -74.011233449999963, 40.710375256000077 ], [ -74.009989449999978, 40.709814256000072 ], [ -74.010543449999943, 40.70916225600007 ], [ -74.010847449999972, 40.708805255000073 ], [ -74.01124944999998, 40.708312255000067 ], [ -74.012509449999982, 40.706775255000025 ], [ -74.013255449999974, 40.70587925500007 ], [ -74.015906450999978, 40.706666255000073 ] ] ] ] } },
{ "type": "Feature", "properties": { "zcta5ce10": "10007", "zip_code": "10007", "collision_count": 4477 }, "geometry": { "type": "MultiPolygon", "coordinates": [ [ [ [ -74.012764450999953, 40.717137257000047 ], [ -74.007941448999986, 40.714935257000036 ], [ -74.006250448999936, 40.717084257000067 ], [ -74.004534447999959, 40.716288257000031 ], [ -74.005421447999936, 40.715244257000052 ], [ -74.003116447999957, 40.714090257000066 ], [ -74.002116446999935, 40.715167257000076 ], [ -74.000456446999976, 40.714373257000034 ], [ -74.000892446999956, 40.713023257000032 ], [ -74.004140447999987, 40.711892256000056 ], [ -74.008615448999933, 40.711380256000041 ], [ -74.009989449999978, 40.709814256000072 ], [ -74.011233449999963, 40.710375256000077 ], [ -74.010154449999959, 40.712072256000056 ], [ -74.013755450999952, 40.713698256000043 ], [ -74.012764450999953, 40.717137257000047 ] ], [ [ -74.009255449999955, 40.713264256000059 ], [ -74.009669449999933, 40.712733256000035 ], [ -74.00810144899998, 40.71200325600006 ], [ -74.007667448999939, 40.712541256000065 ], [ -74.009255449999955, 40.713264256000059 ] ] ] ] } },
{ "type": "Feature", "properties": { "zcta5ce10": "10009", "zip_code": "10009", "collision_count": 6252 }, "geometry": { "type": "MultiPolygon", "coordinates": [ [ [ [ -73.97365143899998, 40.732318261000046 ], [ -73.971283437999944, 40.729259261000038 ], [ -73.971490437999989, 40.726145260000067 ], [ -73.973636437999971, 40.718620259000033 ], [ -73.978232439999942, 40.720682259000057 ], [ -73.978754439999989, 40.719942259000049 ], [ -73.988644443999988, 40.722941259000038 ], [ -73.979865440999959, 40.734983262000071 ], [ -73.97365143899998, 40.732318261000046 ] ] ] ] } },
{ "type": "Feature", "properties": { "zcta5ce10": "10021", "zip_code": "10021", "collision_count": 6321 }, "geometry": { "type": "MultiPolygon", "coordinates": [ [ [ [ -73.968442439999933, 40.770525269000075 ], [ -73.965149438999958, 40.775053270000058 ], [ -73.961940437999942, 40.773698270000068 ], [ -73.961476437999977, 40.774332270000059 ], [ -73.953650434999986, 40.771032270000035 ], [ -73.95185943499996, 40.769449269000063 ], [ -73.949216433999936, 40.768350269000052 ], [ -73.948193432999972, 40.769545270000037 ], [ -73.947974432999956, 40.769520270000044 ], [ -73.952309433999972, 40.764563268000074 ], [ -73.953656434999971, 40.763499268000032 ], [ -73.95516143499998, 40.764926268000067 ], [ -73.968442439999933, 40.770525269000075 ] ] ], [ [ [ -73.959264435999955, 40.759292267000035 ], [ -73.956314434999967, 40.760485267000035 ], [ -73.95881243599996, 40.758264267000072 ], [ -73.959264435999955, 40.759292267000035 ] ] ] ] } },
{ "type": "Feature", "properties": { "zcta5ce10": "10474", "zip_code": "10474", "collision_count": 5912 }, "geometry": { "type": "MultiPolygon", "coordinates": [ [ [ [ -73.901893420999954, 40.805015278000042 ], [ -73.902989420999972, 40.809372279000058 ], [ -73.897198419999938, 40.813522280000029 ], [ -73.895429418999981, 40.815853280000056 ], [ -73.890236417999972, 40.820957282000052 ], [ -73.887545416999956, 40.822569282000075 ], [ -73.884412415999975, 40.822978282000065 ], [ -73.884329415999957, 40.822622282000054 ], [ -73.882910415999959, 40.819544282000038 ], [ -73.878519413999982, 40.815807281000048 ], [ -73.871960411999964, 40.813739281000039 ], [ -73.868380409999986, 40.806575280000061 ], [ -73.869164409999939, 40.803821279000033 ], [ -73.872043410999936, 40.800934278000057 ], [ -73.874861411999973, 40.800420278000047 ], [ -73.878360412999939, 40.801310278000074 ], [ -73.880530413999963, 40.802572278000071 ], [ -73.885229414999969, 40.801431278000052 ], [ -73.889243416999989, 40.805945279000071 ], [ -73.895189418999962, 40.806552279000073 ], [ -73.901933420999967, 40.80601327800008 ], [ -73.901893420999954, 40.805015278000042 ] ] ] ] } },
{ "type": "Feature", "properties": { "zcta5ce10": "10475", "zip_code": "10475", "collision_count": 6102 }, "geometry": { "type": "MultiPolygon", "coordinates": [ [ [ [ -73.819720399999937, 40.890214298000046 ], [ -73.815166397999974, 40.889007298000081 ], [ -73.815414397999973, 40.886663297000041 ], [ -73.819815398999935, 40.885582297000042 ], [ -73.819927398999937, 40.882128296000076 ], [ -73.823297399999944, 40.873106294000024 ], [ -73.821268398999962, 40.869079293000027 ], [ -73.816342396999971, 40.866108293000025 ], [ -73.816753396999957, 40.864552293000031 ], [ -73.818808397999987, 40.862490292000075 ], [ -73.818006396999976, 40.861090292000029 ], [ -73.814860395999972, 40.861144292000063 ], [ -73.814858395999977, 40.858378292000054 ], [ -73.81863939699997, 40.856786291000049 ], [ -73.816635395999981, 40.85375429100003 ], [ -73.817362396999954, 40.852217290000056 ], [ -73.815903395999953, 40.850975290000065 ], [ -73.815675395999961, 40.848863290000054 ], [ -73.820142396999984, 40.848028289000069 ], [ -73.82048539699997, 40.848509289000049 ], [ -73.824958398999968, 40.846113289000073 ], [ -73.826577398999973, 40.847921289000055 ], [ -73.82691239899998, 40.85059829000005 ], [ -73.826148398999976, 40.852898290000041 ], [ -73.827034399999945, 40.858836291000046 ], [ -73.828373400999965, 40.860955292000028 ], [ -73.829595400999949, 40.862181292000059 ], [ -73.833161402999963, 40.868328293000047 ], [ -73.835190403999945, 40.875062294000031 ], [ -73.838744404999943, 40.881274295000026 ], [ -73.834347403999971, 40.883858296000028 ], [ -73.826050400999975, 40.886541297000065 ], [ -73.819720399999937, 40.890214298000046 ] ] ] ] } },
{ "type": "Feature", "properties": { "zcta5ce10": "10022", "zip_code": "10022", "collision_count": 16342 }, "geometry": { "type": "MultiPolygon", "coordinates": [ [ [ [ -73.972554440999943, 40.764906268000061 ], [ -73.959264435999955, 40.759292267000035 ], [ -73.95881243599996, 40.758264267000072 ], [ -73.964716437999982, 40.751725265000061 ], [ -73.966158437999979, 40.753886266000052 ], [ -73.972363439999981, 40.756506266000031 ], [ -73.972821439999962, 40.755878266000025 ], [ -73.974440440999956, 40.756564266000055 ], [ -73.977656441999954, 40.757920266000042 ], [ -73.977202441999964, 40.758546266000053 ], [ -73.976745441999981, 40.759173267000051 ], [ -73.976290441999936, 40.759795267000072 ], [ -73.975832441999955, 40.760426267000071 ], [ -73.973466440999971, 40.763667268000063 ], [ -73.971870440999965, 40.762972267000066 ], [ -73.971412440999984, 40.763596268000072 ], [ -73.97301644099997, 40.764287268000032 ], [ -73.972554440999943, 40.764906268000061 ] ], [ [ -73.97145243999995, 40.757757266000056 ], [ -73.97099443999997, 40.758381267000061 ], [ -73.972614440999962, 40.759067267000034 ], [ -73.97306944099995, 40.758440266000036 ], [ -73.973525440999936, 40.757816266000077 ], [ -73.971908439999936, 40.757133266000039 ], [ -73.97145243999995, 40.757757266000056 ] ] ] ] } },
{ "type": "Feature", "properties": { "zcta5ce10": "10023", "zip_code": "10023", "collision_count": 7727 }, "geometry": { "type": "MultiPolygon", "coordinates": [ [ [ [ -73.982068443999935, 40.768489268000053 ], [ -73.987616445999947, 40.770423268000059 ], [ -73.987147445999938, 40.771062268000037 ], [ -73.989995446999956, 40.77225026900004 ], [ -73.986610445999986, 40.780720270000074 ], [ -73.985680445999947, 40.780321270000059 ], [ -73.984453445999975, 40.783200271000055 ], [ -73.977563443999941, 40.780917271000078 ], [ -73.974068441999975, 40.778813270000057 ], [ -73.98164944399997, 40.768444268000053 ], [ -73.982068443999935, 40.768489268000053 ] ] ] ] } },
{ "type": "Feature", "properties": { "zcta5ce10": "10024", "zip_code": "10024", "collision_count": 6484 }, "geometry": { "type": "MultiPolygon", "coordinates": [ [ [ [ -73.967011440999954, 40.788484273000051 ], [ -73.974068441999975, 40.778813270000057 ], [ -73.977563443999941, 40.780917271000078 ], [ -73.984453445999975, 40.783200271000055 ], [ -73.985680445999947, 40.780321270000059 ], [ -73.986610445999986, 40.780720270000074 ], [ -73.987266446999968, 40.781040270000062 ], [ -73.988141446999975, 40.781417270000077 ], [ -73.981933445999971, 40.79055627200006 ], [ -73.965512441999977, 40.81377027800005 ], [ -73.962068440999985, 40.81810727900006 ], [ -73.960717439999939, 40.817530278000049 ], [ -73.961492439999972, 40.814989278000041 ], [ -73.964020440999946, 40.811339277000059 ], [ -73.964425440999946, 40.810763277000035 ], [ -73.965901440999971, 40.808814277000067 ], [ -73.971496442999978, 40.800715275000073 ], [ -73.974117442999955, 40.797825274000047 ], [ -73.974176442999976, 40.796565274000045 ], [ -73.976543443999958, 40.79490127400004 ], [ -73.977093443999934, 40.79273227300007 ], [ -73.967011440999954, 40.788484273000051 ] ] ] ] } },
{ "type": "Feature", "properties": { "zcta5ce10": "10025", "zip_code": "10025", "collision_count": 7555 }, "geometry": { "type": "MultiPolygon", "coordinates": [ [ [ [ -73.962009439999974, 40.805517276000046 ], [ -73.95982743899998, 40.805443276000062 ], [ -73.95709243899995, 40.810088277000034 ], [ -73.954967437999983, 40.810072277000074 ], [ -73.956807438999988, 40.807554277000065 ], [ -73.958183438999981, 40.805605276000051 ], [ -73.958250438999983, 40.803115276000028 ], [ -73.960066438999945, 40.800594275000037 ], [ -73.958620438999958, 40.79998527500004 ], [ -73.967011440999954, 40.788484273000051 ], [ -73.977093443999934, 40.79273227300007 ], [ -73.976543443999958, 40.79490127400004 ], [ -73.974176442999976, 40.796565274000045 ], [ -73.974117442999955, 40.797825274000047 ], [ -73.971496442999978, 40.800715275000073 ], [ -73.965901440999971, 40.808814277000067 ], [ -73.963904440999954, 40.808012277000046 ], [ -73.964849440999956, 40.806715276000034 ], [ -73.962009439999974, 40.805517276000046 ] ] ] ] } },
{ "type": "Feature", "properties": { "zcta5ce10": "10026", "zip_code": "10026", "collision_count": 4428 }, "geometry": { "type": "MultiPolygon", "coordinates": [ [ [ [ -73.958620438999958, 40.79998527500004 ], [ -73.960066438999945, 40.800594275000037 ], [ -73.958250438999983, 40.803115276000028 ], [ -73.958183438999981, 40.805605276000051 ], [ -73.956807438999988, 40.807554277000065 ], [ -73.953501436999943, 40.806989277000071 ], [ -73.944668433999936, 40.803138276000027 ], [ -73.946463434999941, 40.800673276000055 ], [ -73.94922143499997, 40.796918275000053 ], [ -73.957763437999972, 40.800480275000041 ], [ -73.958620438999958, 40.79998527500004 ] ] ] ] } },
{ "type": "Feature", "properties": { "zcta5ce10": "10027", "zip_code": "10027", "collision_count": 10204 }, "geometry": { "type": "MultiPolygon", "coordinates": [ [ [ [ -73.962009439999974, 40.805517276000046 ], [ -73.964849440999956, 40.806715276000034 ], [ -73.963904440999954, 40.808012277000046 ], [ -73.965901440999971, 40.808814277000067 ], [ -73.964425440999946, 40.810763277000035 ], [ -73.96347844099995, 40.810381277000033 ], [ -73.963059440999984, 40.810955277000062 ], [ -73.964020440999946, 40.811339277000059 ], [ -73.961492439999972, 40.814989278000041 ], [ -73.960717439999939, 40.817530278000049 ], [ -73.962068440999985, 40.81810727900006 ], [ -73.960008439999967, 40.82043027900005 ], [ -73.952274437999961, 40.81722927900006 ], [ -73.949735436999958, 40.817930279000052 ], [ -73.946079435999934, 40.821272280000073 ], [ -73.948678435999966, 40.815700279000055 ], [ -73.944486434999988, 40.813139278000051 ], [ -73.941804433999948, 40.812823278000053 ], [ -73.943399433999957, 40.810638278000056 ], [ -73.940405432999967, 40.808966278000071 ], [ -73.942755433999935, 40.805752277000067 ], [ -73.944303433999949, 40.806399277000025 ], [ -73.946132434999981, 40.803885276000074 ], [ -73.944668433999936, 40.803138276000027 ], [ -73.953501436999943, 40.806989277000071 ], [ -73.956807438999988, 40.807554277000065 ], [ -73.954967437999983, 40.810072277000074 ], [ -73.95709243899995, 40.810088277000034 ], [ -73.95982743899998, 40.805443276000062 ], [ -73.962009439999974, 40.805517276000046 ] ] ] ] } },
{ "type": "Feature", "properties": { "zcta5ce10": "10028", "zip_code": "10028", "collision_count": 4835 }, "geometry": { "type": "MultiPolygon", "coordinates": [ [ [ [ -73.963231438999969, 40.777685271000053 ], [ -73.959922437999978, 40.782221272000072 ], [ -73.956709436999972, 40.780864271000041 ], [ -73.957203436999976, 40.780187271000045 ], [ -73.951744434999966, 40.777883271000064 ], [ -73.951249434999966, 40.778559271000063 ], [ -73.944955432999961, 40.77559227100005 ], [ -73.94572943299994, 40.773630270000069 ], [ -73.944338431999938, 40.77311627000006 ], [ -73.947503432999952, 40.770129270000041 ], [ -73.946991432999937, 40.770816270000068 ], [ -73.956335435999961, 40.775609270000075 ], [ -73.956799436999972, 40.774975270000027 ], [ -73.963231438999969, 40.777685271000053 ] ] ] ] } },
{ "type": "Feature", "properties": { "zcta5ce10": "10029", "zip_code": "10029", "collision_count": 12362 }, "geometry": { "type": "MultiPolygon", "coordinates": [ [ [ [ -73.946463434999941, 40.800673276000055 ], [ -73.935409430999982, 40.796012275000066 ], [ -73.932661429999939, 40.795740275000071 ], [ -73.931095428999981, 40.794098275000067 ], [ -73.935627430999943, 40.791271274000053 ], [ -73.939720431999945, 40.785323273000074 ], [ -73.943605432999959, 40.782658272000049 ], [ -73.944224432999988, 40.78394127200005 ], [ -73.950435434999974, 40.786548273000051 ], [ -73.95092843499998, 40.785874273000047 ], [ -73.955779436999933, 40.787922273000049 ], [ -73.94922143499997, 40.796918275000053 ], [ -73.946463434999941, 40.800673276000055 ] ] ] ] } },
{ "type": "Feature", "properties": { "zcta5ce10": "10030", "zip_code": "10030", "collision_count": 4241 }, "geometry": { "type": "MultiPolygon", "coordinates": [ [ [ [ -73.941804433999948, 40.812823278000053 ], [ -73.944486434999988, 40.813139278000051 ], [ -73.948678435999966, 40.815700279000055 ], [ -73.946079435999934, 40.821272280000073 ], [ -73.944757435999975, 40.824040280000077 ], [ -73.94292543499995, 40.823268280000036 ], [ -73.936233432999984, 40.820444280000061 ], [ -73.937182432999975, 40.819152280000026 ], [ -73.941804433999948, 40.812823278000053 ] ] ] ] } },
{ "type": "Feature", "properties": { "zcta5ce10": "10031", "zip_code": "10031", "collision_count": 5570 }, "geometry": { "type": "MultiPolygon", "coordinates": [ [ [ [ -73.940168434999975, 40.830391282000051 ], [ -73.938589433999937, 40.829725282000027 ], [ -73.94292543499995, 40.823268280000036 ], [ -73.944757435999975, 40.824040280000077 ], [ -73.946079435999934, 40.821272280000073 ], [ -73.949735436999958, 40.817930279000052 ], [ -73.952274437999961, 40.81722927900006 ], [ -73.960008439999967, 40.82043027900005 ], [ -73.958009439999955, 40.822803280000073 ], [ -73.959649439999964, 40.823685280000063 ], [ -73.956331439999985, 40.827961281000057 ], [ -73.953831438999941, 40.828660281000055 ], [ -73.950280437999936, 40.834334282000043 ], [ -73.949715437999942, 40.832705282000063 ], [ -73.941079434999949, 40.829091281000046 ], [ -73.940168434999975, 40.830391282000051 ] ] ] ] } },
{ "type": "Feature", "properties": { "zcta5ce10": "10039", "zip_code": "10039", "collision_count": 2736 }, "geometry": { "type": "MultiPolygon", "coordinates": [ [ [ [ -73.94292543499995, 40.823268280000036 ], [ -73.938589433999937, 40.829725282000027 ], [ -73.940168434999975, 40.830391282000051 ], [ -73.940310434999958, 40.831719282000051 ], [ -73.937752433999947, 40.834897283000032 ], [ -73.935080432999939, 40.839275284000053 ], [ -73.935719433999964, 40.841508284000042 ], [ -73.934672433999935, 40.842966284000056 ], [ -73.932021432999989, 40.846578285000078 ], [ -73.929304431999981, 40.845796285000063 ], [ -73.934968432999938, 40.834838283000067 ], [ -73.935080432999939, 40.832390282000063 ], [ -73.93382343199994, 40.819491280000079 ], [ -73.934266431999959, 40.817920279000077 ], [ -73.937182432999975, 40.819152280000026 ], [ -73.936233432999984, 40.820444280000061 ], [ -73.94292543499995, 40.823268280000036 ] ] ] ] } },
{ "type": "Feature", "properties": { "zcta5ce10": "10032", "zip_code": "10032", "collision_count": 7926 }, "geometry": { "type": "MultiPolygon", "coordinates": [ [ [ [ -73.934672433999935, 40.842966284000056 ], [ -73.935719433999964, 40.841508284000042 ], [ -73.935080432999939, 40.839275284000053 ], [ -73.937752433999947, 40.834897283000032 ], [ -73.940310434999958, 40.831719282000051 ], [ -73.940168434999975, 40.830391282000051 ], [ -73.941079434999949, 40.829091281000046 ], [ -73.949715437999942, 40.832705282000063 ], [ -73.950280437999936, 40.834334282000043 ], [ -73.947722437999971, 40.84145628400006 ], [ -73.94605043699994, 40.844588284000054 ], [ -73.946895437999956, 40.847239285000057 ], [ -73.94700643799996, 40.850467285000036 ], [ -73.943187436999949, 40.849753285000077 ], [ -73.944747437, 40.845726285000069 ], [ -73.938681434999978, 40.845447285000034 ], [ -73.938856434999934, 40.844687285000077 ], [ -73.934672433999935, 40.842966284000056 ] ] ] ] } },
{ "type": "Feature", "properties": { "zcta5ce10": "10033", "zip_code": "10033", "collision_count": 7264 }, "geometry": { "type": "MultiPolygon", "coordinates": [ [ [ [ -73.943187436999949, 40.849753285000077 ], [ -73.942940436999947, 40.851040286000057 ], [ -73.939039435999973, 40.856106287000046 ], [ -73.928152431999933, 40.851871286000062 ], [ -73.92469343099998, 40.856650287000036 ], [ -73.925083430999962, 40.857965288000059 ], [ -73.927575431999969, 40.85772128800005 ], [ -73.924716431999968, 40.861560288000078 ], [ -73.922930430999941, 40.858949288000076 ], [ -73.92216142999996, 40.855615287000035 ], [ -73.924560430999975, 40.852649287000077 ], [ -73.929304431999981, 40.845796285000063 ], [ -73.932021432999989, 40.846578285000078 ], [ -73.934672433999935, 40.842966284000056 ], [ -73.938856434999934, 40.844687285000077 ], [ -73.938681434999978, 40.845447285000034 ], [ -73.944747437, 40.845726285000069 ], [ -73.943187436999949, 40.849753285000077 ] ] ] ] } },
{ "type": "Feature", "properties": { "zcta5ce10": "10034", "zip_code": "10034", "collision_count": 5721 }, "geometry": { "type": "MultiPolygon", "coordinates": [ [ [ [ -73.92216142999996, 40.855615287000035 ], [ -73.922930430999941, 40.858949288000076 ], [ -73.924716431999968, 40.861560288000078 ], [ -73.926621431999934, 40.864533289000065 ], [ -73.924386431999949, 40.865373289000047 ], [ -73.925006431999975, 40.86634428900004 ], [ -73.929163432999985, 40.86447928900003 ], [ -73.931314432999955, 40.859336288000065 ], [ -73.933054433999985, 40.859836288000054 ], [ -73.932741433999979, 40.862949288000038 ], [ -73.933880434999935, 40.863081288000046 ], [ -73.935586434999948, 40.85977428800004 ], [ -73.939039435999973, 40.856106287000046 ], [ -73.942940436999947, 40.851040286000057 ], [ -73.943187436999949, 40.849753285000077 ], [ -73.94700643799996, 40.850467285000036 ], [ -73.943302436999943, 40.852497286000073 ], [ -73.937790435999943, 40.859820288000037 ], [ -73.932467433999989, 40.867623289000051 ], [ -73.932522434999953, 40.869922290000034 ], [ -73.929352433999952, 40.875366291000034 ], [ -73.926473432999956, 40.877321291000044 ], [ -73.923121431999959, 40.877322291000041 ], [ -73.921674430999985, 40.873291291000044 ], [ -73.91882542999997, 40.874702291000062 ], [ -73.914866428999972, 40.874417291000043 ], [ -73.910588427999983, 40.872464291000028 ], [ -73.911183427999958, 40.86873729000007 ], [ -73.914996428999984, 40.863536289000081 ], [ -73.917144428999961, 40.862040289000049 ], [ -73.92109942999997, 40.857575288000078 ], [ -73.92216142999996, 40.855615287000035 ] ] ] ] } },
{ "type": "Feature", "properties": { "zcta5ce10": "10035", "zip_code": "10035", "collision_count": 10943 }, "geometry": { "type": "MultiPolygon", "coordinates": [ [ [ [ -73.92821142799994, 40.781004272000075 ], [ -73.931495428999938, 40.782535273000065 ], [ -73.935434429999987, 40.783257273000061 ], [ -73.935511429999963, 40.785908273000075 ], [ -73.930869428999983, 40.791101274000027 ], [ -73.928269427999965, 40.792307275000041 ], [ -73.926964427999962, 40.795250275000058 ], [ -73.927600428999938, 40.798038276000057 ], [ -73.925604427999986, 40.802006277000032 ], [ -73.92188942699994, 40.801538277000077 ], [ -73.920372425999972, 40.799441276000039 ], [ -73.915815424999948, 40.79695227600007 ], [ -73.91468542399997, 40.795807276000062 ], [ -73.914430423999988, 40.793060275000073 ], [ -73.921659425999962, 40.786259274000031 ], [ -73.92319542599995, 40.783119273000068 ], [ -73.92821142799994, 40.781004272000075 ] ] ], [ [ [ -73.944668433999936, 40.803138276000027 ], [ -73.946132434999981, 40.803885276000074 ], [ -73.944303433999949, 40.806399277000025 ], [ -73.942755433999935, 40.805752277000067 ], [ -73.940405432999967, 40.808966278000071 ], [ -73.939950432999979, 40.80959027800003 ], [ -73.935107431999938, 40.80754827700008 ], [ -73.933220430999938, 40.807263277000061 ], [ -73.930939429999967, 40.804744277000054 ], [ -73.928917428999966, 40.800845276000075 ], [ -73.92904042899994, 40.796702276000076 ], [ -73.931095428999981, 40.794098275000067 ], [ -73.932661429999939, 40.795740275000071 ], [ -73.935409430999982, 40.796012275000066 ], [ -73.946463434999941, 40.800673276000055 ], [ -73.944668433999936, 40.803138276000027 ] ] ] ] } },
{ "type": "Feature", "properties": { "zcta5ce10": "10036", "zip_code": "10036", "collision_count": 16744 }, "geometry": { "type": "MultiPolygon", "coordinates": [ [ [ [ -74.001049449999982, 40.761981266000078 ], [ -73.997622448999948, 40.765517267000064 ], [ -73.992957446999981, 40.764365267000073 ], [ -73.993366447999961, 40.763718267000058 ], [ -73.98134244299996, 40.758653266000067 ], [ -73.978117441999984, 40.757292266000036 ], [ -73.97993844299998, 40.754791266000041 ], [ -73.980396442999961, 40.754163265000045 ], [ -73.983625443999983, 40.755524266000066 ], [ -73.984119443999987, 40.754850265000073 ], [ -73.980889442999967, 40.753489265000042 ], [ -73.981823442999939, 40.752205265000043 ], [ -73.985044443999982, 40.753562265000028 ], [ -73.984597443999974, 40.754185265000046 ], [ -74.001592449999976, 40.761342266000042 ], [ -74.001049449999982, 40.761981266000078 ] ] ] ] } },
{ "type": "Feature", "properties": { "zcta5ce10": "10037", "zip_code": "10037", "collision_count": 3886 }, "geometry": { "type": "MultiPolygon", "coordinates": [ [ [ [ -73.940405432999967, 40.808966278000071 ], [ -73.943399433999957, 40.810638278000056 ], [ -73.941804433999948, 40.812823278000053 ], [ -73.937182432999975, 40.819152280000026 ], [ -73.934266431999959, 40.817920279000077 ], [ -73.93382343199994, 40.819491280000079 ], [ -73.933833431999972, 40.814164279000067 ], [ -73.934320430999946, 40.810309278000034 ], [ -73.933220430999938, 40.807263277000061 ], [ -73.935107431999938, 40.80754827700008 ], [ -73.939950432999979, 40.80959027800003 ], [ -73.940405432999967, 40.808966278000071 ] ] ] ] } },
{ "type": "Feature", "properties": { "zcta5ce10": "10038", "zip_code": "10038", "collision_count": 3754 }, "geometry": { "type": "MultiPolygon", "coordinates": [ [ [ [ -73.997533445999977, 40.714031257000045 ], [ -73.996174444999951, 40.709192256000051 ], [ -73.99189744399996, 40.709543256000075 ], [ -73.997644445999981, 40.708649256000058 ], [ -74.001274446999957, 40.706939255000066 ], [ -74.000927445999935, 40.706389255000033 ], [ -74.004553447999967, 40.704846255000064 ], [ -74.007532447999949, 40.70260425400005 ], [ -74.007927448999965, 40.703117254000063 ], [ -74.005195447999938, 40.704953255000078 ], [ -74.008270448999951, 40.707730255000058 ], [ -74.008894448999968, 40.709052256000064 ], [ -74.010543449999943, 40.70916225600007 ], [ -74.009989449999978, 40.709814256000072 ], [ -74.008615448999933, 40.711380256000041 ], [ -74.004140447999987, 40.711892256000056 ], [ -74.000892446999956, 40.713023257000032 ], [ -74.000456446999976, 40.714373257000034 ], [ -73.997533445999977, 40.714031257000045 ] ] ] ] } },
{ "type": "Feature", "properties": { "zcta5ce10": "10040", "zip_code": "10040", "collision_count": 3088 }, "geometry": { "type": "MultiPolygon", "coordinates": [ [ [ [ -73.924716431999968, 40.861560288000078 ], [ -73.927575431999969, 40.85772128800005 ], [ -73.925083430999962, 40.857965288000059 ], [ -73.92469343099998, 40.856650287000036 ], [ -73.928152431999933, 40.851871286000062 ], [ -73.939039435999973, 40.856106287000046 ], [ -73.935586434999948, 40.85977428800004 ], [ -73.933880434999935, 40.863081288000046 ], [ -73.932741433999979, 40.862949288000038 ], [ -73.933054433999985, 40.859836288000054 ], [ -73.931314432999955, 40.859336288000065 ], [ -73.929163432999985, 40.86447928900003 ], [ -73.925006431999975, 40.86634428900004 ], [ -73.924386431999949, 40.865373289000047 ], [ -73.926621431999934, 40.864533289000065 ], [ -73.924716431999968, 40.861560288000078 ] ] ] ] } },
{ "type": "Feature", "properties": { "zcta5ce10": "11235", "zip_code": "11235", "collision_count": 13541 }, "geometry": { "type": "MultiPolygon", "coordinates": [ [ [ [ -73.926105414999938, 40.58483323400003 ], [ -73.932043416999988, 40.584242234000044 ], [ -73.931843416999982, 40.582928233000075 ], [ -73.932453416999977, 40.581134233000057 ], [ -73.93111741599995, 40.576125232000038 ], [ -73.934948416999987, 40.575280232000068 ], [ -73.944292419999954, 40.575654232000034 ], [ -73.952580422999972, 40.574145231000045 ], [ -73.95446842399997, 40.574512231000028 ], [ -73.959396424999966, 40.574085231000026 ], [ -73.959415424999975, 40.575166231000026 ], [ -73.967568427999936, 40.57489023100004 ], [ -73.969921428999953, 40.575591231000033 ], [ -73.969135428999948, 40.580168232000062 ], [ -73.967333427999961, 40.581539232000068 ], [ -73.971135428999958, 40.58202723200003 ], [ -73.970588428999974, 40.583226232000072 ], [ -73.966615427999955, 40.584583233000046 ], [ -73.969148428999972, 40.584881233000033 ], [ -73.967570428999977, 40.586527233000027 ], [ -73.967971428999988, 40.588639233000038 ], [ -73.965642427999967, 40.588896233000071 ], [ -73.965130427999952, 40.591116234000026 ], [ -73.958999425999934, 40.591792234000025 ], [ -73.933012417999976, 40.594647236000071 ], [ -73.93003241699995, 40.594139236000046 ], [ -73.930735416999937, 40.58963923500005 ], [ -73.927968415999942, 40.588768235000032 ], [ -73.926105414999938, 40.58483323400003 ] ] ] ] } },
{ "type": "Feature", "properties": { "zcta5ce10": "11234", "zip_code": "11234", "collision_count": 19447 }, "geometry": { "type": "MultiPolygon", "coordinates": [ [ [ [ -73.934306420999974, 40.633894243000043 ], [ -73.926083417999962, 40.63817124500008 ], [ -73.922208416999979, 40.64107324500003 ], [ -73.919618416999981, 40.641667245000065 ], [ -73.918853415999934, 40.63449124400006 ], [ -73.920413415999974, 40.633482244000049 ], [ -73.916923414999985, 40.631677244000059 ], [ -73.906515410999987, 40.627139243000045 ], [ -73.898262408999983, 40.622997243000043 ], [ -73.887336403999939, 40.609574240000029 ], [ -73.888752404999934, 40.608919240000034 ], [ -73.891531405999956, 40.609296240000049 ], [ -73.898583407999979, 40.605231239000034 ], [ -73.898778407999941, 40.603898239000046 ], [ -73.884933402999934, 40.604710239000042 ], [ -73.878556399999979, 40.589892237000072 ], [ -73.875941398999942, 40.58419423600003 ], [ -73.87928439999996, 40.580370235000032 ], [ -73.887596401999986, 40.578087234000066 ], [ -73.896171404999961, 40.576880234000043 ], [ -73.901773406999951, 40.580819234000046 ], [ -73.905266407999989, 40.581956234000074 ], [ -73.91504041099995, 40.580775234000043 ], [ -73.918755412999985, 40.582072234000066 ], [ -73.928302415999951, 40.583868234000079 ], [ -73.931843416999982, 40.582928233000075 ], [ -73.932043416999988, 40.584242234000044 ], [ -73.926105414999938, 40.58483323400003 ], [ -73.920339412999965, 40.584615234000069 ], [ -73.917657412999972, 40.586147235000055 ], [ -73.929570416999979, 40.596828236000079 ], [ -73.928132416999972, 40.597786237000037 ], [ -73.933552418999966, 40.602695237000034 ], [ -73.929869417999953, 40.60507923800003 ], [ -73.933514418999948, 40.608351238000068 ], [ -73.936047419999966, 40.609523239000055 ], [ -73.937538419999953, 40.60856523800004 ], [ -73.942980421999948, 40.61345723900007 ], [ -73.944309422999936, 40.613419239000052 ], [ -73.944828422999933, 40.616054240000039 ], [ -73.942417421999949, 40.618601240000032 ], [ -73.942665422999937, 40.619926240000041 ], [ -73.939992421999989, 40.621172241000068 ], [ -73.940267421999977, 40.622631241000079 ], [ -73.937227420999989, 40.622966241000029 ], [ -73.933450419999986, 40.625712242000077 ], [ -73.934868420999976, 40.630099243000075 ], [ -73.93389641999994, 40.630159243000037 ], [ -73.934306420999974, 40.633894243000043 ] ] ] ] } },
{ "type": "Feature", "properties": { "zcta5ce10": "11225", "zip_code": "11225", "collision_count": 9405 }, "geometry": { "type": "MultiPolygon", "coordinates": [ [ [ [ -73.962895431999982, 40.663806248000071 ], [ -73.96095743099994, 40.663293248000059 ], [ -73.962623431999987, 40.67163725000006 ], [ -73.957975430999966, 40.67066525000007 ], [ -73.955270429999985, 40.670133250000049 ], [ -73.947732426999949, 40.669713250000029 ], [ -73.948068426999953, 40.666147249000062 ], [ -73.942529424999975, 40.665846249000026 ], [ -73.942697424999949, 40.664063249000037 ], [ -73.940030423999985, 40.663029249000033 ], [ -73.942830424999954, 40.662855249000074 ], [ -73.942612424999936, 40.660618248000048 ], [ -73.947677426999974, 40.660305248000043 ], [ -73.947265425999944, 40.656445247000079 ], [ -73.953049427999986, 40.656089247000068 ], [ -73.953095427999983, 40.65651624700007 ], [ -73.959344429999987, 40.655991247000031 ], [ -73.961901430999944, 40.654879247000054 ], [ -73.965026431999945, 40.662181248000024 ], [ -73.962895431999982, 40.663806248000071 ] ] ] ] } },
{ "type": "Feature", "properties": { "zcta5ce10": "11226", "zip_code": "11226", "collision_count": 18500 }, "geometry": { "type": "MultiPolygon", "coordinates": [ [ [ [ -73.946510424999985, 40.640112244000079 ], [ -73.949384425999938, 40.639936244000069 ], [ -73.949234425999975, 40.638556244000029 ], [ -73.953601426999967, 40.638430244000062 ], [ -73.958401428999935, 40.636335243000076 ], [ -73.963106429999982, 40.634073242000056 ], [ -73.965383430999964, 40.636287243000027 ], [ -73.964926430999981, 40.63885924300007 ], [ -73.966000430999941, 40.641274244000044 ], [ -73.965942431999963, 40.644209244000081 ], [ -73.967029431999947, 40.649956245000055 ], [ -73.964655431999972, 40.650895246000061 ], [ -73.966214431999958, 40.653197246000047 ], [ -73.961901430999944, 40.654879247000054 ], [ -73.959344429999987, 40.655991247000031 ], [ -73.953095427999983, 40.65651624700007 ], [ -73.953049427999986, 40.656089247000068 ], [ -73.947265425999944, 40.656445247000079 ], [ -73.946480425999937, 40.649108246000026 ], [ -73.947468425999944, 40.649047246000066 ], [ -73.94706042599995, 40.645258245000036 ], [ -73.946074424999949, 40.64532024500005 ], [ -73.946510424999985, 40.640112244000079 ] ] ] ] } },
{ "type": "Feature", "properties": { "zcta5ce10": "11228", "zip_code": "11228", "collision_count": 6807 }, "geometry": { "type": "MultiPolygon", "coordinates": [ [ [ [ -74.016049446999943, 40.631041240000059 ], [ -74.012143444999936, 40.628692240000078 ], [ -73.997286439999982, 40.61972023800007 ], [ -74.000825440999961, 40.616322238000066 ], [ -74.009079442999962, 40.608386236000058 ], [ -74.014176444999976, 40.603997235000065 ], [ -74.014776444999939, 40.60202223400006 ], [ -74.019451445999948, 40.602836234000051 ], [ -74.015500444999986, 40.606850235000024 ], [ -74.018224445999977, 40.606895235000025 ], [ -74.021503446999986, 40.607836235000036 ], [ -74.024695447999989, 40.609968236000043 ], [ -74.022790447999967, 40.614604237000037 ], [ -74.02573044899998, 40.616057237000064 ], [ -74.020088447999967, 40.622429238000052 ], [ -74.019706446999976, 40.622193238000079 ], [ -74.016049446999943, 40.631041240000059 ] ] ] ] } },
{ "type": "Feature", "properties": { "zcta5ce10": "11229", "zip_code": "11229", "collision_count": 11447 }, "geometry": { "type": "MultiPolygon", "coordinates": [ [ [ [ -73.952578424999956, 40.611045238000031 ], [ -73.950707424999962, 40.611258238000062 ], [ -73.950266424999938, 40.613932239000064 ], [ -73.946575423999946, 40.61479723900004 ], [ -73.944828422999933, 40.616054240000039 ], [ -73.944309422999936, 40.613419239000052 ], [ -73.942980421999948, 40.61345723900007 ], [ -73.937538419999953, 40.60856523800004 ], [ -73.936047419999966, 40.609523239000055 ], [ -73.933514418999948, 40.608351238000068 ], [ -73.929869417999953, 40.60507923800003 ], [ -73.933552418999966, 40.602695237000034 ], [ -73.928132416999972, 40.597786237000037 ], [ -73.929570416999979, 40.596828236000079 ], [ -73.917657412999972, 40.586147235000055 ], [ -73.920339412999965, 40.584615234000069 ], [ -73.926105414999938, 40.58483323400003 ], [ -73.927968415999942, 40.588768235000032 ], [ -73.930735416999937, 40.58963923500005 ], [ -73.93003241699995, 40.594139236000046 ], [ -73.933012417999976, 40.594647236000071 ], [ -73.958999425999934, 40.591792234000025 ], [ -73.959778426999947, 40.59630723500004 ], [ -73.960733427999969, 40.605478237000057 ], [ -73.961733427999945, 40.605366237000055 ], [ -73.962381427999958, 40.60999423800007 ], [ -73.952578424999956, 40.611045238000031 ] ] ] ] } },
{ "type": "Feature", "properties": { "zcta5ce10": "11230", "zip_code": "11230", "collision_count": 14838 }, "geometry": { "type": "MultiPolygon", "coordinates": [ [ [ [ -73.965383430999964, 40.636287243000027 ], [ -73.963106429999982, 40.634073242000056 ], [ -73.958401428999935, 40.636335243000076 ], [ -73.957169427999986, 40.635413243000073 ], [ -73.953554425999982, 40.616289239000025 ], [ -73.954191425999966, 40.616220239000029 ], [ -73.952578424999956, 40.611045238000031 ], [ -73.962381427999958, 40.60999423800007 ], [ -73.972995431999948, 40.608822237000027 ], [ -73.976579433999973, 40.627582241000027 ], [ -73.979618434999963, 40.629310241000042 ], [ -73.977250433999984, 40.630715241000075 ], [ -73.975739433999934, 40.630894241000078 ], [ -73.972809432999952, 40.632814242000052 ], [ -73.965383430999964, 40.636287243000027 ] ] ] ] } },
{ "type": "Feature", "properties": { "zcta5ce10": "11231", "zip_code": "11231", "collision_count": 6687 }, "geometry": { "type": "MultiPolygon", "coordinates": [ [ [ [ -73.989993441999957, 40.683327251000037 ], [ -73.990868441999964, 40.682066251000037 ], [ -73.988700440999935, 40.681225251000058 ], [ -73.988561440999945, 40.679567250000048 ], [ -73.990803440999969, 40.675791250000032 ], [ -73.995276442999966, 40.675786250000044 ], [ -73.998660443999938, 40.671713249000049 ], [ -74.000176443999976, 40.668609248000053 ], [ -74.004443444999936, 40.66773224800005 ], [ -74.005441445999963, 40.670930248000047 ], [ -74.011676446999957, 40.665089247000026 ], [ -74.015750448999938, 40.664577247000068 ], [ -74.01788844899994, 40.665858247000074 ], [ -74.018765449999989, 40.671084248000057 ], [ -74.017725449999944, 40.670948248000059 ], [ -74.016689448999955, 40.665445247000036 ], [ -74.012010447999955, 40.665631247000078 ], [ -74.010697446999984, 40.668979248000028 ], [ -74.011887447999982, 40.670446248000076 ], [ -74.017380449999962, 40.67346924800006 ], [ -74.020029450999971, 40.677024249000056 ], [ -74.019400450999967, 40.67958124900008 ], [ -74.015975449999985, 40.680668250000053 ], [ -74.015477449999935, 40.681922250000071 ], [ -74.008547447999945, 40.685938251000039 ], [ -74.008118447999948, 40.686623251000071 ], [ -74.004854445999968, 40.685676251000075 ], [ -74.002365445999942, 40.685745251000071 ], [ -74.001390445999959, 40.687759252000035 ], [ -73.994409442999938, 40.685461251000049 ], [ -73.989993441999957, 40.683327251000037 ] ] ] ] } },
{ "type": "Feature", "properties": { "zcta5ce10": "11232", "zip_code": "11232", "collision_count": 8015 }, "geometry": { "type": "MultiPolygon", "coordinates": [ [ [ [ -73.993986440999947, 40.647109244000035 ], [ -73.997735441999964, 40.643418243000042 ], [ -74.002112442999987, 40.646107243000074 ], [ -74.000663442999951, 40.647495244000027 ], [ -74.005075443999942, 40.650155244000075 ], [ -74.006242444999941, 40.649030244000073 ], [ -74.01050444599997, 40.651609244000042 ], [ -74.013431446999959, 40.652461244000051 ], [ -74.019257448999952, 40.646861243000046 ], [ -74.020878448999952, 40.648751243000049 ], [ -74.024407450999945, 40.650930244000051 ], [ -74.024577450999971, 40.653562244000057 ], [ -74.01765144899997, 40.659588246000055 ], [ -74.01397544799994, 40.657377245000077 ], [ -74.013590447999945, 40.659989246000066 ], [ -74.014506447999963, 40.661524246000056 ], [ -74.009028446999935, 40.664107247000061 ], [ -74.005536444999962, 40.662192246000075 ], [ -74.000939443999982, 40.663036247000036 ], [ -73.99956044399994, 40.664371247000076 ], [ -74.00292544499996, 40.666411247000042 ], [ -74.000399443999981, 40.667641248000052 ], [ -73.998949442999958, 40.666804248000062 ], [ -73.997222442999941, 40.667860248000068 ], [ -73.999090443999989, 40.66888424800004 ], [ -73.998498443999949, 40.671482249000064 ], [ -73.994856441999957, 40.666790248000041 ], [ -73.995796441999971, 40.665524247000064 ], [ -73.991674440999986, 40.663036247000036 ], [ -74.00214544399995, 40.652964245000078 ], [ -73.99781944199998, 40.650290244000075 ], [ -73.99827744199996, 40.649742244000038 ], [ -73.993986440999947, 40.647109244000035 ] ] ] ] } },
{ "type": "Feature", "properties": { "zcta5ce10": "11233", "zip_code": "11233", "collision_count": 16343 }, "geometry": { "type": "MultiPolygon", "coordinates": [ [ [ [ -73.903476412999964, 40.675515253000071 ], [ -73.914874416999965, 40.670541251000031 ], [ -73.919967417999942, 40.669484251000029 ], [ -73.920129417999988, 40.668249251000077 ], [ -73.924245419999977, 40.666453250000075 ], [ -73.925540419999948, 40.668501251000066 ], [ -73.924997419999954, 40.674744252000039 ], [ -73.930458421999958, 40.675826252000036 ], [ -73.929059421999966, 40.679285253000046 ], [ -73.937399424999967, 40.67973825200005 ], [ -73.938224424999987, 40.683902253000042 ], [ -73.932236422999949, 40.684915254000032 ], [ -73.918066418999956, 40.686616254000057 ], [ -73.916047417999948, 40.686080254000046 ], [ -73.903467413999977, 40.678905253000039 ], [ -73.903476412999964, 40.675515253000071 ] ] ] ] } },
{ "type": "Feature", "properties": { "zcta5ce10": "11236", "zip_code": "11236", "collision_count": 21265 }, "geometry": { "type": "MultiPolygon", "coordinates": [ [ [ [ -73.921777417999976, 40.654432248000035 ], [ -73.91847441699997, 40.653753248000044 ], [ -73.917577416999961, 40.654322248000028 ], [ -73.910680413999955, 40.654188248000025 ], [ -73.903174411999942, 40.655309249000027 ], [ -73.899042410999982, 40.657380249000028 ], [ -73.898004409999942, 40.653809249000062 ], [ -73.895567409999956, 40.653085249000071 ], [ -73.893389408999951, 40.650943248000033 ], [ -73.891367407999951, 40.65237324900005 ], [ -73.889995407999947, 40.651146248000032 ], [ -73.891253407999955, 40.650034248000054 ], [ -73.880969403999984, 40.639461246000053 ], [ -73.878902402999984, 40.638046246000044 ], [ -73.876301401999967, 40.635200246000068 ], [ -73.878039402999946, 40.634494246000031 ], [ -73.882661403999975, 40.629923244000054 ], [ -73.887270404999981, 40.626165244000049 ], [ -73.889207405999969, 40.625592243000028 ], [ -73.88969140599994, 40.622841243000039 ], [ -73.891491405999943, 40.621859243000074 ], [ -73.898262408999983, 40.622997243000043 ], [ -73.906515410999987, 40.627139243000045 ], [ -73.916923414999985, 40.631677244000059 ], [ -73.920413415999974, 40.633482244000049 ], [ -73.918853415999934, 40.63449124400006 ], [ -73.919618416999981, 40.641667245000065 ], [ -73.922208416999979, 40.64107324500003 ], [ -73.920675416999984, 40.642680246000054 ], [ -73.921742416999962, 40.643390246000081 ], [ -73.920167416999959, 40.646817246000069 ], [ -73.920582416999935, 40.650715247000051 ], [ -73.921777417999976, 40.654432248000035 ] ] ] ] } },
{ "type": "Feature", "properties": { "zcta5ce10": "11237", "zip_code": "11237", "collision_count": 9543 }, "geometry": { "type": "MultiPolygon", "coordinates": [ [ [ [ -73.923735421999936, 40.71625326000003 ], [ -73.923921421999978, 40.714082260000055 ], [ -73.922117421999985, 40.71293625900006 ], [ -73.920727420999981, 40.710469259000035 ], [ -73.921474420999971, 40.709012259000076 ], [ -73.912059417999956, 40.703454258000079 ], [ -73.912726417999977, 40.702371258000028 ], [ -73.910579416999951, 40.701006257000074 ], [ -73.91165641799995, 40.699913257000048 ], [ -73.904426414999989, 40.695679257000052 ], [ -73.90585241499997, 40.694077256000071 ], [ -73.902129413999944, 40.691851256000064 ], [ -73.903598413999987, 40.690417256000046 ], [ -73.90885441599994, 40.693413256000042 ], [ -73.911861416999955, 40.695123256000045 ], [ -73.910304416999963, 40.696708257000068 ], [ -73.911807416999977, 40.697562257000072 ], [ -73.913362417999963, 40.695978256000046 ], [ -73.916369418999977, 40.697688257000038 ], [ -73.917819418999954, 40.696216256000071 ], [ -73.927589422999972, 40.701770257000078 ], [ -73.931156423999937, 40.70378125700006 ], [ -73.932298424999942, 40.707757258000072 ], [ -73.934803425999974, 40.713381259000073 ], [ -73.923735421999936, 40.71625326000003 ] ] ] ] } },
{ "type": "Feature", "properties": { "zcta5ce10": "11238", "zip_code": "11238", "collision_count": 10165 }, "geometry": { "type": "MultiPolygon", "coordinates": [ [ [ [ -73.957975430999966, 40.67066525000007 ], [ -73.962623431999987, 40.67163725000006 ], [ -73.96095743099994, 40.663293248000059 ], [ -73.962895431999982, 40.663806248000071 ], [ -73.969248433999951, 40.672751250000033 ], [ -73.970420434999937, 40.67251925000005 ], [ -73.970750434999957, 40.672647250000068 ], [ -73.971051434999936, 40.675245250000046 ], [ -73.972446435999984, 40.677170251000064 ], [ -73.970641434999948, 40.682422252000038 ], [ -73.972774435999952, 40.682871252000041 ], [ -73.972688435999942, 40.687423253000077 ], [ -73.964811433999955, 40.68833425300005 ], [ -73.965189433999967, 40.689790253000069 ], [ -73.960294432999945, 40.690354254000056 ], [ -73.960007431999941, 40.68888925300007 ], [ -73.957133430999988, 40.688471253000046 ], [ -73.955196429999944, 40.678351251000038 ], [ -73.957975430999966, 40.67066525000007 ] ] ] ] } },
{ "type": "Feature", "properties": { "zcta5ce10": "11239", "zip_code": "11239", "collision_count": 2573 }, "geometry": { "type": "MultiPolygon", "coordinates": [ [ [ [ -73.878437403999953, 40.649335248000057 ], [ -73.875053402999981, 40.645178248000036 ], [ -73.878902402999984, 40.638046246000044 ], [ -73.880969403999984, 40.639461246000053 ], [ -73.891253407999955, 40.650034248000054 ], [ -73.889995407999947, 40.651146248000032 ], [ -73.882214404999957, 40.654506249000065 ], [ -73.878437403999953, 40.649335248000057 ] ] ], [ [ [ -73.875748402999989, 40.651952249000033 ], [ -73.867902400999981, 40.656692250000049 ], [ -73.866690399999982, 40.652934250000044 ], [ -73.871665401999962, 40.649488249000058 ], [ -73.874854402999972, 40.650039249000031 ], [ -73.875748402999989, 40.651952249000033 ] ] ] ] } },
{ "type": "Feature", "properties": { "zcta5ce10": "11354", "zip_code": "11354", "collision_count": 13240 }, "geometry": { "type": "MultiPolygon", "coordinates": [ [ [ [ -73.848179401999971, 40.776714274000028 ], [ -73.839138398999978, 40.776631275000057 ], [ -73.838863398999933, 40.778625275000024 ], [ -73.836333397999965, 40.778537275000076 ], [ -73.833508396999946, 40.771627274000025 ], [ -73.831391395999958, 40.772388274000036 ], [ -73.828101394999976, 40.776039275000073 ], [ -73.821671392999974, 40.776871275000076 ], [ -73.812785389999988, 40.775613275000069 ], [ -73.806601387999933, 40.775123276000045 ], [ -73.803986386999952, 40.77419827500006 ], [ -73.805566387999988, 40.76956827500004 ], [ -73.807208387999935, 40.768303274000061 ], [ -73.807515387999956, 40.762187273000052 ], [ -73.816094390999979, 40.762532273000033 ], [ -73.829741394999985, 40.758757272000025 ], [ -73.838003396999966, 40.754446270000074 ], [ -73.83869539799997, 40.756971271000054 ], [ -73.837327396999967, 40.762688272000048 ], [ -73.83916839799997, 40.765365273000043 ], [ -73.838994397999954, 40.765897273000064 ], [ -73.846015399999942, 40.76632027200003 ], [ -73.847725400999934, 40.767080273000033 ], [ -73.849596401999975, 40.769806273000029 ], [ -73.849450401999945, 40.772527274000026 ], [ -73.848179401999971, 40.776714274000028 ] ] ] ] } },
{ "type": "Feature", "properties": { "zcta5ce10": "11355", "zip_code": "11355", "collision_count": 11725 }, "geometry": { "type": "MultiPolygon", "coordinates": [ [ [ [ -73.838003396999966, 40.754446270000074 ], [ -73.829741394999985, 40.758757272000025 ], [ -73.816094390999979, 40.762532273000033 ], [ -73.807515387999956, 40.762187273000052 ], [ -73.809136387999956, 40.750277271000073 ], [ -73.807507386999987, 40.750145271000065 ], [ -73.814163388999987, 40.746147270000051 ], [ -73.814310388999957, 40.742982269000038 ], [ -73.810134387999938, 40.742303269000047 ], [ -73.810356386999956, 40.738879268000062 ], [ -73.809442386999933, 40.738682268000048 ], [ -73.814771388999986, 40.738886268000044 ], [ -73.817206389999967, 40.740625268000031 ], [ -73.819301389999964, 40.740238268000041 ], [ -73.823377391999941, 40.741901268000049 ], [ -73.827091392999989, 40.742624269000032 ], [ -73.835903395999935, 40.743335268000067 ], [ -73.834691395999982, 40.746911269000066 ], [ -73.833118394999985, 40.748055269000076 ], [ -73.832296394999958, 40.751950270000066 ], [ -73.835539395999945, 40.751419270000042 ], [ -73.838003396999966, 40.754446270000074 ] ] ] ] } },
{ "type": "Feature", "properties": { "zcta5ce10": "11356", "zip_code": "11356", "collision_count": 4645 }, "geometry": { "type": "MultiPolygon", "coordinates": [ [ [ [ -73.832145396999977, 40.790103278000061 ], [ -73.830982396999957, 40.789152277000028 ], [ -73.830540396999936, 40.784654277000072 ], [ -73.826903394999988, 40.784660277000057 ], [ -73.826786394999942, 40.781676276000042 ], [ -73.824999394999963, 40.78174027600005 ], [ -73.825994394999952, 40.779828276000046 ], [ -73.828101394999976, 40.776039275000073 ], [ -73.831391395999958, 40.772388274000036 ], [ -73.833508396999946, 40.771627274000025 ], [ -73.836333397999965, 40.778537275000076 ], [ -73.838863398999933, 40.778625275000024 ], [ -73.839138398999978, 40.776631275000057 ], [ -73.848179401999971, 40.776714274000028 ], [ -73.84969640199995, 40.778789275000065 ], [ -73.849327402999961, 40.782522276000066 ], [ -73.855380403999959, 40.782210275000068 ], [ -73.858054404999962, 40.783835275000058 ], [ -73.859313405999956, 40.785870276000026 ], [ -73.855363404999935, 40.787338276000071 ], [ -73.854522404999955, 40.790281277000076 ], [ -73.852791403999959, 40.791005277000068 ], [ -73.853761404999943, 40.792245277000063 ], [ -73.852583403999972, 40.794621278000079 ], [ -73.849235402999966, 40.793390278000061 ], [ -73.848815402999946, 40.795295278000026 ], [ -73.845346401999961, 40.795746278000024 ], [ -73.844600401999969, 40.794920278000063 ], [ -73.840601400999958, 40.796815279000043 ], [ -73.83843539999998, 40.796795279000037 ], [ -73.836476398999935, 40.792502278000029 ], [ -73.837469398999986, 40.791377278000027 ], [ -73.836656398999935, 40.789202277000072 ], [ -73.833465397999987, 40.788723277000031 ], [ -73.832145396999977, 40.790103278000061 ] ] ] ] } },
{ "type": "Feature", "properties": { "zcta5ce10": "11357", "zip_code": "11357", "collision_count": 4699 }, "geometry": { "type": "MultiPolygon", "coordinates": [ [ [ [ -73.828101394999976, 40.776039275000073 ], [ -73.825994394999952, 40.779828276000046 ], [ -73.82566839499998, 40.779738276000046 ], [ -73.824999394999963, 40.78174027600005 ], [ -73.826786394999942, 40.781676276000042 ], [ -73.826903394999988, 40.784660277000057 ], [ -73.830540396999936, 40.784654277000072 ], [ -73.830982396999957, 40.789152277000028 ], [ -73.832145396999977, 40.790103278000061 ], [ -73.82824639599994, 40.792554278000068 ], [ -73.828040395999949, 40.794760279000059 ], [ -73.829211396999938, 40.796467279000069 ], [ -73.824028394999971, 40.797801279000055 ], [ -73.819851393999954, 40.800896280000075 ], [ -73.813068391999934, 40.796964280000054 ], [ -73.812013391999983, 40.797944280000024 ], [ -73.810075390999941, 40.796664280000073 ], [ -73.803194388999941, 40.796702280000034 ], [ -73.798665386999971, 40.796090280000044 ], [ -73.795050385999957, 40.794984280000051 ], [ -73.794952385999977, 40.791758279000078 ], [ -73.792623384999956, 40.79032427900006 ], [ -73.790696383999943, 40.788222279000024 ], [ -73.794117384999936, 40.786105278000036 ], [ -73.793357384999979, 40.781712277000054 ], [ -73.792467383999963, 40.781261277000056 ], [ -73.790351382999972, 40.774581276000049 ], [ -73.791636383999958, 40.77424727600004 ], [ -73.792759383999964, 40.774031276000073 ], [ -73.803888387999962, 40.774909276000074 ], [ -73.803986386999952, 40.77419827500006 ], [ -73.806601387999933, 40.775123276000045 ], [ -73.812785389999988, 40.775613275000069 ], [ -73.821671392999974, 40.776871275000076 ], [ -73.828101394999976, 40.776039275000073 ] ] ] ] } },
{ "type": "Feature", "properties": { "zcta5ce10": "11358", "zip_code": "11358", "collision_count": 6473 }, "geometry": { "type": "MultiPolygon", "coordinates": [ [ [ [ -73.803986386999952, 40.77419827500006 ], [ -73.803888387999962, 40.774909276000074 ], [ -73.792759383999964, 40.774031276000073 ], [ -73.791636383999958, 40.77424727600004 ], [ -73.789310382999986, 40.769716275000064 ], [ -73.782126378999976, 40.755347273000041 ], [ -73.780089378999946, 40.752502272000072 ], [ -73.781213378999951, 40.751515272000063 ], [ -73.791449381999939, 40.748707271000058 ], [ -73.794816382999954, 40.748430271000075 ], [ -73.795666382999968, 40.750244271000042 ], [ -73.798024383999973, 40.748738271000036 ], [ -73.802812385999971, 40.749093271000049 ], [ -73.802879385999972, 40.749791271000049 ], [ -73.807507386999987, 40.750145271000065 ], [ -73.809136387999956, 40.750277271000073 ], [ -73.807515387999956, 40.762187273000052 ], [ -73.807208387999935, 40.768303274000061 ], [ -73.805566387999988, 40.76956827500004 ], [ -73.803986386999952, 40.77419827500006 ] ] ] ] } },
{ "type": "Feature", "properties": { "zcta5ce10": "11359", "zip_code": "11359", "collision_count": 25 }, "geometry": { "type": "MultiPolygon", "coordinates": [ [ [ [ -73.782389381999963, 40.791384280000045 ], [ -73.78087838099998, 40.792392280000058 ], [ -73.782005381999966, 40.795920281000065 ], [ -73.778068380999969, 40.796848281000052 ], [ -73.775511379999955, 40.795651281000062 ], [ -73.772412377999956, 40.791556280000066 ], [ -73.770863377999945, 40.788506279000046 ], [ -73.774195378999934, 40.786715279000077 ], [ -73.778418379999948, 40.78899627900006 ], [ -73.781046380999953, 40.789550279000025 ], [ -73.782389381999963, 40.791384280000045 ] ] ] ] } },
{ "type": "Feature", "properties": { "zcta5ce10": "11360", "zip_code": "11360", "collision_count": 1628 }, "geometry": { "type": "MultiPolygon", "coordinates": [ [ [ [ -73.762586373999966, 40.771694276000062 ], [ -73.765394374999971, 40.773601277000068 ], [ -73.769781375999969, 40.772632276000024 ], [ -73.771582376999959, 40.77431427700003 ], [ -73.778859378999982, 40.772807276000037 ], [ -73.789310382999986, 40.769716275000064 ], [ -73.791636383999958, 40.77424727600004 ], [ -73.790351382999972, 40.774581276000049 ], [ -73.792467383999963, 40.781261277000056 ], [ -73.793357384999979, 40.781712277000054 ], [ -73.794117384999936, 40.786105278000036 ], [ -73.790696383999943, 40.788222279000024 ], [ -73.792623384999956, 40.79032427900006 ], [ -73.784739381999941, 40.790521279000075 ], [ -73.782389381999963, 40.791384280000045 ], [ -73.781046380999953, 40.789550279000025 ], [ -73.778418379999948, 40.78899627900006 ], [ -73.774195378999934, 40.786715279000077 ], [ -73.767518375999941, 40.779464278000034 ], [ -73.764169374999938, 40.772964277000028 ], [ -73.762586373999966, 40.771694276000062 ] ] ] ] } },
{ "type": "Feature", "properties": { "zcta5ce10": "11361", "zip_code": "11361", "collision_count": 6432 }, "geometry": { "type": "MultiPolygon", "coordinates": [ [ [ [ -73.779807377999987, 40.75190327200005 ], [ -73.780089378999946, 40.752502272000072 ], [ -73.782126378999976, 40.755347273000041 ], [ -73.789310382999986, 40.769716275000064 ], [ -73.778859378999982, 40.772807276000037 ], [ -73.771582376999959, 40.77431427700003 ], [ -73.769781375999969, 40.772632276000024 ], [ -73.765394374999971, 40.773601277000068 ], [ -73.762586373999966, 40.771694276000062 ], [ -73.758522372999948, 40.767525276000072 ], [ -73.753701370999977, 40.765298275000077 ], [ -73.759237372999962, 40.764403275000063 ], [ -73.758002371999964, 40.760388274000036 ], [ -73.757320371999981, 40.759044274000075 ], [ -73.759022371999947, 40.75835627400005 ], [ -73.760379371999989, 40.755851273000076 ], [ -73.75840537199997, 40.752880273000073 ], [ -73.759294371999943, 40.752355273000035 ], [ -73.761857372999941, 40.756525273000079 ], [ -73.768317374999981, 40.755474273000061 ], [ -73.779807377999987, 40.75190327200005 ] ] ] ] } },
{ "type": "Feature", "properties": { "zcta5ce10": "11362", "zip_code": "11362", "collision_count": 2669 }, "geometry": { "type": "MultiPolygon", "coordinates": [ [ [ [ -73.713499357999979, 40.759840276000034 ], [ -73.718638358999954, 40.758758275000048 ], [ -73.721179359999951, 40.756879275000074 ], [ -73.722918359999937, 40.754106274000037 ], [ -73.726993360999984, 40.75112927400005 ], [ -73.729068361999964, 40.747399273000042 ], [ -73.732336362999945, 40.743584272000078 ], [ -73.738019363999967, 40.74050327100008 ], [ -73.741115364999985, 40.737460270000042 ], [ -73.743069365999986, 40.738449271000036 ], [ -73.744057365999936, 40.740743271000042 ], [ -73.749969367999938, 40.739754271000038 ], [ -73.753474368999946, 40.742413271000032 ], [ -73.747737367999946, 40.743376271000045 ], [ -73.744853366999962, 40.743327272000045 ], [ -73.746123366999939, 40.746547272000043 ], [ -73.743968366999979, 40.747638272000074 ], [ -73.747112367999989, 40.754181274000075 ], [ -73.750049368999953, 40.758413274000077 ], [ -73.752304369999933, 40.759463274000041 ], [ -73.753177369999946, 40.758234274000074 ], [ -73.755896370999949, 40.757847274000028 ], [ -73.758002371999964, 40.760388274000036 ], [ -73.759237372999962, 40.764403275000063 ], [ -73.753701370999977, 40.765298275000077 ], [ -73.753275370999972, 40.765559276000033 ], [ -73.750723369999946, 40.766520276000051 ], [ -73.748730368999986, 40.764037275000078 ], [ -73.73920336599997, 40.766707276000034 ], [ -73.733761364999964, 40.772477278000054 ], [ -73.720654359999969, 40.764485276000073 ], [ -73.713499357999979, 40.759840276000034 ] ] ] ] } },
{ "type": "Feature", "properties": { "zcta5ce10": "11364", "zip_code": "11364", "collision_count": 4049 }, "geometry": { "type": "MultiPolygon", "coordinates": [ [ [ [ -73.741115364999985, 40.737460270000042 ], [ -73.742963365999969, 40.735555270000077 ], [ -73.745948365999936, 40.734176270000034 ], [ -73.746542366999961, 40.735786270000062 ], [ -73.765559372999974, 40.732543269000075 ], [ -73.77010837399996, 40.731787268000062 ], [ -73.772862374999988, 40.736284269000066 ], [ -73.77755237699995, 40.747152271000061 ], [ -73.778501377999987, 40.746892271000036 ], [ -73.780013377999978, 40.750081272000045 ], [ -73.779807377999987, 40.75190327200005 ], [ -73.768317374999981, 40.755474273000061 ], [ -73.761857372999941, 40.756525273000079 ], [ -73.759294371999943, 40.752355273000035 ], [ -73.75840537199997, 40.752880273000073 ], [ -73.760379371999989, 40.755851273000076 ], [ -73.759022371999947, 40.75835627400005 ], [ -73.757320371999981, 40.759044274000075 ], [ -73.758002371999964, 40.760388274000036 ], [ -73.755896370999949, 40.757847274000028 ], [ -73.753177369999946, 40.758234274000074 ], [ -73.752304369999933, 40.759463274000041 ], [ -73.750049368999953, 40.758413274000077 ], [ -73.747112367999989, 40.754181274000075 ], [ -73.743968366999979, 40.747638272000074 ], [ -73.746123366999939, 40.746547272000043 ], [ -73.744853366999962, 40.743327272000045 ], [ -73.747737367999946, 40.743376271000045 ], [ -73.753474368999946, 40.742413271000032 ], [ -73.749969367999938, 40.739754271000038 ], [ -73.744057365999936, 40.740743271000042 ], [ -73.743069365999986, 40.738449271000036 ], [ -73.741115364999985, 40.737460270000042 ] ] ] ] } },
{ "type": "Feature", "properties": { "zcta5ce10": "11365", "zip_code": "11365", "collision_count": 4751 }, "geometry": { "type": "MultiPolygon", "coordinates": [ [ [ [ -73.780089378999946, 40.752502272000072 ], [ -73.779807377999987, 40.75190327200005 ], [ -73.780013377999978, 40.750081272000045 ], [ -73.778501377999987, 40.746892271000036 ], [ -73.77755237699995, 40.747152271000061 ], [ -73.772862374999988, 40.736284269000066 ], [ -73.77010837399996, 40.731787268000062 ], [ -73.771528374999946, 40.731530268000029 ], [ -73.773552374999952, 40.73608026900007 ], [ -73.780249377999951, 40.734740269000042 ], [ -73.780402377999962, 40.734001268000043 ], [ -73.788210379999953, 40.731371268000032 ], [ -73.800414383999964, 40.728380267000034 ], [ -73.81088738699998, 40.727180266000062 ], [ -73.812280387999976, 40.732228267000039 ], [ -73.812392387999978, 40.737075268000069 ], [ -73.810483386999977, 40.737000268000031 ], [ -73.809442386999933, 40.738682268000048 ], [ -73.810356386999956, 40.738879268000062 ], [ -73.810134387999938, 40.742303269000047 ], [ -73.814310388999957, 40.742982269000038 ], [ -73.814163388999987, 40.746147270000051 ], [ -73.807507386999987, 40.750145271000065 ], [ -73.802879385999972, 40.749791271000049 ], [ -73.802812385999971, 40.749093271000049 ], [ -73.798024383999973, 40.748738271000036 ], [ -73.795666382999968, 40.750244271000042 ], [ -73.794816382999954, 40.748430271000075 ], [ -73.791449381999939, 40.748707271000058 ], [ -73.781213378999951, 40.751515272000063 ], [ -73.780089378999946, 40.752502272000072 ] ] ] ] } },
{ "type": "Feature", "properties": { "zcta5ce10": "11366", "zip_code": "11366", "collision_count": 3444 }, "geometry": { "type": "MultiPolygon", "coordinates": [ [ [ [ -73.77010837399996, 40.731787268000062 ], [ -73.765559372999974, 40.732543269000075 ], [ -73.763491371999976, 40.730363268000076 ], [ -73.756567368999981, 40.726141268000049 ], [ -73.760123370999963, 40.725915268000051 ], [ -73.766311372999951, 40.726383267000074 ], [ -73.772744374999945, 40.725043267000046 ], [ -73.77723737599996, 40.722292266000068 ], [ -73.778039375999981, 40.723292266000044 ], [ -73.775235374999966, 40.725246267000045 ], [ -73.777576375999956, 40.73020126800003 ], [ -73.781162376999987, 40.729221267000071 ], [ -73.780800376999935, 40.728433267000071 ], [ -73.786191378999945, 40.727572267000028 ], [ -73.788310379999984, 40.725964267000052 ], [ -73.78946037999998, 40.72650126700006 ], [ -73.809041385999933, 40.719920265000042 ], [ -73.810627386999954, 40.724428266000075 ], [ -73.81088738699998, 40.727180266000062 ], [ -73.800414383999964, 40.728380267000034 ], [ -73.788210379999953, 40.731371268000032 ], [ -73.780402377999962, 40.734001268000043 ], [ -73.780249377999951, 40.734740269000042 ], [ -73.773552374999952, 40.73608026900007 ], [ -73.771528374999946, 40.731530268000029 ], [ -73.77010837399996, 40.731787268000062 ] ] ] ] } },
{ "type": "Feature", "properties": { "zcta5ce10": "11367", "zip_code": "11367", "collision_count": 6151 }, "geometry": { "type": "MultiPolygon", "coordinates": [ [ [ [ -73.809041385999933, 40.719920265000042 ], [ -73.808606385999951, 40.71842326400008 ], [ -73.811836386999971, 40.717881264000027 ], [ -73.812119386999939, 40.719070264000038 ], [ -73.819306388999962, 40.717144264000069 ], [ -73.825794390999988, 40.716154263000078 ], [ -73.829721391999954, 40.71685526300007 ], [ -73.831910392999987, 40.717994264000026 ], [ -73.835577393999984, 40.721920264000062 ], [ -73.837769394999953, 40.726705265000078 ], [ -73.844095397999979, 40.733760266000047 ], [ -73.845320398999945, 40.740056267000057 ], [ -73.837941395999962, 40.742931268000063 ], [ -73.835903395999935, 40.743335268000067 ], [ -73.827091392999989, 40.742624269000032 ], [ -73.823377391999941, 40.741901268000049 ], [ -73.819301389999964, 40.740238268000041 ], [ -73.817206389999967, 40.740625268000031 ], [ -73.814771388999986, 40.738886268000044 ], [ -73.809442386999933, 40.738682268000048 ], [ -73.810483386999977, 40.737000268000031 ], [ -73.812392387999978, 40.737075268000069 ], [ -73.812280387999976, 40.732228267000039 ], [ -73.81088738699998, 40.727180266000062 ], [ -73.810627386999954, 40.724428266000075 ], [ -73.809041385999933, 40.719920265000042 ] ] ] ] } },
{ "type": "Feature", "properties": { "zcta5ce10": "11368", "zip_code": "11368", "collision_count": 15132 }, "geometry": { "type": "MultiPolygon", "coordinates": [ [ [ [ -73.860879404999935, 40.763214271000038 ], [ -73.860275404999982, 40.763452271000062 ], [ -73.858887403999972, 40.762120271000072 ], [ -73.85513640299996, 40.760422271000039 ], [ -73.850396400999955, 40.759602271000063 ], [ -73.846170399999949, 40.761439272000075 ], [ -73.842605398999979, 40.764680272000078 ], [ -73.83916839799997, 40.765365273000043 ], [ -73.837327396999967, 40.762688272000048 ], [ -73.83869539799997, 40.756971271000054 ], [ -73.838003396999966, 40.754446270000074 ], [ -73.835539395999945, 40.751419270000042 ], [ -73.832296394999958, 40.751950270000066 ], [ -73.833118394999985, 40.748055269000076 ], [ -73.834691395999982, 40.746911269000066 ], [ -73.835903395999935, 40.743335268000067 ], [ -73.837941395999962, 40.742931268000063 ], [ -73.845320398999945, 40.740056267000057 ], [ -73.853393400999948, 40.73694826600007 ], [ -73.864619404999985, 40.734279266000044 ], [ -73.867564405999985, 40.740950267000073 ], [ -73.868266405999975, 40.746322268000029 ], [ -73.870017406999978, 40.748480268000037 ], [ -73.869426406999935, 40.74916526800007 ], [ -73.872071407999954, 40.75387026900006 ], [ -73.872220407999976, 40.756951270000059 ], [ -73.86567540599998, 40.757638270000029 ], [ -73.854635402999975, 40.758138271000064 ], [ -73.856419402999961, 40.759964271000058 ], [ -73.859380403999978, 40.761442271000078 ], [ -73.860879404999935, 40.763214271000038 ] ] ] ] } },
{ "type": "Feature", "properties": { "zcta5ce10": "11369", "zip_code": "11369", "collision_count": 7097 }, "geometry": { "type": "MultiPolygon", "coordinates": [ [ [ [ -73.887672413999951, 40.766728271000034 ], [ -73.883542412999986, 40.768329272000074 ], [ -73.878620410999986, 40.770871272000079 ], [ -73.873060408999947, 40.77181627300007 ], [ -73.868119407999984, 40.770209272000045 ], [ -73.862868405999961, 40.765920272000074 ], [ -73.860879404999935, 40.763214271000038 ], [ -73.859380403999978, 40.761442271000078 ], [ -73.856419402999961, 40.759964271000058 ], [ -73.854635402999975, 40.758138271000064 ], [ -73.86567540599998, 40.757638270000029 ], [ -73.872220407999976, 40.756951270000059 ], [ -73.882580411999982, 40.755862269000033 ], [ -73.883246411999949, 40.759534270000074 ], [ -73.882678411999962, 40.761616270000047 ], [ -73.884272412999962, 40.765175271000032 ], [ -73.882414411999946, 40.765370271000052 ], [ -73.882769411999959, 40.767320271000074 ], [ -73.887672413999951, 40.766728271000034 ] ] ] ] } },
{ "type": "Feature", "properties": { "zcta5ce10": "11370", "zip_code": "11370", "collision_count": 5209 }, "geometry": { "type": "MultiPolygon", "coordinates": [ [ [ [ -73.882580411999982, 40.755862269000033 ], [ -73.89652341599998, 40.754397268000048 ], [ -73.89772041699996, 40.760984270000051 ], [ -73.895033415999933, 40.764325270000029 ], [ -73.894367415999966, 40.766211271000032 ], [ -73.900660417999973, 40.767219271000045 ], [ -73.900333417999946, 40.768816271000048 ], [ -73.893704415999935, 40.774234272000058 ], [ -73.892349415999945, 40.775855273000047 ], [ -73.891423415999952, 40.773803272000066 ], [ -73.889069414999938, 40.773690272000067 ], [ -73.888727413999959, 40.768924272000049 ], [ -73.887672413999951, 40.766728271000034 ], [ -73.882769411999959, 40.767320271000074 ], [ -73.882414411999946, 40.765370271000052 ], [ -73.884272412999962, 40.765175271000032 ], [ -73.882678411999962, 40.761616270000047 ], [ -73.883246411999949, 40.759534270000074 ], [ -73.882580411999982, 40.755862269000033 ] ] ], [ [ [ -73.884868413999982, 40.786629275000053 ], [ -73.889919415999941, 40.78740627500008 ], [ -73.89058741599996, 40.790153276000069 ], [ -73.892867416999934, 40.790575276000027 ], [ -73.892004416999953, 40.79643427700006 ], [ -73.891142416999969, 40.79759027700004 ], [ -73.887891415999945, 40.798412277000068 ], [ -73.883465413999943, 40.795729277000078 ], [ -73.87950841299994, 40.79500527700003 ], [ -73.874254410999981, 40.792325277000032 ], [ -73.871022409999966, 40.788841276000028 ], [ -73.870993409999983, 40.786987276000048 ], [ -73.873689410999987, 40.78616827500008 ], [ -73.878965411999957, 40.785751275000052 ], [ -73.884868413999982, 40.786629275000053 ] ] ] ] } },
{ "type": "Feature", "properties": { "zcta5ce10": "11371", "zip_code": "11371", "collision_count": 1 }, "geometry": { "type": "MultiPolygon", "coordinates": [ [ [ [ -73.887672413999951, 40.766728271000034 ], [ -73.888727413999959, 40.768924272000049 ], [ -73.889069414999938, 40.773690272000067 ], [ -73.883994412999982, 40.774210273000051 ], [ -73.884505413999989, 40.779708274000029 ], [ -73.873936409999942, 40.781153274000076 ], [ -73.871623409999984, 40.780669274000047 ], [ -73.862876406999987, 40.77630827400003 ], [ -73.856538403999934, 40.772807273000069 ], [ -73.859180404999961, 40.768918273000054 ], [ -73.862898405999942, 40.766885272000025 ], [ -73.860275404999982, 40.763452271000062 ], [ -73.860879404999935, 40.763214271000038 ], [ -73.862868405999961, 40.765920272000074 ], [ -73.868119407999984, 40.770209272000045 ], [ -73.873060408999947, 40.77181627300007 ], [ -73.878620410999986, 40.770871272000079 ], [ -73.883542412999986, 40.768329272000074 ], [ -73.887672413999951, 40.766728271000034 ] ] ] ] } },
{ "type": "Feature", "properties": { "zcta5ce10": "11372", "zip_code": "11372", "collision_count": 12383 }, "geometry": { "type": "MultiPolygon", "coordinates": [ [ [ [ -73.891458413999942, 40.746878267000056 ], [ -73.894833414999937, 40.746489267000072 ], [ -73.897285415999988, 40.750426268000069 ], [ -73.895800415999986, 40.750628268000071 ], [ -73.89652341599998, 40.754397268000048 ], [ -73.882580411999982, 40.755862269000033 ], [ -73.872220407999976, 40.756951270000059 ], [ -73.872071407999954, 40.75387026900006 ], [ -73.869426406999935, 40.74916526800007 ], [ -73.891458413999942, 40.746878267000056 ] ] ] ] } },
{ "type": "Feature", "properties": { "zcta5ce10": "11373", "zip_code": "11373", "collision_count": 13991 }, "geometry": { "type": "MultiPolygon", "coordinates": [ [ [ [ -73.869426406999935, 40.74916526800007 ], [ -73.870017406999978, 40.748480268000037 ], [ -73.868266405999975, 40.746322268000029 ], [ -73.867564405999985, 40.740950267000073 ], [ -73.864619404999985, 40.734279266000044 ], [ -73.868837405999955, 40.732902265000064 ], [ -73.869787405999944, 40.730512265000073 ], [ -73.871430405999945, 40.729256264000071 ], [ -73.874871407999933, 40.730618264000043 ], [ -73.87958840899995, 40.728607264000061 ], [ -73.885612410999954, 40.728368264000039 ], [ -73.887241410999934, 40.72784226400006 ], [ -73.888061411999956, 40.730095264000056 ], [ -73.888567411999986, 40.73460026500004 ], [ -73.888803411999959, 40.736539265000033 ], [ -73.891747413999951, 40.742146266000077 ], [ -73.890699412999936, 40.742269266000051 ], [ -73.891458413999942, 40.746878267000056 ], [ -73.869426406999935, 40.74916526800007 ] ] ] ] } },
{ "type": "Feature", "properties": { "zcta5ce10": "11374", "zip_code": "11374", "collision_count": 6232 }, "geometry": { "type": "MultiPolygon", "coordinates": [ [ [ [ -73.871430405999945, 40.729256264000071 ], [ -73.869787405999944, 40.730512265000073 ], [ -73.868837405999955, 40.732902265000064 ], [ -73.864619404999985, 40.734279266000044 ], [ -73.853393400999948, 40.73694826600007 ], [ -73.856153401999961, 40.735656266000035 ], [ -73.854701400999943, 40.732837266000047 ], [ -73.852165399999933, 40.732955266000033 ], [ -73.851138399999968, 40.730961265000076 ], [ -73.85288540099998, 40.73043526500004 ], [ -73.851779399999941, 40.727705265000054 ], [ -73.85372240099997, 40.726970265000034 ], [ -73.857109400999946, 40.721765263000066 ], [ -73.858523401999946, 40.721537263000073 ], [ -73.857299400999977, 40.711473261000037 ], [ -73.862080401999947, 40.712209261000055 ], [ -73.859633401999986, 40.713606262000042 ], [ -73.860039401999984, 40.714940262000027 ], [ -73.863019402999953, 40.717716262000067 ], [ -73.871816405999937, 40.726802264000071 ], [ -73.873908406999988, 40.72844226400008 ], [ -73.871430405999945, 40.729256264000071 ] ] ] ] } },
{ "type": "Feature", "properties": { "zcta5ce10": "11375", "zip_code": "11375", "collision_count": 9858 }, "geometry": { "type": "MultiPolygon", "coordinates": [ [ [ [ -73.845320398999945, 40.740056267000057 ], [ -73.844095397999979, 40.733760266000047 ], [ -73.837769394999953, 40.726705265000078 ], [ -73.835577393999984, 40.721920264000062 ], [ -73.831910392999987, 40.717994264000026 ], [ -73.829721391999954, 40.71685526300007 ], [ -73.825794390999988, 40.716154263000078 ], [ -73.825957390999974, 40.71603026300005 ], [ -73.830628391999937, 40.714349263000031 ], [ -73.836021393999943, 40.711660262000066 ], [ -73.843017395999937, 40.709184261000075 ], [ -73.845681396999964, 40.70848826100007 ], [ -73.849518397999987, 40.708400261000065 ], [ -73.854748399999949, 40.70683826100003 ], [ -73.856678399999964, 40.70770026100007 ], [ -73.857299400999977, 40.711473261000037 ], [ -73.858523401999946, 40.721537263000073 ], [ -73.857109400999946, 40.721765263000066 ], [ -73.85372240099997, 40.726970265000034 ], [ -73.851779399999941, 40.727705265000054 ], [ -73.85288540099998, 40.73043526500004 ], [ -73.851138399999968, 40.730961265000076 ], [ -73.852165399999933, 40.732955266000033 ], [ -73.854701400999943, 40.732837266000047 ], [ -73.856153401999961, 40.735656266000035 ], [ -73.853393400999948, 40.73694826600007 ], [ -73.845320398999945, 40.740056267000057 ] ] ] ] } },
{ "type": "Feature", "properties": { "zcta5ce10": "11377", "zip_code": "11377", "collision_count": 14012 }, "geometry": { "type": "MultiPolygon", "coordinates": [ [ [ [ -73.909814419999975, 40.75158226700006 ], [ -73.911499420999974, 40.754565268000079 ], [ -73.912612420999949, 40.755979268000033 ], [ -73.910685420999982, 40.758327269000063 ], [ -73.90890141999995, 40.758431269000027 ], [ -73.90524641899998, 40.763695270000028 ], [ -73.903480418999948, 40.764998270000035 ], [ -73.905240419999984, 40.767784271000039 ], [ -73.90445141899994, 40.767589271000077 ], [ -73.902026418999981, 40.767425271000036 ], [ -73.900660417999973, 40.767219271000045 ], [ -73.894367415999966, 40.766211271000032 ], [ -73.895033415999933, 40.764325270000029 ], [ -73.89772041699996, 40.760984270000051 ], [ -73.89652341599998, 40.754397268000048 ], [ -73.895800415999986, 40.750628268000071 ], [ -73.897285415999988, 40.750426268000069 ], [ -73.894833414999937, 40.746489267000072 ], [ -73.891458413999942, 40.746878267000056 ], [ -73.890699412999936, 40.742269266000051 ], [ -73.891747413999951, 40.742146266000077 ], [ -73.888803411999959, 40.736539265000033 ], [ -73.888567411999986, 40.73460026500004 ], [ -73.891751412999952, 40.734493265000026 ], [ -73.892132412999956, 40.733689264000077 ], [ -73.897893414999942, 40.733612264000044 ], [ -73.900712415999976, 40.73436726400007 ], [ -73.905685416999972, 40.728558263000025 ], [ -73.908474417999969, 40.729836263000038 ], [ -73.911777418999975, 40.729900263000047 ], [ -73.919038421999971, 40.731980263000025 ], [ -73.92410042399996, 40.735252264000053 ], [ -73.92584842399998, 40.735915264000027 ], [ -73.925760423999975, 40.736288264000052 ], [ -73.923973423999939, 40.735792264000054 ], [ -73.923041423999962, 40.740444265000065 ], [ -73.916861421999954, 40.742849265000075 ], [ -73.915030420999983, 40.742764265000062 ], [ -73.915567420999935, 40.744587266000053 ], [ -73.914711420999936, 40.748829267000076 ], [ -73.910160419999954, 40.748510267000029 ], [ -73.909814419999975, 40.75158226700006 ] ] ] ] } },
{ "type": "Feature", "properties": { "zcta5ce10": "11378", "zip_code": "11378", "collision_count": 8729 }, "geometry": { "type": "MultiPolygon", "coordinates": [ [ [ [ -73.923921421999978, 40.714082260000055 ], [ -73.923735421999936, 40.71625326000003 ], [ -73.923044421999975, 40.716998260000025 ], [ -73.923866422999936, 40.720064261000061 ], [ -73.927930423999953, 40.726586262000069 ], [ -73.929141424999955, 40.72777526200008 ], [ -73.935395426999946, 40.731776263000029 ], [ -73.937421427999936, 40.733770263000054 ], [ -73.934418426999969, 40.734892263000063 ], [ -73.934781426999962, 40.735562263000077 ], [ -73.931615425999951, 40.736834264000038 ], [ -73.92584842399998, 40.735915264000027 ], [ -73.92410042399996, 40.735252264000053 ], [ -73.919038421999971, 40.731980263000025 ], [ -73.911777418999975, 40.729900263000047 ], [ -73.908474417999969, 40.729836263000038 ], [ -73.905685416999972, 40.728558263000025 ], [ -73.900712415999976, 40.73436726400007 ], [ -73.897893414999942, 40.733612264000044 ], [ -73.892132412999956, 40.733689264000077 ], [ -73.891751412999952, 40.734493265000026 ], [ -73.888567411999986, 40.73460026500004 ], [ -73.888061411999956, 40.730095264000056 ], [ -73.887241410999934, 40.72784226400006 ], [ -73.887060410999936, 40.724043263000056 ], [ -73.886123410999971, 40.721807262000027 ], [ -73.902855415999966, 40.713801260000025 ], [ -73.904773415999955, 40.712874260000035 ], [ -73.923921421999978, 40.714082260000055 ] ] ] ] } },
{ "type": "Feature", "properties": { "zcta5ce10": "11379", "zip_code": "11379", "collision_count": 5792 }, "geometry": { "type": "MultiPolygon", "coordinates": [ [ [ [ -73.887241410999934, 40.72784226400006 ], [ -73.885612410999954, 40.728368264000039 ], [ -73.87958840899995, 40.728607264000061 ], [ -73.874871407999933, 40.730618264000043 ], [ -73.871430405999945, 40.729256264000071 ], [ -73.873908406999988, 40.72844226400008 ], [ -73.871816405999937, 40.726802264000071 ], [ -73.863019402999953, 40.717716262000067 ], [ -73.860039401999984, 40.714940262000027 ], [ -73.859633401999986, 40.713606262000042 ], [ -73.862080401999947, 40.712209261000055 ], [ -73.865011402999983, 40.710785261000069 ], [ -73.870641404999958, 40.709012260000065 ], [ -73.874839405999978, 40.706788260000053 ], [ -73.885533409999937, 40.706454259000054 ], [ -73.890202410999962, 40.708255260000044 ], [ -73.902855415999966, 40.713801260000025 ], [ -73.886123410999971, 40.721807262000027 ], [ -73.887060410999936, 40.724043263000056 ], [ -73.887241410999934, 40.72784226400006 ] ] ] ] } },
{ "type": "Feature", "properties": { "zcta5ce10": "11385", "zip_code": "11385", "collision_count": 19210 }, "geometry": { "type": "MultiPolygon", "coordinates": [ [ [ [ -73.923921421999978, 40.714082260000055 ], [ -73.904773415999955, 40.712874260000035 ], [ -73.902855415999966, 40.713801260000025 ], [ -73.890202410999962, 40.708255260000044 ], [ -73.885533409999937, 40.706454259000054 ], [ -73.874839405999978, 40.706788260000053 ], [ -73.870641404999958, 40.709012260000065 ], [ -73.865011402999983, 40.710785261000069 ], [ -73.862080401999947, 40.712209261000055 ], [ -73.857299400999977, 40.711473261000037 ], [ -73.856678399999964, 40.70770026100007 ], [ -73.854748399999949, 40.70683826100003 ], [ -73.854735399999981, 40.705253260000063 ], [ -73.852146398999935, 40.702383260000033 ], [ -73.858704400999954, 40.701104259000033 ], [ -73.858288400999982, 40.702976260000071 ], [ -73.863255401999936, 40.70340026000008 ], [ -73.869157403999964, 40.702901259000043 ], [ -73.869315403999963, 40.699363259000052 ], [ -73.870803403999957, 40.697885258000042 ], [ -73.868918403999942, 40.695158258000049 ], [ -73.874022404999948, 40.694199257000037 ], [ -73.879457406999961, 40.691239257000063 ], [ -73.883778407999955, 40.687871256000051 ], [ -73.887626408999949, 40.686010255000042 ], [ -73.889576408999972, 40.684188255000038 ], [ -73.892524409999965, 40.683432255000071 ], [ -73.89403441099995, 40.685147255000061 ], [ -73.896498411999971, 40.682455254000047 ], [ -73.900989412999934, 40.68762425500006 ], [ -73.900329412999952, 40.687873255000056 ], [ -73.902129413999944, 40.691851256000064 ], [ -73.90585241499997, 40.694077256000071 ], [ -73.904426414999989, 40.695679257000052 ], [ -73.91165641799995, 40.699913257000048 ], [ -73.910579416999951, 40.701006257000074 ], [ -73.912726417999977, 40.702371258000028 ], [ -73.912059417999956, 40.703454258000079 ], [ -73.921474420999971, 40.709012259000076 ], [ -73.920727420999981, 40.710469259000035 ], [ -73.922117421999985, 40.71293625900006 ], [ -73.923921421999978, 40.714082260000055 ] ] ] ] } },
{ "type": "Feature", "properties": { "zcta5ce10": "11411", "zip_code": "11411", "collision_count": 4785 }, "geometry": { "type": "MultiPolygon", "coordinates": [ [ [ [ -73.748124364999967, 40.69013926100007 ], [ -73.745284363999986, 40.694123262000062 ], [ -73.748644364999961, 40.701595263000058 ], [ -73.743308363999972, 40.702968264000049 ], [ -73.743092363999949, 40.702405264000049 ], [ -73.738234361999957, 40.701893264000034 ], [ -73.738197361999937, 40.702603264000061 ], [ -73.732355359999985, 40.70242726400005 ], [ -73.732393359999946, 40.701713264000034 ], [ -73.727708358999962, 40.701573264000046 ], [ -73.727517357999943, 40.69720426300006 ], [ -73.726462357999935, 40.696677263000026 ], [ -73.725949356999934, 40.68624426100007 ], [ -73.725862356999983, 40.683231260000071 ], [ -73.732221358999936, 40.685129261000043 ], [ -73.737586360999956, 40.686416261000034 ], [ -73.747135363999973, 40.689361261000045 ], [ -73.748124364999967, 40.69013926100007 ] ] ] ] } },
{ "type": "Feature", "properties": { "zcta5ce10": "11412", "zip_code": "11412", "collision_count": 7316 }, "geometry": { "type": "MultiPolygon", "coordinates": [ [ [ [ -73.753357366999978, 40.710109265000028 ], [ -73.752123366999967, 40.707120264000025 ], [ -73.751213366999934, 40.707315264000044 ], [ -73.748644364999961, 40.701595263000058 ], [ -73.745284363999986, 40.694123262000062 ], [ -73.748124364999967, 40.69013926100007 ], [ -73.750377364999963, 40.68883326100007 ], [ -73.762009368999941, 40.684559259000025 ], [ -73.766201369999976, 40.692191261000062 ], [ -73.765215369999964, 40.692797261000067 ], [ -73.769295371999988, 40.696658261000039 ], [ -73.769896371999948, 40.696367261000034 ], [ -73.772122372999945, 40.698707262000028 ], [ -73.775270373999945, 40.704127263000032 ], [ -73.775466373999961, 40.705327263000072 ], [ -73.773836373999984, 40.705248263000044 ], [ -73.767345371999966, 40.706644264000033 ], [ -73.753357366999978, 40.710109265000028 ] ] ] ] } },
{ "type": "Feature", "properties": { "zcta5ce10": "11413", "zip_code": "11413", "collision_count": 10639 }, "geometry": { "type": "MultiPolygon", "coordinates": [ [ [ [ -73.753215363999971, 40.648286253000038 ], [ -73.767354368999975, 40.656168254000079 ], [ -73.76582536799998, 40.656312254000056 ], [ -73.766124367999964, 40.65856225400006 ], [ -73.76767136899997, 40.658426254000062 ], [ -73.767965368999967, 40.660356254000078 ], [ -73.766160368999977, 40.66009325400006 ], [ -73.763533367999969, 40.666295256000069 ], [ -73.762616367999954, 40.670811257000025 ], [ -73.764048368999966, 40.672855257000037 ], [ -73.762487367999938, 40.674203257000045 ], [ -73.757971366999982, 40.676105258000064 ], [ -73.759826367999949, 40.678978258000029 ], [ -73.758048366999958, 40.679229258000078 ], [ -73.762009368999941, 40.684559259000025 ], [ -73.750377364999963, 40.68883326100007 ], [ -73.748124364999967, 40.69013926100007 ], [ -73.747135363999973, 40.689361261000045 ], [ -73.737586360999956, 40.686416261000034 ], [ -73.732221358999936, 40.685129261000043 ], [ -73.734003358999985, 40.680434260000027 ], [ -73.737942359999977, 40.673253258000045 ], [ -73.738788360999934, 40.673561258000063 ], [ -73.74195236099996, 40.668503257000054 ], [ -73.741936360999944, 40.666853257000071 ], [ -73.738581359999955, 40.666384257000061 ], [ -73.742444360999968, 40.660877255000059 ], [ -73.74495736199998, 40.658178255000053 ], [ -73.747042361999945, 40.657520255000065 ], [ -73.74907336299998, 40.655149254000037 ], [ -73.749277362999976, 40.652563254000029 ], [ -73.746161361999953, 40.650772253000071 ], [ -73.746561360999976, 40.644828252000025 ], [ -73.753215363999971, 40.648286253000038 ] ] ] ] } },
{ "type": "Feature", "properties": { "zcta5ce10": "11414", "zip_code": "11414", "collision_count": 4528 }, "geometry": { "type": "MultiPolygon", "coordinates": [ [ [ [ -73.861319399999957, 40.675029254000037 ], [ -73.856488397999954, 40.673385254000038 ], [ -73.841766392999943, 40.668983254000068 ], [ -73.832907389999946, 40.666659253000034 ], [ -73.832645389999982, 40.665192253000043 ], [ -73.828494387999967, 40.657261252000069 ], [ -73.826411386999951, 40.648269250000055 ], [ -73.828846387999988, 40.649465250000048 ], [ -73.830964388999973, 40.648244250000062 ], [ -73.835404389999951, 40.648340250000047 ], [ -73.836540390999971, 40.652706251000041 ], [ -73.837631390999945, 40.652516250000076 ], [ -73.835924389999946, 40.645508249000045 ], [ -73.84950839399994, 40.644142248000037 ], [ -73.851834394999969, 40.645868249000046 ], [ -73.851904394999963, 40.647623249000048 ], [ -73.849201394999966, 40.651028250000024 ], [ -73.852345395999976, 40.650427250000064 ], [ -73.854778395999972, 40.651053250000075 ], [ -73.856653396999945, 40.650137249000068 ], [ -73.86317239899995, 40.658285251000052 ], [ -73.857483397999943, 40.65998525100008 ], [ -73.858360397999945, 40.663245252000024 ], [ -73.855661396999949, 40.663810252000076 ], [ -73.857634398999949, 40.671664254000063 ], [ -73.860390398999982, 40.671277253000028 ], [ -73.861319399999957, 40.675029254000037 ] ] ] ] } },
{ "type": "Feature", "properties": { "zcta5ce10": "11001", "zip_code": "11001", "collision_count": 658 }, "geometry": { "type": "MultiPolygon", "coordinates": [ [ [ [ -73.700984351999978, 40.73890427200007 ], [ -73.698370350999937, 40.737220272000059 ], [ -73.697333350999941, 40.73509927200007 ], [ -73.693989349999981, 40.730787271000054 ], [ -73.694819349999989, 40.730461271000024 ], [ -73.693360348999988, 40.725294270000063 ], [ -73.69235434899997, 40.723737269000026 ], [ -73.687897346999989, 40.72332627000003 ], [ -73.689091346999987, 40.717998268000031 ], [ -73.684780345999968, 40.714716268000075 ], [ -73.686016345999974, 40.71194226700004 ], [ -73.687911346999954, 40.711638267000069 ], [ -73.696276348999959, 40.713410267000029 ], [ -73.701305350999974, 40.710934267000027 ], [ -73.708237352999959, 40.713573267000072 ], [ -73.707428352999955, 40.715948267000044 ], [ -73.710257353999964, 40.716866268000047 ], [ -73.710532353999952, 40.717858268000043 ], [ -73.713819354999941, 40.717855268000051 ], [ -73.714227354999935, 40.716319267000074 ], [ -73.719771356999956, 40.716316267000025 ], [ -73.719894356999987, 40.718075267000074 ], [ -73.721747357999959, 40.719117268000048 ], [ -73.722395357999972, 40.720878268000035 ], [ -73.729177359999937, 40.719175267000026 ], [ -73.729662359999963, 40.720491268000046 ], [ -73.729634360999967, 40.722461268000075 ], [ -73.726022358999955, 40.723879268000076 ], [ -73.71668535699996, 40.726383269000053 ], [ -73.710471354999981, 40.727181270000074 ], [ -73.710608354999977, 40.729461270000058 ], [ -73.713711355999976, 40.736183271000073 ], [ -73.700984351999978, 40.73890427200007 ] ] ] ] } },
{ "type": "Feature", "properties": { "zcta5ce10": "11004", "zip_code": "11004", "collision_count": 3377 }, "geometry": { "type": "MultiPolygon", "coordinates": [ [ [ [ -73.713711355999976, 40.736183271000073 ], [ -73.714771356999961, 40.737908271000038 ], [ -73.721094359999938, 40.752047274000063 ], [ -73.722918359999937, 40.754106274000037 ], [ -73.721179359999951, 40.756879275000074 ], [ -73.717754358999969, 40.755356275000054 ], [ -73.714353357999983, 40.755247275000045 ], [ -73.713077356999975, 40.751734274000057 ], [ -73.707826355999941, 40.756224275000079 ], [ -73.705421354999942, 40.754614275000051 ], [ -73.710099355999944, 40.750599274000081 ], [ -73.707907354999975, 40.749333274000037 ], [ -73.704629353999962, 40.751081274000057 ], [ -73.702885352999942, 40.746638274000077 ], [ -73.70378935399998, 40.746444274000055 ], [ -73.70245835299994, 40.742779273000053 ], [ -73.700994352999942, 40.743095273000051 ], [ -73.700984351999978, 40.73890427200007 ], [ -73.713711355999976, 40.736183271000073 ] ] ] ] } },
{ "type": "Feature", "properties": { "zcta5ce10": "11005", "zip_code": "11005", "collision_count": 124 }, "geometry": { "type": "MultiPolygon", "coordinates": [ [ [ [ -73.721179359999951, 40.756879275000074 ], [ -73.718638358999954, 40.758758275000048 ], [ -73.713499357999979, 40.759840276000034 ], [ -73.712762356999974, 40.759423276000064 ], [ -73.707826355999941, 40.756224275000079 ], [ -73.713077356999975, 40.751734274000057 ], [ -73.714353357999983, 40.755247275000045 ], [ -73.717754358999969, 40.755356275000054 ], [ -73.721179359999951, 40.756879275000074 ] ] ] ] } },
{ "type": "Feature", "properties": { "zcta5ce10": "11040", "zip_code": "11040", "collision_count": 533 }, "geometry": { "type": "MultiPolygon", "coordinates": [ [ [ [ -73.650998335999986, 40.736856273000058 ], [ -73.658671338999966, 40.736121273000037 ], [ -73.679834344999961, 40.731017271000042 ], [ -73.679410344999951, 40.727649271000075 ], [ -73.680852344999948, 40.727202271000067 ], [ -73.682068344999948, 40.725112270000068 ], [ -73.68737634699994, 40.72535527000008 ], [ -73.687897346999989, 40.72332627000003 ], [ -73.69235434899997, 40.723737269000026 ], [ -73.693360348999988, 40.725294270000063 ], [ -73.694819349999989, 40.730461271000024 ], [ -73.693989349999981, 40.730787271000054 ], [ -73.697333350999941, 40.73509927200007 ], [ -73.698370350999937, 40.737220272000059 ], [ -73.700984351999978, 40.73890427200007 ], [ -73.700994352999942, 40.743095273000051 ], [ -73.70245835299994, 40.742779273000053 ], [ -73.70378935399998, 40.746444274000055 ], [ -73.702885352999942, 40.746638274000077 ], [ -73.704629353999962, 40.751081274000057 ], [ -73.707907354999975, 40.749333274000037 ], [ -73.710099355999944, 40.750599274000081 ], [ -73.705421354999942, 40.754614275000051 ], [ -73.701745352999978, 40.752538275000063 ], [ -73.698688351999976, 40.753456275000076 ], [ -73.687777348999987, 40.754794276000041 ], [ -73.690673350999987, 40.767283278000036 ], [ -73.691639350999935, 40.768576278000069 ], [ -73.688003349999974, 40.770684279000079 ], [ -73.686553348999951, 40.766597278000063 ], [ -73.686997348999967, 40.763446277000071 ], [ -73.683963347999963, 40.762815277000072 ], [ -73.682266347999985, 40.763314278000053 ], [ -73.672650344999965, 40.76261727800005 ], [ -73.669743343999983, 40.763148278000074 ], [ -73.666288342999962, 40.760401278000074 ], [ -73.663540341999976, 40.75994227800004 ], [ -73.660394340999972, 40.760619278000036 ], [ -73.658428339999944, 40.755192277000049 ], [ -73.657633338999972, 40.751761276000025 ], [ -73.657883338999966, 40.746143275000065 ], [ -73.657491338999989, 40.74429527500007 ], [ -73.650998335999986, 40.736856273000058 ] ] ] ] } },
{ "type": "Feature", "properties": { "zcta5ce10": "11101", "zip_code": "11101", "collision_count": 20499 }, "geometry": { "type": "MultiPolygon", "coordinates": [ [ [ [ -73.945112431999974, 40.763094268000032 ], [ -73.942473430999939, 40.76200226800006 ], [ -73.943305430999942, 40.76066626800008 ], [ -73.93701042899994, 40.758244268000055 ], [ -73.926493424999933, 40.752433267000072 ], [ -73.922461423999948, 40.757435268000052 ], [ -73.916074421999951, 40.754437268000061 ], [ -73.912571420999939, 40.753312268000059 ], [ -73.911499420999974, 40.754565268000079 ], [ -73.909814419999975, 40.75158226700006 ], [ -73.920274422999967, 40.749516267000047 ], [ -73.920799422999949, 40.746899266000071 ], [ -73.925468424999963, 40.747440266000069 ], [ -73.927643424999985, 40.736565264000035 ], [ -73.925760423999975, 40.736288264000052 ], [ -73.92584842399998, 40.735915264000027 ], [ -73.931615425999951, 40.736834264000038 ], [ -73.934781426999962, 40.735562263000077 ], [ -73.934418426999969, 40.734892263000063 ], [ -73.937421427999936, 40.733770263000054 ], [ -73.935395426999946, 40.731776263000029 ], [ -73.929141424999955, 40.72777526200008 ], [ -73.93734042799997, 40.729928262000044 ], [ -73.939856427999985, 40.731855262000067 ], [ -73.942362429999946, 40.735572263000051 ], [ -73.947065430999942, 40.737524263000068 ], [ -73.952628432999973, 40.739263263000055 ], [ -73.954733433999934, 40.739300263000075 ], [ -73.961189435999984, 40.737099263000061 ], [ -73.962796435999962, 40.737682263000067 ], [ -73.961545435999938, 40.743089264000048 ], [ -73.959979435999969, 40.742546264000055 ], [ -73.958468434999986, 40.74421426400005 ], [ -73.956209433999959, 40.74388026400004 ], [ -73.954877433999968, 40.747978265000029 ], [ -73.956851434999976, 40.748233265000067 ], [ -73.954921433999971, 40.751517266000064 ], [ -73.95101243299996, 40.755732267000042 ], [ -73.945112431999974, 40.763094268000032 ] ] ] ] } },
{ "type": "Feature", "properties": { "zcta5ce10": "11102", "zip_code": "11102", "collision_count": 4492 }, "geometry": { "type": "MultiPolygon", "coordinates": [ [ [ [ -73.935191428999985, 40.771753270000033 ], [ -73.938077429999964, 40.772559270000045 ], [ -73.938400430999934, 40.774614271000075 ], [ -73.935740429999953, 40.777165271000058 ], [ -73.931858428999988, 40.77827127200004 ], [ -73.93182442899996, 40.777057272000036 ], [ -73.927971426999989, 40.776770272000078 ], [ -73.92042642499996, 40.782882273000041 ], [ -73.917967423999983, 40.781264273000033 ], [ -73.922003425999947, 40.777963272000079 ], [ -73.921523424999975, 40.776621272000057 ], [ -73.914311422999958, 40.771531271000072 ], [ -73.91849442399996, 40.76774327000004 ], [ -73.921881424999981, 40.76358226900004 ], [ -73.935228428999949, 40.769534270000065 ], [ -73.935191428999985, 40.771753270000033 ] ] ] ] } },
{ "type": "Feature", "properties": { "zcta5ce10": "11103", "zip_code": "11103", "collision_count": 5775 }, "geometry": { "type": "MultiPolygon", "coordinates": [ [ [ [ -73.922461423999948, 40.757435268000052 ], [ -73.921130423999955, 40.759982269000034 ], [ -73.918967423999959, 40.762212269000031 ], [ -73.921881424999981, 40.76358226900004 ], [ -73.91849442399996, 40.76774327000004 ], [ -73.914311422999958, 40.771531271000072 ], [ -73.910930420999989, 40.768856271000061 ], [ -73.905240419999984, 40.767784271000039 ], [ -73.903480418999948, 40.764998270000035 ], [ -73.90524641899998, 40.763695270000028 ], [ -73.90890141999995, 40.758431269000027 ], [ -73.910685420999982, 40.758327269000063 ], [ -73.912612420999949, 40.755979268000033 ], [ -73.911499420999974, 40.754565268000079 ], [ -73.912571420999939, 40.753312268000059 ], [ -73.916074421999951, 40.754437268000061 ], [ -73.922461423999948, 40.757435268000052 ] ] ] ] } },
{ "type": "Feature", "properties": { "zcta5ce10": "11104", "zip_code": "11104", "collision_count": 3427 }, "geometry": { "type": "MultiPolygon", "coordinates": [ [ [ [ -73.925760423999975, 40.736288264000052 ], [ -73.927643424999985, 40.736565264000035 ], [ -73.925468424999963, 40.747440266000069 ], [ -73.920799422999949, 40.746899266000071 ], [ -73.920274422999967, 40.749516267000047 ], [ -73.909814419999975, 40.75158226700006 ], [ -73.910160419999954, 40.748510267000029 ], [ -73.914711420999936, 40.748829267000076 ], [ -73.915567420999935, 40.744587266000053 ], [ -73.915030420999983, 40.742764265000062 ], [ -73.916861421999954, 40.742849265000075 ], [ -73.923041423999962, 40.740444265000065 ], [ -73.923973423999939, 40.735792264000054 ], [ -73.925760423999975, 40.736288264000052 ] ] ] ] } },
{ "type": "Feature", "properties": { "zcta5ce10": "11105", "zip_code": "11105", "collision_count": 4177 }, "geometry": { "type": "MultiPolygon", "coordinates": [ [ [ [ -73.90445141899994, 40.767589271000077 ], [ -73.905240419999984, 40.767784271000039 ], [ -73.910930420999989, 40.768856271000061 ], [ -73.914311422999958, 40.771531271000072 ], [ -73.921523424999975, 40.776621272000057 ], [ -73.922003425999947, 40.777963272000079 ], [ -73.917967423999983, 40.781264273000033 ], [ -73.92042642499996, 40.782882273000041 ], [ -73.918173424999964, 40.78460027400007 ], [ -73.915359423999973, 40.788104274000034 ], [ -73.910552422999956, 40.790996275000055 ], [ -73.906079420999959, 40.790130275000081 ], [ -73.904423419999944, 40.787520275000077 ], [ -73.902400419999935, 40.789560275000042 ], [ -73.895547417999978, 40.785206274000075 ], [ -73.896939417999988, 40.783021274000077 ], [ -73.891998415999979, 40.778921273000037 ], [ -73.892349415999945, 40.775855273000047 ], [ -73.893704415999935, 40.774234272000058 ], [ -73.900333417999946, 40.768816271000048 ], [ -73.900660417999973, 40.767219271000045 ], [ -73.902026418999981, 40.767425271000036 ], [ -73.90445141899994, 40.767589271000077 ] ] ] ] } },
{ "type": "Feature", "properties": { "zcta5ce10": "11106", "zip_code": "11106", "collision_count": 6217 }, "geometry": { "type": "MultiPolygon", "coordinates": [ [ [ [ -73.945112431999974, 40.763094268000032 ], [ -73.940845430999957, 40.767407269000046 ], [ -73.936537429999987, 40.769843270000081 ], [ -73.935191428999985, 40.771753270000033 ], [ -73.935228428999949, 40.769534270000065 ], [ -73.921881424999981, 40.76358226900004 ], [ -73.918967423999959, 40.762212269000031 ], [ -73.921130423999955, 40.759982269000034 ], [ -73.922461423999948, 40.757435268000052 ], [ -73.926493424999933, 40.752433267000072 ], [ -73.93701042899994, 40.758244268000055 ], [ -73.943305430999942, 40.76066626800008 ], [ -73.942473430999939, 40.76200226800006 ], [ -73.945112431999974, 40.763094268000032 ] ] ] ] } },
{ "type": "Feature", "properties": { "zcta5ce10": "11201", "zip_code": "11201", "collision_count": 18557 }, "geometry": { "type": "MultiPolygon", "coordinates": [ [ [ [ -73.997931444999949, 40.699589254000045 ], [ -73.99764244499994, 40.700164254000072 ], [ -73.995658444999947, 40.702859255000078 ], [ -73.993656443999953, 40.704710255000066 ], [ -73.99074944299997, 40.705166255000051 ], [ -73.987547441999936, 40.704755255000066 ], [ -73.98049543999997, 40.705280256000037 ], [ -73.979234439999971, 40.705777256000033 ], [ -73.98022543999997, 40.703071255000054 ], [ -73.980545438999968, 40.698254254000062 ], [ -73.980140438999968, 40.694691254000077 ], [ -73.979169438999975, 40.693497254000079 ], [ -73.973856436999938, 40.693295254000077 ], [ -73.97312743699996, 40.689630253000075 ], [ -73.980430438999974, 40.689909253000053 ], [ -73.983573439999986, 40.688794252000037 ], [ -73.984401439999942, 40.687572252000052 ], [ -73.986569440999972, 40.688416252000025 ], [ -73.989993441999957, 40.683327251000037 ], [ -73.994409442999938, 40.685461251000049 ], [ -74.001390445999959, 40.687759252000035 ], [ -74.002365445999942, 40.685745251000071 ], [ -74.004854445999968, 40.685676251000075 ], [ -74.008118447999948, 40.686623251000071 ], [ -74.006953446999944, 40.687214251000057 ], [ -74.005807446999938, 40.68778625200008 ], [ -74.004869446999976, 40.688502252000035 ], [ -74.003922445999933, 40.689084252000043 ], [ -74.003321445999973, 40.68979425200007 ], [ -74.002929445999939, 40.690393252000035 ], [ -74.002634445999945, 40.691076252000073 ], [ -74.002326445999984, 40.691596252000068 ], [ -74.001882445999968, 40.692484253000032 ], [ -74.001426445999982, 40.693225253000037 ], [ -74.000626445999956, 40.693999253000072 ], [ -74.000425445999952, 40.695003253000039 ], [ -73.999912445999939, 40.696106253000039 ], [ -73.999644444999944, 40.696505253000055 ], [ -73.999188444999959, 40.697286254000062 ], [ -73.998790444999941, 40.69815725400008 ], [ -73.998410444999934, 40.698842254000056 ], [ -73.997931444999949, 40.699589254000045 ] ] ] ] } },
{ "type": "Feature", "properties": { "zcta5ce10": "11203", "zip_code": "11203", "collision_count": 20139 }, "geometry": { "type": "MultiPolygon", "coordinates": [ [ [ [ -73.922208416999979, 40.64107324500003 ], [ -73.926083417999962, 40.63817124500008 ], [ -73.934306420999974, 40.633894243000043 ], [ -73.935608420999984, 40.637046244000032 ], [ -73.937513421999938, 40.636929244000044 ], [ -73.937763421999989, 40.639267244000052 ], [ -73.942504423999935, 40.638973244000056 ], [ -73.942652423999959, 40.640352244000042 ], [ -73.946510424999985, 40.640112244000079 ], [ -73.946074424999949, 40.64532024500005 ], [ -73.94706042599995, 40.645258245000036 ], [ -73.947468425999944, 40.649047246000066 ], [ -73.946480425999937, 40.649108246000026 ], [ -73.947265425999944, 40.656445247000079 ], [ -73.947677426999974, 40.660305248000043 ], [ -73.942612424999936, 40.660618248000048 ], [ -73.942830424999954, 40.662855249000074 ], [ -73.940030423999985, 40.663029249000033 ], [ -73.931608421999954, 40.663565249000044 ], [ -73.931078420999938, 40.66279724900005 ], [ -73.921777417999976, 40.654432248000035 ], [ -73.920582416999935, 40.650715247000051 ], [ -73.920167416999959, 40.646817246000069 ], [ -73.921742416999962, 40.643390246000081 ], [ -73.920675416999984, 40.642680246000054 ], [ -73.922208416999979, 40.64107324500003 ] ] ] ] } },
{ "type": "Feature", "properties": { "zcta5ce10": "11204", "zip_code": "11204", "collision_count": 11167 }, "geometry": { "type": "MultiPolygon", "coordinates": [ [ [ [ -73.981433435999975, 40.634963242000026 ], [ -73.978974434999941, 40.633484242000065 ], [ -73.980143434999945, 40.632362242000056 ], [ -73.977250433999984, 40.630715241000075 ], [ -73.979618434999963, 40.629310241000042 ], [ -73.976579433999973, 40.627582241000027 ], [ -73.972995431999948, 40.608822237000027 ], [ -73.987256435999939, 40.607253236000076 ], [ -73.98797643599994, 40.608083236000027 ], [ -73.994598438999958, 40.611579237000058 ], [ -73.993969438999954, 40.612181237000073 ], [ -74.000825440999961, 40.616322238000066 ], [ -73.997286439999982, 40.61972023800007 ], [ -73.981433435999975, 40.634963242000026 ] ] ] ] } },
{ "type": "Feature", "properties": { "zcta5ce10": "11205", "zip_code": "11205", "collision_count": 9067 }, "geometry": { "type": "MultiPolygon", "coordinates": [ [ [ [ -73.979234439999971, 40.705777256000033 ], [ -73.975881437999988, 40.70193525500008 ], [ -73.976640437999947, 40.700849255000037 ], [ -73.973310436999952, 40.697951255000078 ], [ -73.965775434999955, 40.697644255000057 ], [ -73.957021431999976, 40.698982255000033 ], [ -73.953371430999937, 40.699413256000071 ], [ -73.951811429999964, 40.691607254000075 ], [ -73.951574429999937, 40.689499254000054 ], [ -73.957133430999988, 40.688471253000046 ], [ -73.960007431999941, 40.68888925300007 ], [ -73.960294432999945, 40.690354254000056 ], [ -73.965189433999967, 40.689790253000069 ], [ -73.964811433999955, 40.68833425300005 ], [ -73.972688435999942, 40.687423253000077 ], [ -73.97312743699996, 40.689630253000075 ], [ -73.973856436999938, 40.693295254000077 ], [ -73.979169438999975, 40.693497254000079 ], [ -73.980140438999968, 40.694691254000077 ], [ -73.980545438999968, 40.698254254000062 ], [ -73.98022543999997, 40.703071255000054 ], [ -73.979234439999971, 40.705777256000033 ] ] ] ] } },
{ "type": "Feature", "properties": { "zcta5ce10": "11206", "zip_code": "11206", "collision_count": 15853 }, "geometry": { "type": "MultiPolygon", "coordinates": [ [ [ [ -73.934803425999974, 40.713381259000073 ], [ -73.932298424999942, 40.707757258000072 ], [ -73.931156423999937, 40.70378125700006 ], [ -73.927589422999972, 40.701770257000078 ], [ -73.929036422999957, 40.700298257000043 ], [ -73.927798422999956, 40.69959325700006 ], [ -73.933247423999944, 40.697863256000062 ], [ -73.93479842499994, 40.696745256000042 ], [ -73.934135423999976, 40.693363255000065 ], [ -73.940119425999967, 40.693424255000025 ], [ -73.93997242599994, 40.692691255000057 ], [ -73.945643427999983, 40.69204125400006 ], [ -73.951811429999964, 40.691607254000075 ], [ -73.953371430999937, 40.699413256000071 ], [ -73.957021431999976, 40.698982255000033 ], [ -73.957458431999953, 40.700830256000074 ], [ -73.953813430999958, 40.70318925600003 ], [ -73.952533430999949, 40.704991257000074 ], [ -73.950238429999956, 40.705481257000031 ], [ -73.951117430999943, 40.710965258000044 ], [ -73.943912428999965, 40.711649258000079 ], [ -73.943789427999945, 40.710909258000072 ], [ -73.940315426999973, 40.710530258000063 ], [ -73.93768242699997, 40.711190258000045 ], [ -73.938321426999948, 40.712532259000056 ], [ -73.934803425999974, 40.713381259000073 ] ] ] ] } },
{ "type": "Feature", "properties": { "zcta5ce10": "11207", "zip_code": "11207", "collision_count": 30538 }, "geometry": { "type": "MultiPolygon", "coordinates": [ [ [ [ -73.899042410999982, 40.657380249000028 ], [ -73.899653410999974, 40.660743250000053 ], [ -73.900662411999974, 40.660595250000028 ], [ -73.901452411999969, 40.66366725000006 ], [ -73.900418411999965, 40.66381425000003 ], [ -73.903476412999964, 40.675515253000071 ], [ -73.903467413999977, 40.678905253000039 ], [ -73.916047417999948, 40.686080254000046 ], [ -73.90885441599994, 40.693413256000042 ], [ -73.903598413999987, 40.690417256000046 ], [ -73.902129413999944, 40.691851256000064 ], [ -73.900329412999952, 40.687873255000056 ], [ -73.900989412999934, 40.68762425500006 ], [ -73.896498411999971, 40.682455254000047 ], [ -73.89403441099995, 40.685147255000061 ], [ -73.892524409999965, 40.683432255000071 ], [ -73.889576408999972, 40.684188255000038 ], [ -73.888192408999942, 40.682564255000045 ], [ -73.886506407999946, 40.683357255000033 ], [ -73.882508405999943, 40.66647725200005 ], [ -73.877734403999966, 40.660060251000061 ], [ -73.876108403999979, 40.657133250000072 ], [ -73.879734404999965, 40.655571250000037 ], [ -73.876198402999989, 40.650705249000055 ], [ -73.878437403999953, 40.649335248000057 ], [ -73.882214404999957, 40.654506249000065 ], [ -73.889995407999947, 40.651146248000032 ], [ -73.891367407999951, 40.65237324900005 ], [ -73.893389408999951, 40.650943248000033 ], [ -73.895567409999956, 40.653085249000071 ], [ -73.898004409999942, 40.653809249000062 ], [ -73.899042410999982, 40.657380249000028 ] ] ] ] } },
{ "type": "Feature", "properties": { "zcta5ce10": "11208", "zip_code": "11208", "collision_count": 19061 }, "geometry": { "type": "MultiPolygon", "coordinates": [ [ [ [ -73.889576408999972, 40.684188255000038 ], [ -73.887626408999949, 40.686010255000042 ], [ -73.883778407999955, 40.687871256000051 ], [ -73.879457406999961, 40.691239257000063 ], [ -73.874022404999948, 40.694199257000037 ], [ -73.868918403999942, 40.695158258000049 ], [ -73.866296401999989, 40.683197255000039 ], [ -73.864102400999968, 40.682381255000053 ], [ -73.863283400999933, 40.679081255000028 ], [ -73.862347399999976, 40.67917325500008 ], [ -73.861319399999957, 40.675029254000037 ], [ -73.860390398999982, 40.671277253000028 ], [ -73.857634398999949, 40.671664254000063 ], [ -73.855661396999949, 40.663810252000076 ], [ -73.858360397999945, 40.663245252000024 ], [ -73.857483397999943, 40.65998525100008 ], [ -73.86317239899995, 40.658285251000052 ], [ -73.856653396999945, 40.650137249000068 ], [ -73.85776939699997, 40.649388249000026 ], [ -73.858319396999946, 40.645196248000047 ], [ -73.863578398999948, 40.644256248000033 ], [ -73.865378398999951, 40.645081248000054 ], [ -73.869682400999977, 40.644601248000072 ], [ -73.872427401999971, 40.645360248000031 ], [ -73.875053402999981, 40.645178248000036 ], [ -73.878437403999953, 40.649335248000057 ], [ -73.876198402999989, 40.650705249000055 ], [ -73.879734404999965, 40.655571250000037 ], [ -73.876108403999979, 40.657133250000072 ], [ -73.877734403999966, 40.660060251000061 ], [ -73.882508405999943, 40.66647725200005 ], [ -73.886506407999946, 40.683357255000033 ], [ -73.888192408999942, 40.682564255000045 ], [ -73.889576408999972, 40.684188255000038 ] ], [ [ -73.875748402999989, 40.651952249000033 ], [ -73.874854402999972, 40.650039249000031 ], [ -73.871665401999962, 40.649488249000058 ], [ -73.866690399999982, 40.652934250000044 ], [ -73.867902400999981, 40.656692250000049 ], [ -73.875748402999989, 40.651952249000033 ] ] ] ] } },
{ "type": "Feature", "properties": { "zcta5ce10": "11209", "zip_code": "11209", "collision_count": 9037 }, "geometry": { "type": "MultiPolygon", "coordinates": [ [ [ [ -74.016049446999943, 40.631041240000059 ], [ -74.019706446999976, 40.622193238000079 ], [ -74.020088447999967, 40.622429238000052 ], [ -74.02573044899998, 40.616057237000064 ], [ -74.022790447999967, 40.614604237000037 ], [ -74.024695447999989, 40.609968236000043 ], [ -74.026455448999968, 40.608008235000057 ], [ -74.02360344799996, 40.605621235000058 ], [ -74.021503446999986, 40.607836235000036 ], [ -74.018224445999977, 40.606895235000025 ], [ -74.015500444999986, 40.606850235000024 ], [ -74.019451445999948, 40.602836234000051 ], [ -74.020082445999947, 40.603237234000062 ], [ -74.029310448999979, 40.604607234000071 ], [ -74.033942450999973, 40.607036235000066 ], [ -74.038033452999969, 40.610986235000041 ], [ -74.040673453999943, 40.615209236000055 ], [ -74.042255454999975, 40.621176237000043 ], [ -74.042493454999942, 40.624675238000066 ], [ -74.041523454999947, 40.629691239000067 ], [ -74.038654453999982, 40.635643240000036 ], [ -74.036072453999964, 40.63731424100007 ], [ -74.035959453999965, 40.638829241000053 ], [ -74.026040449999982, 40.635749241000042 ], [ -74.016049446999943, 40.631041240000059 ] ] ] ] } },
{ "type": "Feature", "properties": { "zcta5ce10": "11210", "zip_code": "11210", "collision_count": 12524 }, "geometry": { "type": "MultiPolygon", "coordinates": [ [ [ [ -73.944828422999933, 40.616054240000039 ], [ -73.946575423999946, 40.61479723900004 ], [ -73.950266424999938, 40.613932239000064 ], [ -73.950707424999962, 40.611258238000062 ], [ -73.952578424999956, 40.611045238000031 ], [ -73.954191425999966, 40.616220239000029 ], [ -73.953554425999982, 40.616289239000025 ], [ -73.957169427999986, 40.635413243000073 ], [ -73.958401428999935, 40.636335243000076 ], [ -73.953601426999967, 40.638430244000062 ], [ -73.949234425999975, 40.638556244000029 ], [ -73.949384425999938, 40.639936244000069 ], [ -73.946510424999985, 40.640112244000079 ], [ -73.942652423999959, 40.640352244000042 ], [ -73.942504423999935, 40.638973244000056 ], [ -73.937763421999989, 40.639267244000052 ], [ -73.937513421999938, 40.636929244000044 ], [ -73.935608420999984, 40.637046244000032 ], [ -73.934306420999974, 40.633894243000043 ], [ -73.93389641999994, 40.630159243000037 ], [ -73.934868420999976, 40.630099243000075 ], [ -73.933450419999986, 40.625712242000077 ], [ -73.937227420999989, 40.622966241000029 ], [ -73.940267421999977, 40.622631241000079 ], [ -73.939992421999989, 40.621172241000068 ], [ -73.942665422999937, 40.619926240000041 ], [ -73.942417421999949, 40.618601240000032 ], [ -73.944828422999933, 40.616054240000039 ] ] ] ] } },
{ "type": "Feature", "properties": { "zcta5ce10": "11211", "zip_code": "11211", "collision_count": 14883 }, "geometry": { "type": "MultiPolygon", "coordinates": [ [ [ [ -73.955680432999941, 40.723951260000035 ], [ -73.954755432999946, 40.72060926000006 ], [ -73.951647431999959, 40.723494260000052 ], [ -73.950647430999936, 40.721713260000058 ], [ -73.950066430999982, 40.718308259000025 ], [ -73.94059042799995, 40.719214260000058 ], [ -73.940381427999966, 40.718096260000038 ], [ -73.937316426999985, 40.718942260000063 ], [ -73.935590426999966, 40.722999261000041 ], [ -73.92813842399994, 40.725071262000029 ], [ -73.929141424999955, 40.72777526200008 ], [ -73.927930423999953, 40.726586262000069 ], [ -73.923866422999936, 40.720064261000061 ], [ -73.923044421999975, 40.716998260000025 ], [ -73.923735421999936, 40.71625326000003 ], [ -73.934803425999974, 40.713381259000073 ], [ -73.938321426999948, 40.712532259000056 ], [ -73.93768242699997, 40.711190258000045 ], [ -73.940315426999973, 40.710530258000063 ], [ -73.943789427999945, 40.710909258000072 ], [ -73.943912428999965, 40.711649258000079 ], [ -73.951117430999943, 40.710965258000044 ], [ -73.950238429999956, 40.705481257000031 ], [ -73.952533430999949, 40.704991257000074 ], [ -73.953813430999958, 40.70318925600003 ], [ -73.957458431999953, 40.700830256000074 ], [ -73.957021431999976, 40.698982255000033 ], [ -73.965775434999955, 40.697644255000057 ], [ -73.973310436999952, 40.697951255000078 ], [ -73.976640437999947, 40.700849255000037 ], [ -73.975881437999988, 40.70193525500008 ], [ -73.972756436999987, 40.700151255000037 ], [ -73.969827435999946, 40.700192255000047 ], [ -73.968834435999952, 40.701683256000081 ], [ -73.972393436999937, 40.70396925600005 ], [ -73.973176437999939, 40.705650256000069 ], [ -73.971124436999958, 40.705722256000058 ], [ -73.970046436999951, 40.706955257000061 ], [ -73.969051436999962, 40.712490258000059 ], [ -73.967579435999937, 40.716504258000043 ], [ -73.962646434999954, 40.722755260000042 ], [ -73.96161243499995, 40.724959260000048 ], [ -73.955680432999941, 40.723951260000035 ] ] ] ] } },
{ "type": "Feature", "properties": { "zcta5ce10": "11212", "zip_code": "11212", "collision_count": 18847 }, "geometry": { "type": "MultiPolygon", "coordinates": [ [ [ [ -73.903476412999964, 40.675515253000071 ], [ -73.900418411999965, 40.66381425000003 ], [ -73.901452411999969, 40.66366725000006 ], [ -73.900662411999974, 40.660595250000028 ], [ -73.899653410999974, 40.660743250000053 ], [ -73.899042410999982, 40.657380249000028 ], [ -73.903174411999942, 40.655309249000027 ], [ -73.910680413999955, 40.654188248000025 ], [ -73.917577416999961, 40.654322248000028 ], [ -73.91847441699997, 40.653753248000044 ], [ -73.921777417999976, 40.654432248000035 ], [ -73.931078420999938, 40.66279724900005 ], [ -73.931608421999954, 40.663565249000044 ], [ -73.924245419999977, 40.666453250000075 ], [ -73.920129417999988, 40.668249251000077 ], [ -73.919967417999942, 40.669484251000029 ], [ -73.914874416999965, 40.670541251000031 ], [ -73.903476412999964, 40.675515253000071 ] ] ] ] } },
{ "type": "Feature", "properties": { "zcta5ce10": "11213", "zip_code": "11213", "collision_count": 13403 }, "geometry": { "type": "MultiPolygon", "coordinates": [ [ [ [ -73.947732426999949, 40.669713250000029 ], [ -73.947090426999978, 40.676565251000056 ], [ -73.941536425999971, 40.676429252000048 ], [ -73.941210425999941, 40.679946252000036 ], [ -73.937399424999967, 40.67973825200005 ], [ -73.929059421999966, 40.679285253000046 ], [ -73.930458421999958, 40.675826252000036 ], [ -73.924997419999954, 40.674744252000039 ], [ -73.925540419999948, 40.668501251000066 ], [ -73.924245419999977, 40.666453250000075 ], [ -73.931608421999954, 40.663565249000044 ], [ -73.940030423999985, 40.663029249000033 ], [ -73.942697424999949, 40.664063249000037 ], [ -73.942529424999975, 40.665846249000026 ], [ -73.948068426999953, 40.666147249000062 ], [ -73.947732426999949, 40.669713250000029 ] ] ] ] } },
{ "type": "Feature", "properties": { "zcta5ce10": "11220", "zip_code": "11220", "collision_count": 15143 }, "geometry": { "type": "MultiPolygon", "coordinates": [ [ [ [ -74.024407450999945, 40.650930244000051 ], [ -74.020878448999952, 40.648751243000049 ], [ -74.019257448999952, 40.646861243000046 ], [ -74.013431446999959, 40.652461244000051 ], [ -74.01050444599997, 40.651609244000042 ], [ -74.006242444999941, 40.649030244000073 ], [ -74.006825444999947, 40.648473244000058 ], [ -74.002112442999987, 40.646107243000074 ], [ -73.997735441999964, 40.643418243000042 ], [ -74.012703445999989, 40.629032240000072 ], [ -74.012143444999936, 40.628692240000078 ], [ -74.016049446999943, 40.631041240000059 ], [ -74.026040449999982, 40.635749241000042 ], [ -74.035959453999965, 40.638829241000053 ], [ -74.036072453999964, 40.63731424100007 ], [ -74.038654453999982, 40.635643240000036 ], [ -74.035780453999962, 40.640714241000069 ], [ -74.03660645399998, 40.641366241000071 ], [ -74.033118452999986, 40.644949242000052 ], [ -74.031599452999956, 40.644210242000042 ], [ -74.030402451999976, 40.645405242000038 ], [ -74.031424452999943, 40.646709243000032 ], [ -74.029092451999986, 40.648783243000025 ], [ -74.025056450999955, 40.646999243000039 ], [ -74.024066449999964, 40.647606243000041 ], [ -74.025638450999963, 40.649761243000057 ], [ -74.024407450999945, 40.650930244000051 ] ] ] ] } },
{ "type": "Feature", "properties": { "zcta5ce10": "11221", "zip_code": "11221", "collision_count": 12572 }, "geometry": { "type": "MultiPolygon", "coordinates": [ [ [ [ -73.927589422999972, 40.701770257000078 ], [ -73.917819418999954, 40.696216256000071 ], [ -73.916369418999977, 40.697688257000038 ], [ -73.913362417999963, 40.695978256000046 ], [ -73.911807416999977, 40.697562257000072 ], [ -73.910304416999963, 40.696708257000068 ], [ -73.911861416999955, 40.695123256000045 ], [ -73.90885441599994, 40.693413256000042 ], [ -73.916047417999948, 40.686080254000046 ], [ -73.918066418999956, 40.686616254000057 ], [ -73.932236422999949, 40.684915254000032 ], [ -73.938224424999987, 40.683902253000042 ], [ -73.943963426999971, 40.683609253000043 ], [ -73.945057427999984, 40.68911025400007 ], [ -73.947894427999984, 40.688784254000041 ], [ -73.948186428999975, 40.690250254000034 ], [ -73.945350427999983, 40.690575254000066 ], [ -73.945643427999983, 40.69204125400006 ], [ -73.93997242599994, 40.692691255000057 ], [ -73.940119425999967, 40.693424255000025 ], [ -73.934135423999976, 40.693363255000065 ], [ -73.93479842499994, 40.696745256000042 ], [ -73.933247423999944, 40.697863256000062 ], [ -73.927798422999956, 40.69959325700006 ], [ -73.929036422999957, 40.700298257000043 ], [ -73.927589422999972, 40.701770257000078 ] ] ] ] } },
{ "type": "Feature", "properties": { "zcta5ce10": "11222", "zip_code": "11222", "collision_count": 10972 }, "geometry": { "type": "MultiPolygon", "coordinates": [ [ [ [ -73.955680432999941, 40.723951260000035 ], [ -73.96161243499995, 40.724959260000048 ], [ -73.961573434999934, 40.730072261000032 ], [ -73.962550435999958, 40.733550262000051 ], [ -73.962796435999962, 40.737682263000067 ], [ -73.961189435999984, 40.737099263000061 ], [ -73.954733433999934, 40.739300263000075 ], [ -73.952628432999973, 40.739263263000055 ], [ -73.947065430999942, 40.737524263000068 ], [ -73.942362429999946, 40.735572263000051 ], [ -73.939856427999985, 40.731855262000067 ], [ -73.93734042799997, 40.729928262000044 ], [ -73.929141424999955, 40.72777526200008 ], [ -73.92813842399994, 40.725071262000029 ], [ -73.935590426999966, 40.722999261000041 ], [ -73.937316426999985, 40.718942260000063 ], [ -73.940381427999966, 40.718096260000038 ], [ -73.94059042799995, 40.719214260000058 ], [ -73.950066430999982, 40.718308259000025 ], [ -73.950647430999936, 40.721713260000058 ], [ -73.951647431999959, 40.723494260000052 ], [ -73.954755432999946, 40.72060926000006 ], [ -73.955680432999941, 40.723951260000035 ] ] ] ] } },
{ "type": "Feature", "properties": { "zcta5ce10": "11223", "zip_code": "11223", "collision_count": 12619 }, "geometry": { "type": "MultiPolygon", "coordinates": [ [ [ [ -73.987256435999939, 40.607253236000076 ], [ -73.972995431999948, 40.608822237000027 ], [ -73.962381427999958, 40.60999423800007 ], [ -73.961733427999945, 40.605366237000055 ], [ -73.960733427999969, 40.605478237000057 ], [ -73.959778426999947, 40.59630723500004 ], [ -73.958999425999934, 40.591792234000025 ], [ -73.965130427999952, 40.591116234000026 ], [ -73.965642427999967, 40.588896233000071 ], [ -73.967971428999988, 40.588639233000038 ], [ -73.967570428999977, 40.586527233000027 ], [ -73.969148428999972, 40.584881233000033 ], [ -73.966615427999955, 40.584583233000046 ], [ -73.977518431999954, 40.582753232000073 ], [ -73.982813432999933, 40.583800232000044 ], [ -73.987256435999939, 40.607253236000076 ] ] ] ] } },
{ "type": "Feature", "properties": { "zcta5ce10": "11224", "zip_code": "11224", "collision_count": 6281 }, "geometry": { "type": "MultiPolygon", "coordinates": [ [ [ [ -73.988223434999952, 40.580289231000052 ], [ -73.98576243399998, 40.581449231000079 ], [ -73.982813432999933, 40.583800232000044 ], [ -73.977518431999954, 40.582753232000073 ], [ -73.966615427999955, 40.584583233000046 ], [ -73.970588428999974, 40.583226232000072 ], [ -73.971135428999958, 40.58202723200003 ], [ -73.967333427999961, 40.581539232000068 ], [ -73.969135428999948, 40.580168232000062 ], [ -73.969921428999953, 40.575591231000033 ], [ -73.967568427999936, 40.57489023100004 ], [ -73.959415424999975, 40.575166231000026 ], [ -73.959396424999966, 40.574085231000026 ], [ -73.964095426999961, 40.57378323100005 ], [ -73.972498428999984, 40.572654230000069 ], [ -73.977668430999984, 40.571408230000031 ], [ -73.989179434999983, 40.571266229000059 ], [ -73.995048435999934, 40.570478229000059 ], [ -74.000521437999964, 40.571111229000053 ], [ -74.01140744199995, 40.573985229000073 ], [ -74.012210441999969, 40.574781229000052 ], [ -74.012751442999956, 40.578565230000038 ], [ -74.01047644199997, 40.580447230000061 ], [ -74.006605440999977, 40.580889230000025 ], [ -74.00483743999996, 40.581863231000057 ], [ -74.003971439999987, 40.580857231000039 ], [ -74.000905438999951, 40.581507231000046 ], [ -73.999522437999985, 40.580719231000046 ], [ -73.990698435999946, 40.579326231000039 ], [ -73.988223434999952, 40.580289231000052 ] ] ] ] } },
{ "type": "Feature", "properties": { "zcta5ce10": "11693", "zip_code": "11693", "collision_count": 2075 }, "geometry": { "type": "MultiPolygon", "coordinates": [ [ [ [ -73.822434382999973, 40.605370242000049 ], [ -73.81947138299995, 40.609735243000046 ], [ -73.822694383999988, 40.608986242000071 ], [ -73.824242383999945, 40.610524243000043 ], [ -73.824153383999942, 40.612072243000057 ], [ -73.821659383999986, 40.614917244000026 ], [ -73.820178382999984, 40.615189244000078 ], [ -73.816462381999941, 40.613685244000067 ], [ -73.814392380999948, 40.614490244000081 ], [ -73.813926380999987, 40.612388243000055 ], [ -73.816225381999971, 40.612879243000066 ], [ -73.815405380999948, 40.610393243000033 ], [ -73.81601638099994, 40.609165243000064 ], [ -73.815106380999964, 40.606916242000068 ], [ -73.817255381999985, 40.603948242000058 ], [ -73.819282381999983, 40.597538240000063 ], [ -73.824746382999933, 40.594675240000072 ], [ -73.829007384999954, 40.595669240000063 ], [ -73.832612385999937, 40.59510123900003 ], [ -73.834578386999965, 40.596981240000048 ], [ -73.832471385999952, 40.598569240000074 ], [ -73.830714385999954, 40.59847024000004 ], [ -73.824421383999947, 40.600411241000074 ], [ -73.822885382999971, 40.602588241000035 ], [ -73.822434382999973, 40.605370242000049 ] ] ], [ [ [ -73.801474374999941, 40.585857239000063 ], [ -73.806366376999961, 40.585189238000055 ], [ -73.815507379999985, 40.58251623700005 ], [ -73.81770137999996, 40.583211238000047 ], [ -73.820093380999936, 40.58698823800006 ], [ -73.819094380999957, 40.588147238000033 ], [ -73.810316378999971, 40.592352240000025 ], [ -73.806818377999946, 40.596430241000064 ], [ -73.80443037699996, 40.595069240000043 ], [ -73.802697375999969, 40.592793240000049 ], [ -73.803144375999977, 40.590666239000029 ], [ -73.805331376999959, 40.590528239000037 ], [ -73.804017375999933, 40.586503239000081 ], [ -73.801474374999941, 40.585857239000063 ] ] ] ] } },
{ "type": "Feature", "properties": { "zcta5ce10": "11694", "zip_code": "11694", "collision_count": 2333 }, "geometry": { "type": "MultiPolygon", "coordinates": [ [ [ [ -73.862981394999963, 40.576223235000043 ], [ -73.852269390999936, 40.581828236000035 ], [ -73.848833389999982, 40.582453236000049 ], [ -73.845201388999953, 40.581817236000063 ], [ -73.83954138699994, 40.582029237000029 ], [ -73.828591383999935, 40.585039238000036 ], [ -73.828374383999972, 40.585861238000064 ], [ -73.819094380999957, 40.588147238000033 ], [ -73.820093380999936, 40.58698823800006 ], [ -73.81770137999996, 40.583211238000047 ], [ -73.815507379999985, 40.58251623700005 ], [ -73.829885383999965, 40.578567236000026 ], [ -73.834169384999939, 40.577634236000051 ], [ -73.84539738899997, 40.573709235000081 ], [ -73.86266739399997, 40.566516233000073 ], [ -73.865595394999957, 40.566939233000028 ], [ -73.864686394999978, 40.56930923300007 ], [ -73.866686395999977, 40.573198234000074 ], [ -73.863202393999984, 40.574135234000039 ], [ -73.862981394999963, 40.576223235000043 ] ] ] ] } },
{ "type": "Feature", "properties": { "zcta5ce10": "11697", "zip_code": "11697", "collision_count": 190 }, "geometry": { "type": "MultiPolygon", "coordinates": [ [ [ [ -73.862981394999963, 40.576223235000043 ], [ -73.863202393999984, 40.574135234000039 ], [ -73.866686395999977, 40.573198234000074 ], [ -73.864686394999978, 40.56930923300007 ], [ -73.865595394999957, 40.566939233000028 ], [ -73.865303394999955, 40.566377233000026 ], [ -73.879410398999937, 40.561517231000039 ], [ -73.89172640299995, 40.558127230000025 ], [ -73.900032404999934, 40.556428229000062 ], [ -73.903501405999975, 40.55675222900004 ], [ -73.912500408999961, 40.555431229000078 ], [ -73.928242413999953, 40.551226227000029 ], [ -73.936330415999976, 40.549659227000063 ], [ -73.937661416999958, 40.55328122700007 ], [ -73.937566416999971, 40.556686228000046 ], [ -73.935388416999956, 40.559283229000073 ], [ -73.926090413999987, 40.561023229000057 ], [ -73.924216412999954, 40.561962230000063 ], [ -73.920087411999987, 40.561843230000079 ], [ -73.917682410999987, 40.562441230000047 ], [ -73.912051409999947, 40.56507423100004 ], [ -73.908014407999985, 40.563533231000065 ], [ -73.904784406999966, 40.563182231000042 ], [ -73.901684405999958, 40.563906231000033 ], [ -73.900612405999937, 40.563262231000067 ], [ -73.896143403999986, 40.565392231000033 ], [ -73.895316403999971, 40.567079232000026 ], [ -73.89218740299998, 40.568736232000049 ], [ -73.88891240199996, 40.567934232000027 ], [ -73.884874400999934, 40.568657232000078 ], [ -73.878860398999961, 40.568606233000025 ], [ -73.867357395999989, 40.574313234000044 ], [ -73.862981394999963, 40.576223235000043 ] ] ] ] } },
{ "type": "Feature", "properties": { "zcta5ce10": "11691", "zip_code": "11691", "collision_count": 8484 }, "geometry": { "type": "MultiPolygon", "coordinates": [ [ [ [ -73.76345536499997, 40.61369824500008 ], [ -73.760022363999951, 40.611357245000079 ], [ -73.755198361999987, 40.610602245000052 ], [ -73.755174361999934, 40.609992245000058 ], [ -73.74799435999995, 40.612318246000029 ], [ -73.745634358999951, 40.611764246000064 ], [ -73.743356357999971, 40.607507245000079 ], [ -73.73922635699995, 40.604150244000039 ], [ -73.737998355999935, 40.601609244000031 ], [ -73.738151355999946, 40.594547243000079 ], [ -73.740174355999955, 40.595057243000042 ], [ -73.74372935699995, 40.594629242000053 ], [ -73.745431357999962, 40.595094242000073 ], [ -73.748115358999939, 40.593419242000039 ], [ -73.753560359999938, 40.590911241000072 ], [ -73.770198365999988, 40.590921241000046 ], [ -73.770232365999959, 40.593983241000046 ], [ -73.774453366999978, 40.59295024100004 ], [ -73.779481368999939, 40.592640241000026 ], [ -73.779504368999937, 40.591103240000052 ], [ -73.781426368999973, 40.590779240000074 ], [ -73.781633368999962, 40.592232241000033 ], [ -73.783376369999985, 40.592730241000027 ], [ -73.784546370999976, 40.595084241000052 ], [ -73.784797370999968, 40.597712242000057 ], [ -73.789472371999977, 40.597619241000075 ], [ -73.783692370999972, 40.604003243000079 ], [ -73.784652370999936, 40.605213243000037 ], [ -73.781605369999966, 40.607509244000028 ], [ -73.780744369999979, 40.609665244000041 ], [ -73.77848636899995, 40.610242244000062 ], [ -73.774905367999963, 40.610035244000073 ], [ -73.773163367999985, 40.607207244000051 ], [ -73.774486367999941, 40.605816243000049 ], [ -73.775820367999984, 40.602531243000044 ], [ -73.778234368999961, 40.600498242000072 ], [ -73.781791369999951, 40.599195242000064 ], [ -73.780423368999948, 40.597773242000073 ], [ -73.778318368999976, 40.59839024200005 ], [ -73.775931367999988, 40.601691243000062 ], [ -73.772449366999979, 40.597804242000052 ], [ -73.769932365999978, 40.598883242000056 ], [ -73.770691366999984, 40.604851243000041 ], [ -73.769123365999974, 40.60940624400007 ], [ -73.773333367999953, 40.611335245000078 ], [ -73.772919367999975, 40.613994245000072 ], [ -73.767022365999935, 40.614226245000054 ], [ -73.76345536499997, 40.61369824500008 ] ] ] ] } },
{ "type": "Feature", "properties": { "zcta5ce10": "11692", "zip_code": "11692", "collision_count": 2161 }, "geometry": { "type": "MultiPolygon", "coordinates": [ [ [ [ -73.770198365999988, 40.590921241000046 ], [ -73.774660366999967, 40.590804241000058 ], [ -73.787186370999962, 40.588428240000042 ], [ -73.788772370999936, 40.587734239000042 ], [ -73.801474374999941, 40.585857239000063 ], [ -73.804017375999933, 40.586503239000081 ], [ -73.805331376999959, 40.590528239000037 ], [ -73.803144375999977, 40.590666239000029 ], [ -73.802697375999969, 40.592793240000049 ], [ -73.801152375999948, 40.593285240000057 ], [ -73.802630375999968, 40.595268240000053 ], [ -73.804548376999946, 40.595878240000047 ], [ -73.804910376999942, 40.598451241000078 ], [ -73.803701376999982, 40.599775241000032 ], [ -73.798787374999961, 40.599227241000051 ], [ -73.796780374999969, 40.599656241000048 ], [ -73.793653373999973, 40.602631242000029 ], [ -73.789059372999986, 40.605629243000067 ], [ -73.78608737199994, 40.603289243000063 ], [ -73.790173372999959, 40.59959824200007 ], [ -73.791269372999977, 40.595367241000076 ], [ -73.789560371999983, 40.594963241000073 ], [ -73.789472371999977, 40.597619241000075 ], [ -73.784797370999968, 40.597712242000057 ], [ -73.784546370999976, 40.595084241000052 ], [ -73.783376369999985, 40.592730241000027 ], [ -73.781633368999962, 40.592232241000033 ], [ -73.781426368999973, 40.590779240000074 ], [ -73.779504368999937, 40.591103240000052 ], [ -73.779481368999939, 40.592640241000026 ], [ -73.774453366999978, 40.59295024100004 ], [ -73.770232365999959, 40.593983241000046 ], [ -73.770198365999988, 40.590921241000046 ] ] ] ] } },
{ "type": "Feature", "properties": { "zcta5ce10": "11415", "zip_code": "11415", "collision_count": 2761 }, "geometry": { "type": "MultiPolygon", "coordinates": [ [ [ [ -73.843017395999937, 40.709184261000075 ], [ -73.836021393999943, 40.711660262000066 ], [ -73.830628391999937, 40.714349263000031 ], [ -73.827126390999979, 40.712720263000051 ], [ -73.82430538999995, 40.713877263000029 ], [ -73.820503388999953, 40.710119262000035 ], [ -73.81838438799997, 40.706737262000047 ], [ -73.818460387999949, 40.705671262000067 ], [ -73.822021388999985, 40.705220261000079 ], [ -73.821541388999947, 40.703737261000072 ], [ -73.831522391999954, 40.701398260000076 ], [ -73.833022391999975, 40.702578260000053 ], [ -73.834983392999959, 40.707106261000035 ], [ -73.834109392999949, 40.709957262000046 ], [ -73.835902393999959, 40.711649262000037 ], [ -73.837115393999966, 40.71057826200007 ], [ -73.841616395999949, 40.708991261000051 ], [ -73.843017395999937, 40.709184261000075 ] ] ] ] } },
{ "type": "Feature", "properties": { "zcta5ce10": "11416", "zip_code": "11416", "collision_count": 4519 }, "geometry": { "type": "MultiPolygon", "coordinates": [ [ [ [ -73.835112391999985, 40.685096257000055 ], [ -73.854394397999954, 40.679668255000024 ], [ -73.862347399999976, 40.67917325500008 ], [ -73.863283400999933, 40.679081255000028 ], [ -73.864102400999968, 40.682381255000053 ], [ -73.866296401999989, 40.683197255000039 ], [ -73.844308394999985, 40.689450257000033 ], [ -73.837545392999971, 40.691372258000058 ], [ -73.835520391999978, 40.687255257000061 ], [ -73.835112391999985, 40.685096257000055 ] ] ] ] } },
{ "type": "Feature", "properties": { "zcta5ce10": "11417", "zip_code": "11417", "collision_count": 7459 }, "geometry": { "type": "MultiPolygon", "coordinates": [ [ [ [ -73.862347399999976, 40.67917325500008 ], [ -73.854394397999954, 40.679668255000024 ], [ -73.835112391999985, 40.685096257000055 ], [ -73.833791391999966, 40.683701257000052 ], [ -73.831747390999965, 40.67954525600004 ], [ -73.830941389999964, 40.678128256000036 ], [ -73.832079390999979, 40.675269255000046 ], [ -73.835897391999936, 40.675762255000052 ], [ -73.836982391999982, 40.67468625500004 ], [ -73.832907389999946, 40.666659253000034 ], [ -73.841766392999943, 40.668983254000068 ], [ -73.856488397999954, 40.673385254000038 ], [ -73.861319399999957, 40.675029254000037 ], [ -73.862347399999976, 40.67917325500008 ] ] ] ] } },
{ "type": "Feature", "properties": { "zcta5ce10": "11418", "zip_code": "11418", "collision_count": 7051 }, "geometry": { "type": "MultiPolygon", "coordinates": [ [ [ [ -73.81838438799997, 40.706737262000047 ], [ -73.813660385999981, 40.69714126000008 ], [ -73.819933387999981, 40.69561426000007 ], [ -73.821093387999952, 40.695833260000029 ], [ -73.837545392999971, 40.691372258000058 ], [ -73.844308394999985, 40.689450257000033 ], [ -73.847976396999968, 40.696861259000059 ], [ -73.852146398999935, 40.702383260000033 ], [ -73.854735399999981, 40.705253260000063 ], [ -73.854748399999949, 40.70683826100003 ], [ -73.849518397999987, 40.708400261000065 ], [ -73.845681396999964, 40.70848826100007 ], [ -73.843017395999937, 40.709184261000075 ], [ -73.841616395999949, 40.708991261000051 ], [ -73.837115393999966, 40.71057826200007 ], [ -73.835902393999959, 40.711649262000037 ], [ -73.834109392999949, 40.709957262000046 ], [ -73.834983392999959, 40.707106261000035 ], [ -73.833022391999975, 40.702578260000053 ], [ -73.831522391999954, 40.701398260000076 ], [ -73.821541388999947, 40.703737261000072 ], [ -73.822021388999985, 40.705220261000079 ], [ -73.818460387999949, 40.705671262000067 ], [ -73.81838438799997, 40.706737262000047 ] ] ] ] } },
{ "type": "Feature", "properties": { "zcta5ce10": "11419", "zip_code": "11419", "collision_count": 8966 }, "geometry": { "type": "MultiPolygon", "coordinates": [ [ [ [ -73.831747390999965, 40.67954525600004 ], [ -73.833791391999966, 40.683701257000052 ], [ -73.835112391999985, 40.685096257000055 ], [ -73.835520391999978, 40.687255257000061 ], [ -73.837545392999971, 40.691372258000058 ], [ -73.821093387999952, 40.695833260000029 ], [ -73.819933387999981, 40.69561426000007 ], [ -73.813660385999981, 40.69714126000008 ], [ -73.807859382999936, 40.687131258000079 ], [ -73.813938384999972, 40.684606258000031 ], [ -73.831747390999965, 40.67954525600004 ] ] ] ] } },
{ "type": "Feature", "properties": { "zcta5ce10": "11420", "zip_code": "11420", "collision_count": 11362 }, "geometry": { "type": "MultiPolygon", "coordinates": [ [ [ [ -73.807859382999936, 40.687131258000079 ], [ -73.805769382999983, 40.682940258000031 ], [ -73.80164438099996, 40.674355256000069 ], [ -73.801231379999933, 40.668528255000069 ], [ -73.801661379999985, 40.666764255000032 ], [ -73.810323382999968, 40.667088254000078 ], [ -73.811390382999946, 40.663740254000061 ], [ -73.814946383999938, 40.662767253000027 ], [ -73.828181388999951, 40.664087253000048 ], [ -73.832645389999982, 40.665192253000043 ], [ -73.832907389999946, 40.666659253000034 ], [ -73.836982391999982, 40.67468625500004 ], [ -73.835897391999936, 40.675762255000052 ], [ -73.832079390999979, 40.675269255000046 ], [ -73.830941389999964, 40.678128256000036 ], [ -73.831747390999965, 40.67954525600004 ], [ -73.813938384999972, 40.684606258000031 ], [ -73.807859382999936, 40.687131258000079 ] ] ] ] } },
{ "type": "Feature", "properties": { "zcta5ce10": "11421", "zip_code": "11421", "collision_count": 5787 }, "geometry": { "type": "MultiPolygon", "coordinates": [ [ [ [ -73.852146398999935, 40.702383260000033 ], [ -73.847976396999968, 40.696861259000059 ], [ -73.844308394999985, 40.689450257000033 ], [ -73.866296401999989, 40.683197255000039 ], [ -73.868918403999942, 40.695158258000049 ], [ -73.870803403999957, 40.697885258000042 ], [ -73.869315403999963, 40.699363259000052 ], [ -73.869157403999964, 40.702901259000043 ], [ -73.863255401999936, 40.70340026000008 ], [ -73.858288400999982, 40.702976260000071 ], [ -73.858704400999954, 40.701104259000033 ], [ -73.852146398999935, 40.702383260000033 ] ] ] ] } },
{ "type": "Feature", "properties": { "zcta5ce10": "11422", "zip_code": "11422", "collision_count": 8979 }, "geometry": { "type": "MultiPolygon", "coordinates": [ [ [ [ -73.732221358999936, 40.685129261000043 ], [ -73.725862356999983, 40.683231260000071 ], [ -73.726012356999945, 40.678086259000054 ], [ -73.728078356999958, 40.671570258000031 ], [ -73.728306356999951, 40.665925257000026 ], [ -73.727578355999981, 40.66386325700006 ], [ -73.728314356999988, 40.662357256000064 ], [ -73.726445355999942, 40.659170256000039 ], [ -73.724788354999987, 40.654009255000062 ], [ -73.72520435499996, 40.652327254000056 ], [ -73.731056356999943, 40.650239254000041 ], [ -73.735239357999944, 40.649686253000027 ], [ -73.739079358999959, 40.648121253000056 ], [ -73.741962359999945, 40.647981253000069 ], [ -73.741539359999933, 40.64624325300008 ], [ -73.742284359999985, 40.640129251000076 ], [ -73.740285358999984, 40.637183251000067 ], [ -73.740116358999956, 40.635519251000062 ], [ -73.741945358999942, 40.637914251000041 ], [ -73.744017359999987, 40.637706251000054 ], [ -73.745291359999953, 40.63413625000004 ], [ -73.746703360999959, 40.633395250000035 ], [ -73.747123360999979, 40.63698725100005 ], [ -73.746109360999981, 40.640632251000056 ], [ -73.748618361999945, 40.644217252000033 ], [ -73.753828363999958, 40.64727625200004 ], [ -73.753215363999971, 40.648286253000038 ], [ -73.746561360999976, 40.644828252000025 ], [ -73.746161361999953, 40.650772253000071 ], [ -73.749277362999976, 40.652563254000029 ], [ -73.74907336299998, 40.655149254000037 ], [ -73.747042361999945, 40.657520255000065 ], [ -73.74495736199998, 40.658178255000053 ], [ -73.742444360999968, 40.660877255000059 ], [ -73.738581359999955, 40.666384257000061 ], [ -73.741936360999944, 40.666853257000071 ], [ -73.74195236099996, 40.668503257000054 ], [ -73.738788360999934, 40.673561258000063 ], [ -73.737942359999977, 40.673253258000045 ], [ -73.734003358999985, 40.680434260000027 ], [ -73.732221358999936, 40.685129261000043 ] ] ] ] } },
{ "type": "Feature", "properties": { "zcta5ce10": "11423", "zip_code": "11423", "collision_count": 5934 }, "geometry": { "type": "MultiPolygon", "coordinates": [ [ [ [ -73.77723737599996, 40.722292266000068 ], [ -73.772744374999945, 40.725043267000046 ], [ -73.766311372999951, 40.726383267000074 ], [ -73.764797371999975, 40.72469226700008 ], [ -73.761532370999987, 40.723000267000032 ], [ -73.760301369999979, 40.720668267000065 ], [ -73.757643368999936, 40.717979266000043 ], [ -73.755580367999983, 40.714338265000038 ], [ -73.753709367999988, 40.713333265000074 ], [ -73.753357366999978, 40.710109265000028 ], [ -73.767345371999966, 40.706644264000033 ], [ -73.773836373999984, 40.705248263000044 ], [ -73.775466373999961, 40.705327263000072 ], [ -73.77470937399994, 40.707341263000046 ], [ -73.779976375999979, 40.707059263000076 ], [ -73.780360375999976, 40.708472263000033 ], [ -73.782626376999985, 40.712946264000038 ], [ -73.773572373999968, 40.715128265000033 ], [ -73.77723737599996, 40.722292266000068 ] ] ], [ [ [ -73.778039375999981, 40.723292266000044 ], [ -73.780800376999935, 40.728433267000071 ], [ -73.781162376999987, 40.729221267000071 ], [ -73.777576375999956, 40.73020126800003 ], [ -73.775235374999966, 40.725246267000045 ], [ -73.778039375999981, 40.723292266000044 ] ] ] ] } },
{ "type": "Feature", "properties": { "zcta5ce10": "11426", "zip_code": "11426", "collision_count": 3176 }, "geometry": { "type": "MultiPolygon", "coordinates": [ [ [ [ -73.729634360999967, 40.722461268000075 ], [ -73.732169361999979, 40.729163269000026 ], [ -73.731302361999951, 40.732677270000067 ], [ -73.726372359999971, 40.733500270000036 ], [ -73.727015359999939, 40.735590271000035 ], [ -73.726113359999943, 40.736390271000062 ], [ -73.727511360999983, 40.740696272000037 ], [ -73.732336362999945, 40.743584272000078 ], [ -73.729068361999964, 40.747399273000042 ], [ -73.726993360999984, 40.75112927400005 ], [ -73.722918359999937, 40.754106274000037 ], [ -73.721094359999938, 40.752047274000063 ], [ -73.714771356999961, 40.737908271000038 ], [ -73.713711355999976, 40.736183271000073 ], [ -73.710608354999977, 40.729461270000058 ], [ -73.710471354999981, 40.727181270000074 ], [ -73.71668535699996, 40.726383269000053 ], [ -73.726022358999955, 40.723879268000076 ], [ -73.729634360999967, 40.722461268000075 ] ] ] ] } },
{ "type": "Feature", "properties": { "zcta5ce10": "11427", "zip_code": "11427", "collision_count": 4190 }, "geometry": { "type": "MultiPolygon", "coordinates": [ [ [ [ -73.741115364999985, 40.737460270000042 ], [ -73.738019363999967, 40.74050327100008 ], [ -73.732336362999945, 40.743584272000078 ], [ -73.727511360999983, 40.740696272000037 ], [ -73.726113359999943, 40.736390271000062 ], [ -73.727015359999939, 40.735590271000035 ], [ -73.726372359999971, 40.733500270000036 ], [ -73.731302361999951, 40.732677270000067 ], [ -73.732169361999979, 40.729163269000026 ], [ -73.733633361999978, 40.728017269000077 ], [ -73.739312363999943, 40.728175269000076 ], [ -73.751815367999939, 40.720506267000076 ], [ -73.757643368999936, 40.717979266000043 ], [ -73.760301369999979, 40.720668267000065 ], [ -73.761532370999987, 40.723000267000032 ], [ -73.764797371999975, 40.72469226700008 ], [ -73.766311372999951, 40.726383267000074 ], [ -73.760123370999963, 40.725915268000051 ], [ -73.756567368999981, 40.726141268000049 ], [ -73.763491371999976, 40.730363268000076 ], [ -73.765559372999974, 40.732543269000075 ], [ -73.746542366999961, 40.735786270000062 ], [ -73.745948365999936, 40.734176270000034 ], [ -73.742963365999969, 40.735555270000077 ], [ -73.741115364999985, 40.737460270000042 ] ] ] ] } },
{ "type": "Feature", "properties": { "zcta5ce10": "11428", "zip_code": "11428", "collision_count": 3835 }, "geometry": { "type": "MultiPolygon", "coordinates": [ [ [ [ -73.732169361999979, 40.729163269000026 ], [ -73.729634360999967, 40.722461268000075 ], [ -73.729662359999963, 40.720491268000046 ], [ -73.732163360999948, 40.720057267000072 ], [ -73.735305361999963, 40.718506267000066 ], [ -73.735383361999936, 40.717714267000076 ], [ -73.753709367999988, 40.713333265000074 ], [ -73.755580367999983, 40.714338265000038 ], [ -73.757643368999936, 40.717979266000043 ], [ -73.751815367999939, 40.720506267000076 ], [ -73.739312363999943, 40.728175269000076 ], [ -73.733633361999978, 40.728017269000077 ], [ -73.732169361999979, 40.729163269000026 ] ] ] ] } },
{ "type": "Feature", "properties": { "zcta5ce10": "11429", "zip_code": "11429", "collision_count": 5321 }, "geometry": { "type": "MultiPolygon", "coordinates": [ [ [ [ -73.753357366999978, 40.710109265000028 ], [ -73.753709367999988, 40.713333265000074 ], [ -73.735383361999936, 40.717714267000076 ], [ -73.735305361999963, 40.718506267000066 ], [ -73.732163360999948, 40.720057267000072 ], [ -73.729662359999963, 40.720491268000046 ], [ -73.729177359999937, 40.719175267000026 ], [ -73.725987357999941, 40.706241265000074 ], [ -73.727765358999989, 40.705801265000048 ], [ -73.727708358999962, 40.701573264000046 ], [ -73.732393359999946, 40.701713264000034 ], [ -73.732355359999985, 40.70242726400005 ], [ -73.738197361999937, 40.702603264000061 ], [ -73.738234361999957, 40.701893264000034 ], [ -73.743092363999949, 40.702405264000049 ], [ -73.743308363999972, 40.702968264000049 ], [ -73.748644364999961, 40.701595263000058 ], [ -73.751213366999934, 40.707315264000044 ], [ -73.752123366999967, 40.707120264000025 ], [ -73.753357366999978, 40.710109265000028 ] ] ] ] } },
{ "type": "Feature", "properties": { "zcta5ce10": "11430", "zip_code": "11430", "collision_count": 348 }, "geometry": { "type": "MultiPolygon", "coordinates": [ [ [ [ -73.801661379999985, 40.666764255000032 ], [ -73.800872379999987, 40.66537625400008 ], [ -73.790100375999941, 40.664324254000064 ], [ -73.780738372999963, 40.662455254000065 ], [ -73.773831370999972, 40.659659254000076 ], [ -73.767354368999975, 40.656168254000079 ], [ -73.753215363999971, 40.648286253000038 ], [ -73.753828363999958, 40.64727625200004 ], [ -73.748618361999945, 40.644217252000033 ], [ -73.746109360999981, 40.640632251000056 ], [ -73.747123360999979, 40.63698725100005 ], [ -73.746703360999959, 40.633395250000035 ], [ -73.767024366999976, 40.625492248000057 ], [ -73.76695536699998, 40.62318024700005 ], [ -73.773553367999966, 40.619794246000026 ], [ -73.772246367999969, 40.624780247000047 ], [ -73.773234368999965, 40.625852247000068 ], [ -73.783881371999939, 40.630037248000065 ], [ -73.787169373999973, 40.631690248000041 ], [ -73.792143374999966, 40.635011249000058 ], [ -73.813029382999957, 40.64415125000005 ], [ -73.822341385999948, 40.649343250000072 ], [ -73.823212386999955, 40.655395252000062 ], [ -73.822386385999948, 40.659424252000065 ], [ -73.818580384999962, 40.660856253000077 ], [ -73.818872385999953, 40.662032253000064 ], [ -73.823096386999964, 40.660323252000069 ], [ -73.824676386999954, 40.655567252000026 ], [ -73.823859385999981, 40.649402250000037 ], [ -73.826411386999951, 40.648269250000055 ], [ -73.828494387999967, 40.657261252000069 ], [ -73.832645389999982, 40.665192253000043 ], [ -73.828181388999951, 40.664087253000048 ], [ -73.814946383999938, 40.662767253000027 ], [ -73.811390382999946, 40.663740254000061 ], [ -73.810323382999968, 40.667088254000078 ], [ -73.801661379999985, 40.666764255000032 ] ] ] ] } },
{ "type": "Feature", "properties": { "zcta5ce10": "11432", "zip_code": "11432", "collision_count": 12428 }, "geometry": { "type": "MultiPolygon", "coordinates": [ [ [ [ -73.780800376999935, 40.728433267000071 ], [ -73.778039375999981, 40.723292266000044 ], [ -73.77723737599996, 40.722292266000068 ], [ -73.773572373999968, 40.715128265000033 ], [ -73.782626376999985, 40.712946264000038 ], [ -73.780360375999976, 40.708472263000033 ], [ -73.786740377999934, 40.707900263000056 ], [ -73.789571378999938, 40.707230263000042 ], [ -73.791024378999964, 40.705787263000047 ], [ -73.79609138099994, 40.703302262000079 ], [ -73.798416380999981, 40.702749262000054 ], [ -73.802421382999967, 40.701794261000032 ], [ -73.804130382999972, 40.701468261000059 ], [ -73.809835385999975, 40.712820263000026 ], [ -73.810338385999955, 40.715751264000062 ], [ -73.807670384999938, 40.715514264000035 ], [ -73.808236384999987, 40.717246264000039 ], [ -73.811816386999965, 40.716890264000028 ], [ -73.811836386999971, 40.717881264000027 ], [ -73.808606385999951, 40.71842326400008 ], [ -73.809041385999933, 40.719920265000042 ], [ -73.78946037999998, 40.72650126700006 ], [ -73.788310379999984, 40.725964267000052 ], [ -73.786191378999945, 40.727572267000028 ], [ -73.780800376999935, 40.728433267000071 ] ] ] ] } },
{ "type": "Feature", "properties": { "zcta5ce10": "11433", "zip_code": "11433", "collision_count": 7895 }, "geometry": { "type": "MultiPolygon", "coordinates": [ [ [ [ -73.794372378999981, 40.68692125900003 ], [ -73.798278380999989, 40.691942260000076 ], [ -73.800937381999972, 40.694433260000039 ], [ -73.803963382999939, 40.701060261000066 ], [ -73.802421382999967, 40.701794261000032 ], [ -73.798416380999981, 40.702749262000054 ], [ -73.79572337999997, 40.699023261000036 ], [ -73.793578379999985, 40.699764261000041 ], [ -73.79609138099994, 40.703302262000079 ], [ -73.791024378999964, 40.705787263000047 ], [ -73.789571378999938, 40.707230263000042 ], [ -73.786740377999934, 40.707900263000056 ], [ -73.780360375999976, 40.708472263000033 ], [ -73.779976375999979, 40.707059263000076 ], [ -73.77470937399994, 40.707341263000046 ], [ -73.775466373999961, 40.705327263000072 ], [ -73.775270373999945, 40.704127263000032 ], [ -73.772122372999945, 40.698707262000028 ], [ -73.769896371999948, 40.696367261000034 ], [ -73.775800373999971, 40.693045261000066 ], [ -73.777837373999944, 40.694329261000064 ], [ -73.781688374999987, 40.69232326000008 ], [ -73.780783374999942, 40.691038260000028 ], [ -73.787006376999955, 40.688576259000058 ], [ -73.790386377999937, 40.687762259000067 ], [ -73.790864377999981, 40.688415259000067 ], [ -73.794372378999981, 40.68692125900003 ] ] ] ] } },
{ "type": "Feature", "properties": { "zcta5ce10": "11434", "zip_code": "11434", "collision_count": 17291 }, "geometry": { "type": "MultiPolygon", "coordinates": [ [ [ [ -73.801661379999985, 40.666764255000032 ], [ -73.793063377999943, 40.667095255000049 ], [ -73.789411375999975, 40.666849255000045 ], [ -73.788086375999967, 40.673018256000034 ], [ -73.790298376999942, 40.673371256000053 ], [ -73.789891376999947, 40.67521025700006 ], [ -73.791571377999958, 40.675756257000046 ], [ -73.791129377999937, 40.677781257000049 ], [ -73.792672377999963, 40.68262525800003 ], [ -73.79457937899997, 40.686115259000076 ], [ -73.794372378999981, 40.68692125900003 ], [ -73.790864377999981, 40.688415259000067 ], [ -73.790386377999937, 40.687762259000067 ], [ -73.787006376999955, 40.688576259000058 ], [ -73.780783374999942, 40.691038260000028 ], [ -73.781688374999987, 40.69232326000008 ], [ -73.777837373999944, 40.694329261000064 ], [ -73.775800373999971, 40.693045261000066 ], [ -73.769896371999948, 40.696367261000034 ], [ -73.769295371999988, 40.696658261000039 ], [ -73.765215369999964, 40.692797261000067 ], [ -73.766201369999976, 40.692191261000062 ], [ -73.762009368999941, 40.684559259000025 ], [ -73.758048366999958, 40.679229258000078 ], [ -73.759826367999949, 40.678978258000029 ], [ -73.757971366999982, 40.676105258000064 ], [ -73.762487367999938, 40.674203257000045 ], [ -73.764048368999966, 40.672855257000037 ], [ -73.762616367999954, 40.670811257000025 ], [ -73.763533367999969, 40.666295256000069 ], [ -73.766160368999977, 40.66009325400006 ], [ -73.767965368999967, 40.660356254000078 ], [ -73.76767136899997, 40.658426254000062 ], [ -73.766124367999964, 40.65856225400006 ], [ -73.76582536799998, 40.656312254000056 ], [ -73.767354368999975, 40.656168254000079 ], [ -73.773831370999972, 40.659659254000076 ], [ -73.780738372999963, 40.662455254000065 ], [ -73.790100375999941, 40.664324254000064 ], [ -73.800872379999987, 40.66537625400008 ], [ -73.801661379999985, 40.666764255000032 ] ] ] ] } },
{ "type": "Feature", "properties": { "zcta5ce10": "11435", "zip_code": "11435", "collision_count": 10652 }, "geometry": { "type": "MultiPolygon", "coordinates": [ [ [ [ -73.82430538999995, 40.713877263000029 ], [ -73.825957390999974, 40.71603026300005 ], [ -73.825794390999988, 40.716154263000078 ], [ -73.819306388999962, 40.717144264000069 ], [ -73.812119386999939, 40.719070264000038 ], [ -73.811836386999971, 40.717881264000027 ], [ -73.811816386999965, 40.716890264000028 ], [ -73.808236384999987, 40.717246264000039 ], [ -73.807670384999938, 40.715514264000035 ], [ -73.810338385999955, 40.715751264000062 ], [ -73.809835385999975, 40.712820263000026 ], [ -73.804130382999972, 40.701468261000059 ], [ -73.802421382999967, 40.701794261000032 ], [ -73.803963382999939, 40.701060261000066 ], [ -73.800937381999972, 40.694433260000039 ], [ -73.798278380999989, 40.691942260000076 ], [ -73.794372378999981, 40.68692125900003 ], [ -73.79457937899997, 40.686115259000076 ], [ -73.805769382999983, 40.682940258000031 ], [ -73.807859382999936, 40.687131258000079 ], [ -73.813660385999981, 40.69714126000008 ], [ -73.81838438799997, 40.706737262000047 ], [ -73.820503388999953, 40.710119262000035 ], [ -73.82430538999995, 40.713877263000029 ] ] ] ] } },
{ "type": "Feature", "properties": { "zcta5ce10": "11436", "zip_code": "11436", "collision_count": 3762 }, "geometry": { "type": "MultiPolygon", "coordinates": [ [ [ [ -73.79457937899997, 40.686115259000076 ], [ -73.792672377999963, 40.68262525800003 ], [ -73.791129377999937, 40.677781257000049 ], [ -73.791571377999958, 40.675756257000046 ], [ -73.789891376999947, 40.67521025700006 ], [ -73.790298376999942, 40.673371256000053 ], [ -73.788086375999967, 40.673018256000034 ], [ -73.789411375999975, 40.666849255000045 ], [ -73.793063377999943, 40.667095255000049 ], [ -73.801661379999985, 40.666764255000032 ], [ -73.801231379999933, 40.668528255000069 ], [ -73.80164438099996, 40.674355256000069 ], [ -73.805769382999983, 40.682940258000031 ], [ -73.79457937899997, 40.686115259000076 ] ] ] ] } },
{ "type": "Feature", "properties": { "zcta5ce10": "10803", "zip_code": "10803", "collision_count": 2 }, "geometry": { "type": "MultiPolygon", "coordinates": [ [ [ [ -73.79819439299996, 40.895076299000038 ], [ -73.794745391999982, 40.891576299000064 ], [ -73.793231390999949, 40.893030299000031 ], [ -73.791933390999986, 40.890712299000029 ], [ -73.793138390999957, 40.88986329800008 ], [ -73.788298388999976, 40.885096298000065 ], [ -73.789768389999949, 40.883303297000054 ], [ -73.792223389999947, 40.884419297000079 ], [ -73.792943390999937, 40.883419297000046 ], [ -73.804790394999941, 40.886513297000079 ], [ -73.815166397999974, 40.889007298000081 ], [ -73.819720399999937, 40.890214298000046 ], [ -73.823245400999951, 40.89120729800004 ], [ -73.820862399999953, 40.895307299000081 ], [ -73.818334399999969, 40.896602299000051 ], [ -73.817422398999952, 40.900359300000048 ], [ -73.815168398999958, 40.902616300000034 ], [ -73.813744398999972, 40.905975301000069 ], [ -73.814540398999952, 40.910185302000059 ], [ -73.813671398999986, 40.911088302000053 ], [ -73.813363398999968, 40.914385303000074 ], [ -73.811975398999948, 40.914838303000067 ], [ -73.811226398999963, 40.918739303000052 ], [ -73.809365397999954, 40.922104304000072 ], [ -73.809291397999971, 40.923986305000028 ], [ -73.807419397999979, 40.92571530500004 ], [ -73.805024396999954, 40.926140305000047 ], [ -73.801581394999971, 40.910041302000025 ], [ -73.79819439299996, 40.895076299000038 ] ] ] ] } }
]
}
